date,nom,prise_de_parole
1907-06-28,Augé,"Communication, par M. le ministre de laeuPMdu compte rendu sur le recrutementdel'arméepour l'année 1905."
1907-06-28,Aldy,"demande d'inerpellation'Lalrei de M. Aldy, sur les mesures de réMidi-employées dans les événements duMidiLa"
1907-06-28,Augé,sur la politique du Gouvernement dans les événements du Midi.
1907-06-28,Dedouee,interpellation sur l'attitude du Gouvernement
1907-06-28,Paul-Meunier,sur l'attitude du Gouvernement
1907-06-28,Gauthier (de Clagny),demande de priorité enfaveurde leurs ordres du jour.
1907-06-28,Allard et plusieurs de ses collègues,démarche : M. Allard
1907-06-28,Lagasse,"Rejet, au scrutin, de la priorité en faveur de l'ordre du jour de M. Lagasse."
1907-06-28,"Beauquier, Villcjean, Gaston Menier ef Modeste Leroy","Ordre du jour de MM. Beauquier, Villcjean, Gaston Menier ef Modeste Leroy : MM. Lasies, le ministre de la guerre."
1907-06-28,Thierry-Caze,"Adoption, au scrutin."
1907-06-28,Paul-Meunier,"demande d'enquête de M. Paul-Meunier: MM. le président du conseil, ministre de l'intérieur; Jaurès."
1907-06-28,Janet,"Dépôt, par M. Janet, d'un rapport supplémentaire fait au nom de la commission des mines sur la proposition de loi de M. Basly tendant à limiter à huit heures au maximum la durée du travail dans les mines."
1907-06-28,Léon Mougeot,"d'un rapport supplémentaire fait au nom de la commission du budget sur le projet de loi con- cernant : 1° l'ouverture et l'annulation de crédits sur l'exercice 1906, au titré du budget général; 2° l'ouverture et l'annulation de crédits sur l'exercice 1907, au titre du budget général : 3° l'ouverture de crédits sur les exercices 1906 et 1907, au titre des budgets annexes."
1907-06-28,Maurice Viollette,"d'un rapport fait au nom de la commission de la réforme judiciaire et de la législation civile et criminelle sur la proposition de loi, adoptée par la Chambre des députés, adoptée avec modifications par le Sénat, relative au libre salaire de la femme mariée et à la contribution des époux aux charges du ménage."
1907-06-28,VIOLETTE,"Dépôt, par M. Maurice Viollette, d'un rapport fait au nom de la commission de la réforme judiciaire et de la législation civile et criminelle sur la proposition de loi, adoptée par la Chambre des députés, adoptée avec modifications par le Sénat, relative au libre salaire de la femme mariée et à la contribution des époux aux charges du ménage."
1907-06-28,LAROCHE,"Dépôt, par M. Hippolyte Laroche, d'une proposition de loi sur la publicité des séances des conseils d'arrondissement."
1907-06-28,FERRETTE,"Dépôt, par M. Ferrette, d'une proposition de loi ayant pour but d'exempter des contributions directes les vignes laissées en friche."
1907-06-28,DESPLAS,"Dépôt, par M. Desplas, d'une proposition de loi tendant à modifier l'article 419 du code pénal, de façon à permettre la constitution de cartels destinés à éviter les conséquences de la surproduction."
1907-06-28,DESPLAS,"Dépôt, par M. Desplas, d'une proposition de loi tendant à permettre une expérimentation générale de l'impôt sur le revenu dans la France entière."
1907-06-28,CARNOT,M. François Carnot s'excuse de ne pouvoir assister à la séance de ce jour.
1907-06-28,LA BATUT,"M. de La Batut s'excuse de ne pouvoir, pendant quelques jours, assister aux séances de la Chambre."
1907-06-28,MAHIUEU ET SUCHETET,MM. Mahieu et Suchetet s'excusent de ne pouvoir assister à la séance de ce jour et demandent des congés.
1907-06-28,PRESIDENCE DE M. HENRI BRISSON,La séance est ouverte à déux heures.
1907-06-28,VILLAULT-DUCHESNOIS,"M. Villault-Duchesnois, l'un des secrétaires, donne lecture du procès-verbal de la séance d'hier."
1907-06-28,PRESIDENCE DE M. HENRI BRISSON,Le procès-verbal est adopté.
1907-06-28,PRESIDENCE DE M. HENRI BRISSON,1. — EXCUSES ET DEMANDES DE CONGÉ M. le président. M. François Carnot s'excuse de ne pouvoir assister à la séance de ce jour.
1907-06-28,PRESIDENCE DE M. HENRI BRISSON,"M. de La Batut s'excuse de ne pouvoir, pendant quelques jours, assister aux séances de la Chambre."
1907-06-28,PRESIDENCE DE M. HENRI BRISSON,MM. Mahieu et Suchetet s'excusent de ne pouvoir assister à la séance de ce jour et demandent des congés.
1907-06-28,PRESIDENCE DE M. HENRI BRISSON,Les demandes seront renvoyées à la commission des congés.
1907-06-28,PRESIDENCE DE M. HENRI BRISSON,2. - COMMUNICATION DU COMPTE RENDU SUR LE RECRUTEMENT DE L'ARMÉE POUR 1906.
1907-06-28,PRESIDENCE DE M. HENRI BRISSON,M.le président. La parole est à M. le ministre' de la guerre.
1907-06-28,"LE GENERAL PICQUART, MINISTRE DE LA GUERRE",J'ai l'honneur de déposer sur le bureau de la Chambre le compte rendu sur le recrutement de l'armée pour 1906.
1907-06-28,PRESIDENCE DE M. HENRI BRISSON,M. le président. Acte est donné de cette communication qui sera imprimée et dis- tribuée.
1907-06-28,PRESIDENCE DE M. HENRI BRISSON,3. — DEMANDES D'INTERPELLATION M. le président. J'ai reçu de M. Aldy une demande d'interpellation sur les mesures de répression employées dans les événements du Midi.
1907-06-28,PRESIDENCE DE M. HENRI BRISSON,L'honorable auteur demande la jonction de cette interpellation à celles qui sont inscrites à l'ordre du jour.
1907-06-28,PRESIDENCE DE M. HENRI BRISSON,Le Gouvernement ne fait pas obstacleàla jonction.
1907-06-28,PRESIDENCE DE M. HENRI BRISSON,Il n'y a pas d'opposition ?.
1907-06-28,PRESIDENCE DE M. HENRI BRISSON,La jonction est ordonnée.
1907-06-28,PRESIDENCE DE M. HENRI BRISSON,J'ai reçu de M. Augé une demande d'interpellation sur la politique du Gouvernement dans les événements du Midi.
1907-06-28,PRESIDENCE DE M. HENRI BRISSON,L'honorable auteur demande également la jonction de son interpellation à celles déjà inscrites.
1907-06-28,PRESIDENCE DE M. HENRI BRISSON,* Il n'y a pas d'opposition ?.
1907-06-28,PRESIDENCE DE M. HENRI BRISSON,La jonction est ordonnée.
1907-06-28,PRESIDENCE DE M. HENRI BRISSON,4. — ADOPTION D'UN PROJET DE LOI PORTANT ORGANISATION DU CORPS DE SANTÉ DE LA. MARINE
1907-06-28,"ROBLIN, RAPPORTEUR","La commission, d'accord avec le Gouvernement, demande la déclaration d'urgence."
1907-06-28,PRESIDENCE DE M. HENRI BRISSON,Personne ne demande la parole?
1907-06-28,PRESIDENCE DE M. HENRI BRISSON,Je mets aux voix la déclaration d'urgence.
1907-06-28,PRESIDENCE DE M. HENRI BRISSON,"(L'urgence, mise aux voix, est déclarée.)"
1907-06-28,PRESIDENCE DE M. HENRI BRISSON,Personne ne demande la parole pour la discussion générale?
1907-06-28,PRESIDENCE DE M. HENRI BRISSON,Je consulte la Chambre sur la question de savoir si elle entend passer à la discussion des articles.
1907-06-28,PRESIDENCE DE M. HENRI BRISSON,"(La Chambre, consultée, décide de passer à la discussion des articles.)"
1907-06-28,Médecin et pharmacien principal,ancien grade de capitaine de corvette ou chef de bataillon.
1907-06-28,"Médecin et pharmacien de 1"" classe",lieutenant de vaisseau ou capitaine.
1907-06-28,Médecin et pharmacien de 2e classe,enseigne de vaisseau ou lieutenant.
1907-06-28,Médecin et pharmacien de 3e classe,aspirant de ire classe ou sous-lieutenant.
1907-06-28,Art. 4,"Il ne pourra, dans aucun cas, être accordé de grades honoraires ni être fait, en temps de paix, de nominations en dehors du cadre."
1907-06-28,Art. 5,Les nominations et promotions Éans le corps de santé de la marine sont laites par décret.
1907-06-28,Elles,sont immédiatement rendues publiques et effectives par voie d'insertion au Journal officiel.
1907-06-28,Art. 6,L'emploi est distinct du grade.
1907-06-28,Art. 7,Les rangs et préséances des officiers du corps de santé de la marine relativement aux corps d'officiers de la marine et de l'armée de terre sont déterminés par décret.
1907-06-28,Art. 8,Les officiers du corps de santé reçoivent les pensions de retraite prévues par les lois en vigueur pour les officiers de marine du grade correspondant.
1907-06-28,Il,"est compté pour la retraite quatre années de services, à titre d'études préliminaires, aux officiers admis avec les diplômes universitaires dans le corps de santé de la marine, à compter de la mise en vigueur du décret du 24 juin 1886."
1907-06-28,Art. 9,"Peuvent être admis d'office à la retraite avant l'âge déterminé à l'article 9 les officiers du corps de santé de la marine qui, ayant acquis des droits à une pension, ne seraient plus en état de remplir les fonctions qui peuvent leur être dévolues."
1907-06-28,Si,"la mise à la retraite d'office est motivée par l'état de santé de l'officier, la constatation en est faite dans les formes prescrites par un décret."
1907-06-28,Art. 11,Nul officier du corps de santé de la marine admis à la retraite ne peut être replacé dans le cadre de l'activité.
1907-06-28,Art. 12,"Les médecins généraux du service de santé forment un cadre qui se divise en deux sections : la lre section comprend l'activité ; la 2e section comprend la réserve, c'est-à-dire les officiers généraux qui cessent de faire partie de la lre section par application de l'article 15 ci-après."
1907-06-28,Art. 13,"En temps de paix, les emplois d'activité dévolus aux officiers généraux du corps de santé de la marine sont exclusivement conférés aux officiers généraux faisant partie de la lre section."
1907-06-28,Art. 14,"Le médecin général detreclasse à l'âge de 65 ans accomplis , les médecins généraux de 2e classe à l'âge de 62 ans accomplis, cessent d'appartenir à la lre section pour passer dans la 28 section."
1907-06-28,Art. 15,Les officiers généraux du corps de santé de la marine ne sont admis à la f retraite que sur leur demande.
1907-06-28,Ils,ne peu-j vent être mis à la retraite d'office qu'après l'accomplissement des formalités prescrites par la loi pour la mise en réforme.
1907-06-28,Art. 16,Le corps de santé de la marine se recrute parmi les élèves du service de santé de la marine.
1907-06-28,Art. 17,"Les élèves du service de santé de la marine, dont le grade correspond à celui d'aspirant de 2e classe, ne jouissent pas du bénéfice de la loi du 19 mai 1834 sur l'état des officiers."
1907-06-28,Ministre de la marine,"Les élèves du service de santé de la marine, dont le grade correspond à celui d'aspirant de 2e classe, ne jouissent pas du bénéfice de la loi du 19 mai 1834 sur l'état des officiers. Ils sont nommés par le ministre de la marine à la suite d'un concours dont latforme et le programme sont fixés par un règlement ministériel. Des écoles annexes de médecine navale sont organisées dans les ports pour faciliter aux candidats la préparation à ce concours. Les conditions d'âge et d'aptitude requises pour être admis à subir les épreuves de ce concours — auquel peuvent se présenter aussi bien les élèves desdites écoles annexes que les étudiants en médecine et en pharmacie provenant des facultés de médecine ou des écoles de médecine de plein exercice ou des écoles préparatoires de médecine — sont déterminées par un arrêté ministériel. Le nombre destadminissions est annuellement fixé par letministre de la marine selon les besoins du service."
1907-06-28,Ministre de la marine,"Les élèves du service de santé de la marine, dont le grade correspond à celui d'aspirant de 2e classe, ne jouissent pas du bénéfice de la loi du 19 mai 1834 sur l'état des officiers. Ils sont nommés par le ministre de la marine à la suite d'un concours dont latforme et le programme sont fixés par un règlement ministériel. Des écoles annexes de médecine navale sont organisées dans les ports pour faciliter aux candidats la préparation à ce concours. Les conditions d'âge et d'aptitude requises pour être admis à subir les épreuves de ce concours — auquel peuvent se présenter aussi bien les élèves desdites écoles annexes que les étudiants en médecine et en pharmacie provenant des facultés de médecine ou des écoles de médecine de plein exercice ou des écoles préparatoires de médecine — sont déterminées par un arrêté ministériel. Le nombre destadminissions est annuellement fixé par letministre de la marine selon les besoins du service."
1907-06-28,Ministre de la marine,Nul ne peut être nommé au grade de médecin ou de pharmacien de 3e classe s'il n'a satisfait aux examens de sortie de l'école principale du service de santé de la marine et s il n'a obtenu le diplôme de docteur en médecine ou le diplôme de pharmacien universitaire de 1re classe.
1907-06-28,Ministre de la marine,Nul ne peut être promu au grade de médecin ou de pharmacien de 2° classe s'il n'a satisfait aux examens de sortie de l'école d'application.
1907-06-28,Ministre de la marine,"Le rang d'ancienneté est, lors de l'anomination, déterminé par le numéro de classement de sortie de l'école d'application. — (Adopté.)"
1907-06-28,Ministre de la marine,"Les nominations au grade de médecin ou de pharmacien de lre classe ont lieu trois quarts à l'ancienneté, un quart an choix."
1907-06-28,Ministre de la marine,"Nul ne peut être promu au grade de médecin de lre classe s'il ne réunit trois années de service dans le grade de médecin de 2e classe et s'il n'a accompli dans ce grade soit une année d'embarquement, soi une année de service à terre dans un poste où le temps de service compte comme campagne."
1907-06-28,Ministre de la marine,Nul ne peut être promu au grade de pharmacien de lre classe s'il ne compte au moins trois années de service dans le grade de pharmacien de 2e classe.
1907-06-28,Ministre de la marine,"Les nominations au grade de médecin principal ou de pharmacien principal ont lieu moitié à l'ancienneté, un choix."
1907-06-28,Ministre de la marine,"Nul ne peut être promu au grade de médecin principal s'il ne réunit trois années de grade de médecin delr*classe et s'il n'a accompli dans ce grade soit deux années rembarquement,soit deux années de service a terre dans un poste où le temps de service compte comme campagne."
1907-06-28,Ministre de la marine,Nul ne peut être promu au grade de pharmacien principal s'il ne compte aumoinstrois années de services dans le grade de pharmacien de lre classe.
1907-06-28,Ministre de la marine,Les nominations au grade demédecinen chef de 2e classe ou de pharmaClenenchef de 2e classe ont lieu au choix.
1907-06-28,Ministre de la marine,"Nul ne peut être promu au grade de Médecinen chef de 2e classe s'il ne réunittroisannées de grade de médecin principal et s'il n'a accompli dans ce grade soit une année d'embarquement, soit une année deserviceà terre dans un poste où le temps de service compte comme campagne."
1907-06-28,Ministre de la marine,Nul ne peut être nommé au grade de Pharmacienenchefde2eclasse s'il ne compte au moins trois années de services dans le grade de pharmacien principal.
1907-06-28,Ministre de la marine,Les nominations au grade demédecinen chef de lre classe et de pharmaCIen en chef~*~classe ont lieu auchoix.
1907-06-28,Ministre de la marine,Nul ne peut être promu au grade demédecinenchef de 1
1907-06-28,Ministre de la marine,classe ou de pharmaCIen en chef~*~classe s'il ne réunit aumoinstrois années de services dans legradedemédecin en chef de 2e classe ou depharmacienen chef de 2e classe.
1907-06-28,Ministre de la marine,Les nominations au grade de choixgénéral de 2e classe ont lieu auchoix.
1907-06-28,Ministre de la marine,"Nul ne peut être promu au grade delngénéral de 2e classe s'il ne réunit,aumoinstrois années de services dans legradedemédecin en chef de lre classe."
1907-06-28,Ministre de la marine,Le grade de médecin généralde1 classe est conféré au choix.
1907-06-28,Ministre de la marine,Lemédecin général de 2e classe qui estl'objetde ce choix doit réunir au moinstroisannées de service dans son grade.
1907-06-28,Ministre de la marine,Le rang d'anciengeté desofficiersdu corps de santé est déterminéParla date de leur nomination.
1907-06-28,Ministre de la marine,Les officiers promus le même jour SEUnmême grade sont classés d'après le rangquileur était assigné par la liste d'ancienneté dans le grade immédiatement inférieur.
1907-06-28,Ministre de la marine,Toutes les dispositions qui régissentl'avancement à l'ancienneté sont obligatoiresen temps de guerre comme entempsde paix.
1907-06-28,Ministre de la marine,Le temps de service exigé pour passerauchoix d'un grade à un autre peut êtreréduitde moitié pendant les campagnes deguerre.
1907-06-28,Ministre de la marine,"Il ne peut être dérogé aux règles énoncées au présent article que pour actionsd'éclatdÜmentjustifiéeset constatées parledécretde promotion, lequel sera insérésansdélai au Journal officiel."
1907-06-28,Président,"atées parledécretde promotion, lequel sera insérésansdélai au Journal officiel. » - (Adopté.)"
1907-06-28,Président,"TITRE IVOFFICIERSDU CtRPS DE SANTÉ DE RÉSERVE«Art. 28. — Les officiers, appelés conj.ointementavec les officiers du corps desantédu cadre d'activité à assurer les besoins du service en cas de mobilisationtotaleou partielle, sont dénommés officiersducorps de santé de réserve."
1907-06-28,Président,"MIls sont choisis :«IlParmilesofficiers généraux du corpsdesantéde la 2e section ;«20 D'office, parmi les officiers du corps de santé retraités depuis moins de cinq ans, par application de la loi du 5 août 1879; « 3° Sur leur demande, parmi : les officiers du corps de santé de la marine démissionnaires encore astreints aux obligations du service militaire, soit dans l'armée active, soit dans l'armée territoriale ; les officiers du corps de santé de la marine démissionnaires qui ne sont plus astreints aux obligations du service militaire, et les officiers du même corps retraités depuis plus de cinq ans. » — (Adopté.)"
1907-06-28,Président,"« Art. 29. — Les officiers du corps de santé de réserve appelés au service reçoivent, pendant tout le temps qu'ils y sont maintenus, la solde et les accessoires de solde alloués aux officiers du corps de santé du même grade du cadre d'activité ; ils sont soumis pendant le même temps aux lois et règlements touchant la discipline militaire.» — (Adopté.)"
1907-06-28,Président,"« Art. 30. — Les officiers du corps de santé de réserve qui se sont distingués, soit au cours d'une campagne de guerre, soit au cours d'une période de service à terre ou à la mer à bord des bâtiments de l'Etat, peuvent obtenir des distinctions et récompenses honorifiques."
1907-06-28,Président,"Ils jouissent, dans ce cas, des avantages attachés à ces distinctions et récompenses dans les mêmes conditions que les officiers du cadre d'activité.H— (Adopté.)"
1907-06-28,Président,"« Art. 31. — Pour les blessures qu'ils reçoivent, ou infirmités qu'ils contractent pendant qu'ils sont au service, les officiers du corps de santé de réserve sont traités, quant au droit à pension, de la même manière que les officiers du même grade du cadre d'activité."
1907-06-28,Président,« La même règle s'applique aux veuves et aux orphelins mineurs des officiers du corps de santé de réserve.
1907-06-28,Président,"« Le rappel à l'activité pour le temps de guerre des officiers du corps de santé retraités ne peut ouvrir des droits à la revision de la pension, sauf dans le cas des paragraphes 1 et 2 du présent article. — (Adopté.)"
1907-06-28,Président,"« Art. 32. — Un décret rendu en conseil d'Etat règle l'état des officiers du corps de santé de réserve, leur mise hors cadres, les punitions disciplinaires dont ils sont passibles lorsqu'ils sont dans leurs foyers."
1907-06-28,Président,"« Un règlement ministériel règle toutes les dispositions de détail concernant l'organisation, les cadres, les répartitions, l'emploi des officiers du corps de santé de réserve, ainsi que leur radiation des cadres de la réserve."
1907-06-28,Président,TITRE VDISPOSITIONS TRANSITOIRES GÉNÉRALES « Art. 33. — Les dispositions transitoires' qui sont l'objet de l'article 4 du décret du 1er décembre 1900 ne seront en vigueur.
1907-06-28,Président,« Les nouvelles règles concernant la mise à la retraite par limite d'âge ne seront applicables qu'aux officiers promus postérieurement à la présente loi.
1907-06-28,Président,»— (Adopté.) « Art. 34. — Sont abrogées toutes les dispositions contraires à la présente loi.
1907-06-28,Président,M. le président. Je mets aux voix l'ensemble du projet de loi.
1907-06-28,Président,"(L'ensemble du projet de loi, mis aux voix, est adopté.)"
1907-06-28,Simyan,5. — ADOPTION. DU PROJET DE LOI PORTANT APPROBATION DES CONVENTIONS ET ARRANGEMENTS DE t/UNION POSTALE UNIVERSELLE M. le président.
1907-06-28,Simyan,L'ordre du jour appelle la 1re délibération sur le projet de loi por-
1907-06-28,président,"Art. 3. — Seront également fixées par 4es décrets insérés au Bulletin des lois les conditions de tarif ou autres applicables dans les relations postales des bureaux français à l'étranger, soit entre eux, soit avec la France et l'Algérie, soit avec les colonies ou établissements français et les pays étrangers. » — (Adopté.)"
1907-06-28,président,Art. 4. — Le Gouvernement est autorisé à organiser l'échange des coupons-réponse avec les autres pays de l'Union participant à ce service.
1907-06-28,président,"Art. 5. — La rétribution allouée par l'administration des postes, en vertu de l'arrêté des consuls du 19 germinal an X et du décret du 12 juillet 1856, modifié par la loi de finances du 22 avril 1905"
1907-06-28,président,"aux capitaines de bâtiments libres, c'est-à-dire non reconnus comme paquebots-poste etne bénéficiant pas, d'autre part, des primes prévues par les lois sur la marine marchande, naviguant entre la France et les pays d'outre-mer, est fixée ainsi qu'il suit, sauf arrangementBinentreavec les pays intéressés ou les compagnies de navigation ."
1907-06-28,président,"« 1° Pour les parcours n'excédant pas 300 milles marins : 1 fr. par kilogr. de lettres ou de cartes postales, et 20 centimes par kilogr. d'autres objets;"
1907-06-28,président,« 2° Pour les parcours dépassant 300 milles marins : 3 fr. par kilogr. de lettres ou de cartes postales et 40 centimes par kilogr. d'autres objets.
1907-06-28,président,"Il n'est pas dérogé aux dispositions de l'article 15 de la loi de finances du 29 décembre 1895 touchant la gratuité du transport des correspondances pour les bateaux naviguant entre la France et l'Algérie, dispositions qui s'étendront également aux bateaux naviguant entre la France et la Corse."
1907-06-28,président,M. le président. Je mets aux voix l'ensemble du projet de loi.
1907-06-28,président,"(L'ensemble du projet de loi, mis aux voix, est adopté.) 8. — ADOPTION DU PROJET DE LOI PORTANT APPROBATION D'UNE CONVENTION RELATIVE AU SERVICE MARITIME POSTAL ENTRE CALAIS ET DOUVRES."
1907-06-28,président,M. le président. L'ordre du jour appelle la1
1907-06-28,"Simyan, sous-secrétaire d'Etat des postes et des télégraphes","Le Gouvernement, d'accord avec la commission, prie la Chambre de déclarer l'urgence."
1907-06-28,président,M. le président. Je mets aux voix la déclaration d'urgence.
1907-06-28,président,"(L'urgence, mise aux voix, est déclarée.) M. le président. Personne ne demande la parole pour la discussion générale?"
1907-06-28,président,Je consulte la Chambre sur la question de savoir si elle entend passer à la discussion des articles.
1907-06-28,président,"(La Chambre consultée, décide de passer à la discussion des articles.) M. le président. « Art.ter.— Sont approuvées :"
1907-06-28,président,"Les stipulations financières contenues dans l'article 2 de la convention conclue lelepmai 1907, entre l'Etat et la compagnie du chemin de fer du Nord, pour le transport quotidien par paquebots à vapeur, des dépêches et des colis postaux entre Calais et Douvres."
1907-06-28,président,Personne ne demande la parole sur l'article 1er ?.
1907-06-28,président,Je le mets aux voix.
1907-06-28,président,"(L'article 1er, mis aux voix, est adopté.) « Art. 2. — Ladite convention et le cahier des charges qui s'y rapporte seront enregistrés au droit fixe de 3 francs*. » (Adopté.)"
1907-06-28,président,M. le président. Je mets aux voix l'ensemble du projet de loi.
1907-06-28,président,"(L'ensemble du projet de loi, mis aux voix, est adopté.)"
1907-06-28,président,7. — ADOPTION D'UN PROJKT DB LOI CONCERNANT L'ÉTABLISSEMENT D'UN CHEMIN DE FER DE RIOM A CHATKLGtTYON.
1907-06-28,président,"M. le président. L'ordre du jour appelle la1rcdélibération sur le projet de loi ayant pour objet de déclarer d'utilité publique, à titre d'intérêt général, l'établissement d'un chemin de 1er de Riom à Châtelguyon et ,d'approuver une convention provisoire passée avec la compagnie des chemins de 1er de Paris à Lyon et à la Méditerrannée pour la concession de cette ligne."
1907-06-28,Périer (Saône-et-Loire),"La commission, d'accord avec le Gouvernement, prie la Chambre de déclarer l'urgence."
1907-06-28,président,M. le président. Je mets aux voix la déclaration d'urgence.
1907-06-28,président,"(L'urgence, mise aux voix est déclarée.) M. le président. Personne ne demande la parole dans la discussion générale ?"
1907-06-28,président,Je consulte la Chambre sur la question de savoir si elle entend passer à la discussion des articles.
1907-06-28,président,"(La Chambre, consultée, décide de passerSladiscussion des articles.) M. le président,"
1907-06-28,président,-« Art. 1er. — Est dé-
1907-06-28,président,"claré d'utilité publique, à titre d'intérêt gé- néral, l'établissement d'un chemin de 1er de Riom à Châtelguyon."
1907-06-28,président,Personne ne demande la parole sur l'article 1er?
1907-06-28,président,Je le mets aux voix.
1907-06-28,président,"(L'article 1er, mis aux voix, est adopté.) « Art. 2. — Est approuvée la convention provisoire passée le 21 juin 1907, entre le ministre des travaux publics, des postes et des télégraphes et la compagnie des chemins de fer de Paris à Lyon et à la Méditerrannée pour la concession de ladite ligne."
1907-06-28,président,"« L'enregistrement de cette convention, ci-annexée, ne donnera lieu qu'à la perception du droit fixe de 3 fr. » — (Adopté.)"
1907-06-28,président,"« Art. 3. — Viendront en déduction des dépenses à la charge de l'Etat, pour l'établissement du chemin de fer en question, les subventions qui ont été ou qui seront offertes par le département, les communes ou les propriétaires intéressés."
1907-06-28,président,- (Adopté.) « Art. 4. — Il est pris acte :
1907-06-28,président,"« 1° De la délibération du 27 août 1903, par le conseil général du Puy-deDôme a voté une subvention de 50,000 fr. pour l'établissement de la ligne mentionnée à l'article 1er ci-dessus ;"
1907-06-28,président,"« 2° De la délibération du 12 mai 1904, par le conseil municipal de ChâtelGuyon s'est engagé à fournir une subvention de 50,000 fr.;"
1907-06-28,président,"« 3° De l'engagement souscrit le 28 février 1905 par la société des eaux minérales de Châtel-Guyon de fournir une subvention de 10,000 fr.;"
1907-06-28,président,« 4° Des engagements pris par la compagnie des chemins de fer de Paris à Lyon et à la Méditerrannée.
1907-06-28,président,— (Adopté.) M. le président. Je mets aux voix l'ensemble du projet de loi.
1907-06-28,président,"(L'ensemble du projet de loi, mis aux voix, est adopté.)"
1907-06-28,président,"ration du 12 mai 1904, par laquelle le conseil municipal de ChâtelGuyon s'est engagé à fournir une subvention de 50,000 fr.; « 3° De l'engagement souscrit le 28 février 1905 par la société des eaux minérales de Châtel-Guyon de fournir une subvention de 10,000 fr.; « 4° Des engagements pris par la compagnie des chemins de fer de Paris à Lyon et à la Méditerranée. » — (Adopté.)"
1907-06-28,président,M. le président. Je mets aux voix l'ensemble du projet de loi.
1907-06-28,président,"(L'ensemble du projet de loi, mis aux voix, est adopté.)"
1907-06-28,président,8. — ADOPTION D'UN PROJET DE LOI PORTANT OUVERTURE D'UN CRÉDIT SUPPLÉMENTAIRE
1907-06-28,président,M. le président. L'ordre du jour appelle la discussion du projet de loi portant ouverture au ministre de la justice d'un crédit supplémentaire au titre de l'exercice 1907 (cours d'appel).
1907-06-28,président,Personne ne demande la parole pour la discussion générale ?
1907-06-28,président,Je consulte la Chambre sur la question de savoir si elle entend passer à la discussion de l'article unique.
1907-06-28,président,"(La Chambre décide de passer à la discussion de l'article.) M. le président. « Article unique.—Il est ouvert au ministre de la justice, en addition aux crédits alloués par la loi de finances du 30 janvier 1907 et par des lois spéciales pour les dépenses du budget général de l'exercice 1907, un crédit supplémentaire de 5,250 fr. applicable au chapitre 7 du budget de son département : « Cours d'appel ». « Il sera pourvu à ce crédit au moyen des ressources générales du budget de l'exercice 1907. »"
1907-06-28,président,Personne ne demande la parole?
1907-06-28,président,"Je mets aux voix, par scrutin, l'article unique du projet de loi."
1907-06-28,président,Le scrutin est ouvert.
1907-06-28,président,(Les votes sont recueillis. — MM. les secrétaires en font le dépouillement.)
1907-06-28,président,Voici le résultat du dépouillement du scrutin : Nombre des votants. 337 Majorité absolue. 169 Pour l'adoption. 331 Contre. 6
1907-06-28,président,La Chambre des députés a adopté.
1907-06-28,président,"9. - AJOURNEMENT DE LA DISCUSSION D'UNE PROPOSITION DE LOI M. le président. L'ordre du jour appellerait la lre délibération sur la proposition de loi, adoptée par le Sénat, tendant à modifier divers articles de la loi du 10 août 1871 sur les conseils généraux."
1907-06-28,président,"Cette affaire avait été mise à l'ordre du jour sous réserve qu'il n'y aurait pas débat, mais M. le ministre des finances devant présenter des observations, il y a Heu de la retirer de l'ordre du jour."
1907-06-28,président,"La commission est d'accord avec le Gouvernement pour demander à la Chambre' de réinscrire cette discussion en tête de l'ordre du jour de la 2e séance de mardi prochain.,„Il n'y a pas d'opposition?"
1907-06-28,président,Il en est ainsi ordonné.
1907-06-28,président,"110. — TRANSMISSION D'UNE PROPOSITION DE LOI, ADOPTÉE PAR LE SÉNAT - * M. le président. J'ai reçu de M. le président du Sénat la communication suivante : «Pari§,le28juin1907."
1907-06-28,président,"« Pari», le 28 juin 1907."
1907-06-28,président,"« Monsieur le président,11« Dans ses séances des 18 et 25 juin 1907 le Sénat a adopté, avec modifications, une proposition de loi précédemment adoptée par la Chambre des députée concernant la vente des engrais."
1907-06-28,président,"Conformément aux dispositions de l'article 126 du règlement du Sénat, j'ai l'honneur de vous adresser une expédition authentique de cette proposition, dont je vous prie de vouloir bien saisir la Chambre des députés."
1907-06-28,président,Je vous serai obligé de m'aceuser réception de cet envoi.
1907-06-28,président,"Agréez, monsieur le président, l'assurance de ma haute considération. Le président du Sénat, « ANTONIN DUEOST."
1907-06-28,président,"La proposition de loi sera imprimée, distribuée et, s'il n'y a pas d'opposition, renvoyée à la commission de l'agriculture. (Assentiment.)"
1907-06-28,président,j*{{.-DISCUSSION DE QUATRE INTERPELLATIONS J SUR LES ÉVÉNEMENTS DU MIDI.1-AM. le président. L'ordre du jour appelle la discussion des interpellations : 1° de MM. Bedouce et Betoulle sur la politique du Gouvernement dans les événements du Midi; 2° de M. Paul-Meunier sur l'attitude du Gouvernement ; 3° de M. Aldy sur les mesures de répression employées dans les événements du Midi ; 4° de M. Augé sur la polique du Gouvernement dans les événenements du Midi.
1907-06-28,Bedouce,"Messieurs, c'est peut-être improprement que nous avons demandé à interpeller le Gouvernement sur sa politique dans les événements du Midi ; nous aurions plutôt dû dire : sur ses politiques, tantsocattitude, dans ces affaires, a été variée et contradictoire.."
1907-06-28,Bedouce,"Il est en effet impossible de savoir àqueuedirection exacte il a obéi. Cela tient, jeIlsais, à ce que l'opinion n'a pas été tr e exactement informée des raisons de ce mouvement méridional ; cela tient à ce des organes habituellement mieux éclaires ont été quelque peu déconcertés, danstmanifestations du Midi, par le faitqu'Il$olltvu brusquement disparaître toutes lesP3*rières politiques."
1907-06-28,Bedouce,"Messieurs, à cela quoi d'étonnant? Ce n'est pas un mouvement de classes, ce n est pas un mouvement politique, c'est un mouvement où toutes les classes, où tous les milieux à la fois se sont mêlés parce que toutes les classes et tous les milieux politiques souffraient également d'une misère commune."
1907-06-28,Bedouce,"C'est ce qui explique que les manifestations d'Argeliers, de Lézignan, de Narbonne, de Carcassonne, de Perpignan et enfin de Montpellier ont été grossissant les unes après les autres au point de réunir, pour la dernière, à Montpellier, la presque totalité des habitants des quatre départements viticoles. (Exclamations sur divers bancs.) Quand je dis la presque totalité des habitants de ces quatre départements viticoles, je ne crois pas exagérer; je me reporte, en effet, aux chiffres donnés par la presse parisienne qui évalue à environ 900,000 les manifestants qui ont défilé dans les rues de Montpellier. (Mouvements divers.) Pourquoi vous récrier, messieurs, quand j. e fais à vos organes l'honneur d'ajouter foi à ce qu'ils disent?"
1907-06-28,Paul-Meunier,M. Paul-Meunier sur l'attitude du Gouvernement
1907-06-28,Aldy,M. Aldy sur les mesures de répression employées dans les événements du Midi
1907-06-28,Augé,M. Augé sur la polique du Gouvernement dans les événenements du Midi.
1907-06-28,Aulard,"En 1790, dans le grand mouvement qui fit des pays de France une patrie, nulle part le pacte d'union, le pacte national, ne fut plus cordialement juré que dans les départements du Roussillon et la partie du Languedoc où précisément sévit aujourd'hui la crise économique."
1907-06-28,Aulard,"Ces départements du Midi qui s'étaient levés et qui prenaient part au mouvement de révolte contre la Convention, abandonnèrent leurs revendications, le jour où l'ennemi, entrant par la frontière d'Espagne, menaça l'unité de la patrie."
1907-06-28,Aulard,Eh bien ! à cette voix de patrie ils ne seront pas plus sourds en 1907 qu'ils ne l'avaient été en 1793.
1907-06-28,Aulard,"Ces hommes ne laissèrent pas tomber les armes, mais ils les retournèrent contre l'ennemi pour la defense de la République une et indivisible."
1907-06-28,Aulard,"Et M. Aulard ajoute : « Eh bien ! à cette voix de patrie ils ne seront pas plus sourds en 1907 qu'ils ne l'avaient été en 1793. A vrai dire, c'est à la patrie qu'ils font appel, c'est de la patrie qu'ils se réclament, puisqu'ils cherchent la fin de leurs maux dans l'assistance de la nation, .puisqu'en leurs manifestations les plus tumultueuses ce sont les bons offices de la solidarité nationale qu'ils réclament."
1907-06-28,Cathala,"Ne sommes-nous pas rivés au sol par la nature même de la production de ce pays? Ah! qu'on ne rompe pas le lien qui unit le Nord et le Midi, qu'on supprime même les motifs de division entre les deux régions, en mettant une terme à la fraude ! Que le Nord nous aide dans la période critique que nous traversons, et il verra alors que nous avons une claire conscience des raisons de solidarité qui nous unissent à lui."
1907-06-28,Bedouce,Je remercie M. le président.
1907-06-28,Bedouce,"Mais je lui fais remarquer que c'est peut-être parce que je suis jeune, nouveau venu ici et Méridional, que la Chambre ne craint pas de m'imposer une fatigue excessive."
1907-06-28,le président,"Si vous êtes jeune, c'est une raison de plus pour qu'on vous écoute."
1907-06-28,Bedouce,"Messieurs,je*croisavoir fait justice, et par des raisons profondes, des motifs inconsidérés par lesquels on avait attribué au mouvement du Midi une raison de particularisme."
1907-06-28,Bedouce,"Ce mouvement, qui n'est pas et ne peut pas être séparatiste, est-il un mouvement politique?"
1907-06-28,Bedouce,"Pas davantage. La preuve, je veux la voir, et vous voudrez la voir aussi dans le fait que dans les Pyrénées-Orientales, dans l'Aude, dans l'Hérault, dans le Gard, les ligues des droits de l'homme, les comités républicains du commerce et de l'industrie, les comités radicaux, les comités politiques font partie du mouvement; j'ajouterai même que les comités socialistes ont pris une part très ardente' aux revendications."
1907-06-28,Bedouce,"C'est plutôt —Hfaut le reconnaître et il faut avoir le courage de le dire — dans les milieux de petite bourgeoisie, dans les milieux de petits propriétaires, dans les ligues des droits de l'homme, dans les comités radicaux, dans les comités de toute nature où se. mêlent les négociants et les petits propriétaires, que le mouvement a pris naissance."
1907-06-28,personne,s ont pris une part très ardente' aux revendications.
1907-06-28,personne,"C'est plutôt —Hfaut le reconnaître et il faut avoir le courage de le dire — dans les milieux de petite bourgeoisie, dans les milieux de petits propriétaires, dans les ligues des droits de l'homme, dans les comités radicaux, dans les comités de toute nature où se. mêlent les négociants et les petits propriétaires, que le mouvement a pris naissance. (Très bien! très bien à Vextrême gauche.) * Voulez-vous que je vous en cite un autre exemple ?"
1907-06-28,personne,"Quels sont les candidats qui, étant en appel devant le suffrage universel, ont les premiers retiré leur candidature pour se conformer aux décisions qui avaient v été prises au cours des manifestations ? Ce sont des candidats radicaux socialistes de Perpignan. Voulez-vous que nous en tirions la conclusion que le mouvement est purement radical?"
1907-06-28,personne,Ce serait de l'inconscience. Nous savons que le mouvement n'est ni véparatiste. ni politiquemais que c'est un mouvement économique.
1907-06-28,personne,Applaudissements à l'extrême gauche.) Et s'il vous fallait une autre preuve que
1907-06-28,personne,"ce mouvement n'est pas politique, ne la trouveriez-vous pas toute vivante dans la représentation parlementaire de ces départements, au Sénat et à la Chambre? Ne la trouveriez-vous pas, avec une force particulièrement remarquable, dans ce fait que ce sont justement les régions qui sont représentées par des membres des anciens partis de réaction qui ont été les moins agitées et qu'au contraire le mouvement a eu toutes son étendue,que la manifestation a produit toute son intensité justement dans les milieux les plus radicaux."
1907-06-28,personne,"socialistes? (Très bien! très bien! à l'extrême gauche.) Voulez-vous aussi, monsieur le président du conseil, que je tire argument de ce que celui que, là-bas on a appelé «l'Apôtre»et le « Rédempteur », en s'asseyant chez vous vous a dit : « Monsieur le président du conseil, je suis un honnête homme, j'ai fondé le comité radical socialiste »?"
1907-06-28,personne,Vous diriez que c'est de l'inconscience et vous auriez raison. La vérité est que le mouvement n'est ni véparatiste. ni politiquemais que c'est un mouvement économique.
1907-06-28,personne,"Je vous parle, messieurs, avec toutenir,conscience et je vous prie de croirequ'Vn'y a rien dans ce que je vous disq«i!.sr,»;empreint d'un part: pris quelconque."
1907-06-28,personne,"Ce mouvement est économique et. ce'¡!Itvous a surpris le plus, peut-être, surtout do ce côté de l'Assemblée (la gauche), ce qui vous a le plus étonnés, ce qui vous a teplllltdéconcertés, ce qui a renversé toutesvc«;convictions politiques et ce qui vous a laissa un moment inquiets et sans la certitudef'llendemain, c'est que vous avez trouvéparllilles vôtres, dans la bourgeoisie, parmile? propriétaires, un mouvement de révolte plus ardent, plus désespéré, plus violent, plus fort que vous l'avez jamais vu dans les milieux ouvriers les plus révolutionnaires."
1907-06-28,personne,"(Vifs applaudissements à l'extrême gauche.) Il ne faut point s'affoler de cela. Il vau'; mieux, dans la dignité qui convient à un. Parlement français, rechercher en toute conscience quels sont les motifs qui ont fait que cette petite bourgeoisie, que ces petits propriétaires ont été désespérés au point de vous étonner par leur mouvement révolutionnaire. Ils sont de plusieurs ordres. Je ne reviendrai pas sur les raisons profondes qui ont été données par d'autres plus auto risés que moi. Vous savez que la fraude que la surproduction, que des motifscco*nomiques traités ici avec plus d'autorité que je pourrais le faire ont eu une importance très grande dans la crise qui nous occupe. Mais si vous voulez bien^»sidérerun instantquelorsqu'on a éW habitué à la misère, lorsqu'on atOIlJQUMsouf fert, lorsqu'on a connu depuis laiJflissanro:en passant par l'école etp'	ous les Ages de l'homme, l'angoisse dempas savoir ce que sera le lendemaiii,en est quelque peu vacciné, on est cuirassé contre tous les malheurs qui quotidiennement peuve:	 fondre sur vous. (Très bien!iresbien!al'extrême gauche.) Au contraire, ces populations du Midi — certaines d'entre elles, tout au moins — habituées au bien-être, ayant vu, depuis leur berceau, sourire les récoltes heureuses, le bien-être à leurs foyers, ont été d'abord surprises, puis inquiètes ; ensuite elles an sont senties étreintes d'une émotion profonde qui n'a pas tardé à se changer endé,sespoir. Pourquoi, messieurs? Parce"
1907-06-28,Vaillant,Très bien !
1907-06-28,Bedouce,"parce que, ensuite, lorsqu'en raison de la mauvaise situation persistante du marché économique, il n'a plus été possible à ces populations d'avoir le crédit nécessaire, elles ont senti peser sur elles une misère d'autant plus lourde, d'autant plus désespérante qu'elles n'étaient pas accoutumées à son étreinte, qu'elles n'étaient pas habituées à la subir. Dans les villes comme dans les milieux ruraux, ces populations se sont trouvées dans la même situation que le négociant qui, ayant occupé toute sa vie un rang honoré et envié, est acculé par des causes économiques, qui ne sont pas de son fait et dont il n'est pas responsable, à la faillite et à la déchéance de son rang. (Très bien! très bien 1 à l'extrême gauche.) A l'humiliation naturelle, résultant pour eux de cette situation nouvelle, s'ajoutait la détresse de ces hommes qui, tous ensemble, dans le même pays, dans la même ville, le même village, à la même heure, étaient obligés d'aller chez des négociants aussi malheureux et désolés qu'eux, acculés comme eux-mêmes à la faillite, solliciter le crédit du lendemain. (Très bien! très bien!) Dans un passé qui n'était pas lointain, cependant, ces hommes avaient connu toutes les joys et possédé tout le bien-être de l'existence; aujourd'hui, ils en sont réduits au dernier degré de la misère. Etonnez-vous après cela que le désespoir les ait poussés aux extrémités que vous avez vues ! (Applaudissements à l'extrême gau; che.) Enfin, messieurs, si ces raisons ne suffisaient pas pour vous démontrer que le rmouvement n'est ni séparatiste, ni politique, qu'il pouvait être encouragé par le Gouvernement français, parce que c'était un mouvement national n'ayant en même temps aucun caractère antirépublicain, si ces raisons, dis-je, ne suffisaient pas, nous pouvons encore invoquer la caution gouvernementale, la caution de ces hommes en qui vous avez mis votre confiance, qui ont entre leurs mains les destinées du pays, et qui gouvernent en votre nom et pour votre compte. On l'a dit vendredi dernier — je n'y reviens pas — ils ont approuvé les I crédits pour l'envoi de délégués dans les meetings; ils sont même allés plus loin: ils ont pavoisé les monuments publics que plus tard ils ont défendu avec tant d'âpreté."
1907-06-28,Aucun,l devenu tout à coup dans la semaine qui a suivi?
1907-06-28,Non identifié,Par quels événements extraordinaires ce qui ne vous avait pas surpris le 9 vous at-il surpris le 10?
1907-06-28,Non identifié,S'est-il produit quelque chose de miraculeux?
1907-06-28,Non identifié,"Oui; on m'objectera qu'il s'est produit la mise en activité, en fait, de cette grève des municipalités qui, à Montpellier n'était qu'un geste, un verbe plus ou moins élégant et sonore."
1907-06-28,Non identifié,Mais au fond de cette grève de municipalités il faudrait que le Gouvernement voulût bien nous dire ce qu'il y avait.
1907-06-28,Non identifié,On ne s'est pas fait faute d'ameuter contre les méridionaux l'opinion de tout le pays et en particulier l'opinion de l'élite politique qui siège ici. (Mouvements divers.)
1907-06-28,Non identifié,Qu'est-ce qui inquiète le Gouvernement dans cette grève des municipalités?
1907-06-28,Clemenceau,"Nous l'apprenons par la lettre de M. Clemenceau adressée, par la voie du comité d'Argeliers, aux municipalités méridionales disposées à démissionner. Les inquiétudes les plus justifiées, monsieur le président du conseil, vous les invoquez ainsi : « Votre geste de révolte risque de frapper ceux-là memes que vous prétendez servir, les viticulteurs et vos administrés. Votre démission ne résout rien, ne signifie rien, mais elle risque de mettre l'anarchie partout. Quand vous aurez clos les registres de l'état civil, arrêté les chantiers communaux qui donnent du pain aux malheureux chômeurs, abandonné les routes, délaissé les services d'hygiène et d'assistance, barricadé les bureaux de bienfaisance, livré les communes que vous administrez au désordre. etc. »"
1907-06-28,Non identifié,"Voilà donc les griefs essentiels que M. le président du conseil, au nom du Gouvernement, adresse aux municipalités."
1907-06-28,Non identifié,"s Que se produit-il ? Vous le savez, c'est à partir du 12 juin que les municipalités doivent démissionner, et c'est le 10, le 11, le 12, suivant leur empressement et leur tempérament particulier, qu'elles démissionnent."
1907-06-28,Non identifié,"Je ne veux pas nier que le comité d'Argeliers a répondu à M. le président du conseil d'une façon peut-être un peu cavalière ; mais en de telles circonstances on ne se paye pas de mots, et le Gouvernement se devait à lui-même d'examiner la question au fond avant de prendre des décisions aussi éner-giques, aussi rigoureuses, aussi terribles de conséquences que pouvaient l'être celles qu'il a prises."
1907-06-28,Non identifié,Les municipalités démissionnaires ferment-elles les bureaux de bienfaisance?
1907-06-28,Non identifié,"Ont-elles clos, comme le craignait M. le président du conseil, les registres de l'état civil?"
1907-06-28,Non identifié,Ont-elles jeté sur le pavé les chômeurs qui vivaient pour ainsi dire du travail quotidien que leur donnaient les communes ?
1907-06-28,Non identifié,Ont-elles abandonné les routes ?
1907-06-28,Non identifié,Voilà la question essentielle ; c'est là que nous allons constater l'état de danger public créé par l'arrêt de la vie municipale.
1907-06-28,Non identifié,"Rien de tout cela ne se produit. Si ! cela se produit peut-être le U et le 12, mais dès le 14 ou le 15 ce ne sont pas seulement les phrases particulièrement persuasives, je le reconnais, de M. le président du , conseil qui viennent influencer les esprits municipaux; il y a des faits, il y a des impressions communales, il y a des admi-hnistrés qui se plaignent, et, dès lors, si M. le président du conseil, qui d'ailleurs me'.iparaît avoir été très mal servi par ses fonc-tionnaires dans cette crise pénible, s'était 1 donné la peine d'aller lui-même au fond>des choses, il aurait pu, comme je l'ai fait moi-même et comme je vous demande lalpermission de vous le montrer par des do-<cuments que personne ne pourra discuter,"
1907-06-28,Aynard,« Comme il lui convient » est joli! (On rit.)
1907-06-28,Bedouce,"J'entends bien, monsieur Aynard ; je sais que qui veut trop prouver ne prouve rien.iM. Aynard. J'admirais la beauté de l'ex- pression! (Nouveaux rires ) f M. Bedouce. Je ne veux pas vous prou- ver, mon cher collègue, qu'il n'y avait pasSlà un esprit de mécontentement. Je veuxhprouver seulement que le mécontentement <in'avait pas pris le caractère révolutionnaire<inquiétant que volontairement la presse etiM. le président du conseil leur ont attribué pour justifier les répressions qui ont suivi."
1907-06-28,Non identifié,"(Applaudissements à l'extrême gauche.) Je ne veux pas, vous le comprenez, mesfichers collègues, abuser de votre temps en faisant défiler devant vous ce qui s'est passé:4dans toutes les municipalités. Je n'ai pris 1 que les chefs-lieux de département."
1907-06-28,Non identifié,Vous avez vu ce qui se passe à Narbonne.
1907-06-28,Non identifié,"Si j'ai cité Narbonnç. c'est parce que c'est làïle foyer de l'agitation, c'est là que le corps d'armée de la future occupation va envoyer ses multiples unités ; mais je puis vous ci- ; ter Perpignan."
1907-06-28,Non identifié,"Que dit-on à Perpignan, non pas au len- demain de la répression, mais le 15 juin ?"
1907-06-28,Non identifié,"« Les bureaux de la mairie de Perpignan 1 sont ouverts comme d'habitude. L'adjoint faisant fonctions de maire donne les signa- tures qui lui sont réclamées. Il mandatera les sommes dues aux employés, ouvriers et fournisseurs municipaux. »"
1907-06-28,Non identifié,"Vous pouvez peut-être croire que ce que ; l'on dit à Perpignan n'est pas vrai pour ; Montpellier et Béziers. Voici ce que, dès le 13 juin, le conseil municipal démission-gqnaire de Béziers a fait imprimer dans tous les journaux de la région';"
1907-06-28,BEDOUCE,"ce n'est pas un ami politique de bon conseil dans ce Midi qui a donné toujours la majorité au Gouvernement — au 16 Mai, au 24 Mai, au boulangisme, alors que d'autres régions l'abandonnaient - et surtout à l'opinion que l'on appelle « avancée » du parti radical-socialiste, c'est le journal la Dépèche(le Toulouse, qui était considéré comme une telle puissance que souvent son action énergique, continue et zélée à l'égard du progrès républicain, lui valait les sarcasmes et les querelles de quelques esprits réactionnaires."
1907-06-28,MALVY,il est justement populaire dans le Midi.
1907-06-28,BEDOUCE,"ce journal prend la liberté, dans les graves conjonctures que vous traversez, vous parti radical-socialiste qu'il a fait pour une grande part, d'adresser des conseils au Gouvernement, et ces conseils ne sont point des conseils de répression."
1907-06-28,Grande part,"d'adresser des conseils au Gouvernement, et ces conseils ne sont point des conseils de répression."
1907-06-28,Je,"trouve, à la date du 18 juin, dans le journal de la démocratie du Midi : « Les poursuites, le public y est absolument hostile et certainement on peut dire que ce serait une grave faute commise, faute qui pourrait occasionner des troubles graves dans la région viticole, et surtout à Narbonne. Nous espérons que le Gouvernement renoncera à exaspérer les esprits qui commencent à se ressaisir, et que la Chambre, par lé vote de la loi, achèvera la pacification de toute une région qui souffre et qui demande simplement qu'on lui permette de vivre de son travail. » (Applaudissements à Vextrême gauche et sur divers bancs à gauche.)"
1907-06-28,Vous,"n'écoutez pas, monsieur le président du conseil ; vous êtes endormi par le bruit sonore des baïonnettes et des canons que l'on agite autour de vous ; vous rêvez d'épopées, et vous décidez alors — je sais que je serai démenti, mais je tiens à le dire tout de même —malgré l'avis des meilleurs travailleurs qui vous entourent, malgré l'avis de certains ministres en qui vous avez quelque confiance, tant à la droite qu'à la gauche de votre ministère, malgré l'avis de quelques-uns d'entre eux, sous la forme dictatoriale et orgueilleuse qui vous caractérise vous décidez de commencer les poursuites, dussent les pires catastrophes résulter de votre décision. (Applaudissements à l'extrême gauche.)"
1907-06-28,J'en veux pour preuve,"— non pas certes mon opinion, qui vous serait suspecte — mais la note publiée dans les journaux, à la suite du conseil des ministres du 15 juin : « Le garde des sceaux a annoncé qu'il avait mandé à Paris le procureur général près la cour de Montpellier et qu'il devait conférer avec ce magistrat dans la matinée de demain. »"
1907-06-28,Et les Débats publient la note suivante,": « Il paraît se confirmer que des poursuites vont être dirigées, au sujet de la crise viticole, contre le comité d'Argeliers. Cette décision, déjà envisagée au dernier conseil des ministres, a été définitivement prise, paraît-il, au conseil des ministres de ce matin. C'est en vue de son exécution que le procureur général de Montpellier a été appelé à Paris. »"
1907-06-28,"C'est donc sur une décision ayant un caractère nettement politique, en dehors des droits constitutionnels qui vous sont conférés",": que, passant par-dessus la tête du pouvoir judiciaire, vous appelez ce pouvoir judiciaire chez vous, comme un laquais (Réclamations à gauche. — Mouvements divers), et vous lui dites : Vous poursuivrez parce qu'il plaît au Gouvernement que vous poursuiviez. (Applaudissements à l'extrême gauche.)"
1907-06-28,M. Paul Constans,C'est la nouvelle forme de la liberté 1 M. Maurice Allard.
1907-06-28,Maurice Allard,"But non! c'est la vieille forme, celle de l'Empire et de M. Guyot-Dessaigne (Bruit.)"
1907-06-28,Bedouce,"Quand les poursuites sont annoncées, vous croyez, peut-être, messieurs, que les manilestants du Midi vont s'affoler; vous croyez peut-être qu'ca va les pousser à ces extrémités qu'on vecherchait."
1907-06-28,Pasliutout !,"Nous voyons ce jour-là même, alors qu'ils sont sous le coup de poursuites, les membres du comité d'Argeliers publier un manifeste très digne par lequel ils recommandent à tous ceux qui leur ont fait couSance, à tous ceux qui les ont suivis dans les meetings successifs, d'être calmes, de ne pas se livrer à des violences."
1907-06-28,Ferroul,"se rendre à Coursan; pourquoi faire? Est-ce pour exciter ceux que l'on a appelés les mutins. pour provoquer à la révolte, à la révolution?"
1907-06-28,Maurice Jaurès,Très bien !
1907-06-28,Bedouce,". de ne pas s'émouvoir, de conserver toujours la dignité et le sangfroid-qui conviennent toujours à une juste cause."
1907-06-28,"Enfin, messieurs",": lorsque les amis de notre camarade, de cette noble figure qu'est notre ami Ferroul (Vifs applaudissements à Vextrême gauche) viennent à lui, l'entourent et lui disent : ff On ne vous arrêtera qu'en passant sur notre corps », que leur répond-il ? Il leur dit : « Gardez-vous-en bien ! Il est inutile que notre cause soit ensanglantée )'. Et de ses propres mains, c'est Ferroul qui détruit les barricades ! (Applaudissements.)"
1907-06-28,Je n'insisterai pas davantage sur les événements de Narbonne,", laissant à mon ami Aldy, avec l'autorité que lui donne l'enquête qu'il vient de faire, le soin de les exposes en détail."
1907-06-28,C'est alors que la catastrophe arrive,"; c'est alors, monsieur le président du conseil, que le malheur que votre imprévoyance et votre légèreté viennent de déchaîner sur le pays se produit, avec toute la tristesse qu'il entraîne à sa suite. C'est alors quq nous voyons clair, que nous pouvons lire au fond des cœurs, et reconnaître si réellement le mouvement qui a lieu là-bas est un mouvement politique, un mouvement révolutionnaire ou un mouvement séparatiste."
1907-06-28,Marty,"C'est le comité d'Argeliers, c'est moi."
1907-06-28,Palazy,"j'en témoigne et tous les habitants de Béziers, M. Palazy en tête, pourront en témoigner avec moi"
1907-06-28,Fernand de Ramel,C'est la dictature!
1907-06-28,Paul Constans,"Ave, Cœsar!"
1907-06-28,Bedouce,"Et cela, parce que si nous avions su la vérité, monsieur le président du conseil, vous auriez manqué vos effets de tribune!"
1907-06-28,Paulhan,"On apprend à Paulhan, vers onze heures, que le régiment cantonné à Lodève va partir pour aller seconder l'œuvre néfaste de Narbonne."
1907-06-28,Pelisse,Je demande la parole.
1907-06-28,Mouvements divers,plus pour le mettre à l'abri des excès de la foule que pour lui faire du mal
1907-06-28,Pelisse,Je demande la parole.
1907-06-28,Bedouce,quelques heures après la population de Paulhan elle-même délivre le sous-préfet.
1907-06-28,Bedouce,"Mais, entre temps, le préfet de Montpellier, qui avait été informé du fait que le sous-préfet de Lodève était retenu en otage, qui n'est pas instruit de sa libération, est en proie, comme vous, le devition, à de vives inquiétudes sur le sort de nez, son subordonné. Que fait-il?"
1907-06-28,Leenhardt-Pommier,"Monsieur Leenhardt-Pommier, vous possédez ici une juste autorité; vous jouissez de la confiance des populations non seulement de Montpellier, mais de la région, je vous supplie de vous transporter à Paulhan au secours du sous-préfet de Lodève retenu en otage."
1907-06-28,Leenhardt-Pommier,"Il y a cependant au moyen, c'est de faire appel aux membres du comité d'Argeliers qui sont prisonniers. Il faut aller à la prison et demander à M. Cathala et à M. Richard d'avoir l'obligeance de me donner une lettre de recommandation pour les manifestant* de Béziers."
1907-06-28,Leenhardt-Pommier,"Muni de cette lettre, j'irai à Paulhan et je délivrerai le sous-préfet.."
1907-06-28,Bedouce,"Les inquiétudes du préfet sont tellesquilse laisse aller à dire à M. Leenhardt-Porn.mier : « Si nous n'allons pas assez vite,18sous-préfet va être dépecé ; je vous en sup"
1907-06-28,uce,"Je ne veux pas obliger conscience de M. le président du conseil,"
1907-06-28,inconnu,Selivrerà la gymnastique dangereuse d'un nouveau.
1907-06-28,inconnu,Je dis donc que M. Marcelin Albert est parti de Paris sans sauf-conduit.
1907-06-28,inconnu,"Par quel miracle cet homme,"
1907-06-28,inconnu,"Il traverse des gares nombreuses qui sont sous la garde de l'autorité publique,"
1907-06-28,inconnu,"On ne sait pas que Marcelin Albert est dans ce train,"
1907-06-28,inconnu,"Il arrive à Narbonne, après l'arrêt à Toulouse, trois heures après l'heure indiquée pour son arrivée."
1907-06-28,inconnu,"Pour l'heurt à laquelle il était attendu,"
1907-06-28,inconnu,"Lorsque cet inculpé, qui n'a pas de sauf-condUIt,"
1907-06-28,inconnu,"Car vous entendez bien que,"
1907-06-28,inconnu,"Sans doute, avec vos armées d'occupation vous êtes fort"
1907-06-28,Bedouce,"puisque vous avez, vous, la victoire du pont de Narbonne ; vous êtes fort comme Bonaparte aupont d'Arcôle."
1907-06-28,Lasies,"Bonaparte risquait sa vie aupont d'Arcole, tandis que M. le président du conseil ne risque que celle des autres."
1907-06-28,Bedouce,"Mais, monsieur le président du conseil,"
1907-06-28,Bedouce,Il est un philosophe et un écrivain qui avait rêvé d'autres manifestations de la force
1907-06-28,Albert Willm,Un charnier !
1907-06-28,Bedouce,"Pour nous, il n'est que temps de nous ressaisir."
1907-06-28,Willm,Un charnier !
1907-06-28,Bedouce,"Pour nous, il n'est que temps de nous ressaisir. Notre collègue, M. Pelletan, écrivait hier encore : « Le discrédit d'un ministre peut s'effacer; le discrédit d'une représentation nationale ne disparaît pas. » (Applaudissements à l'extrême gauche.) A cette heure, le devoir de la représentation nationale est, à notre avis, tout tracé."
1907-06-28,Enceinte,"que - sont dans cette enceinte, sans distinction de partis, s inclinent respectueusement sur la tombe des victimes de la monstrueuse erreur du Gouvernement. (Applaudissements à l'extrême gauche.) J'espère qu'ensuite, c'est d'un élan unanime que les uns et les autres, nous penchant sur ce pays qui souffre, nous écarterons le cauchemar qui ajoute tous les jours une angoisse nouvelle à sa détresse et que nous ferions ensemble le geste qui consacre et qui guérit. (Nouveaux applaudissements.) Après quoi la majorité pourra, s'il lui plaît, et si elle est encore apte à le faire, sous la direction d'un guide plus calme et plus sûr, reprendre sa marche vers le progrès. Elle pourra cueillir la belle moisson de réformes qu'elle fera germer par son travail ardent et que mûrira la chaleur de notre idéal de justice sociale. (Vifs applaudissements à Vextrême gauche. — L'omleur.)"
1907-06-28,president,La parole est à M. Paul-Meunier pour développer son interpellation.
1907-06-28,Paul-Meunier,"Messieurs, je ne suis pas de ceux qui ont refusé leur concours au Gouvernement vendredi dernier. A une heure tragique, au milieu d'un deuil national, nous avons pensé, quelques-uns de mes amis de gauche et moi, et. malgré les critiques qu'on avait élevées avec force à cette tribune, qu'il nous était impossible de refuser au Gouvernement l'ordre du jourtieconfiance qu'il réclamait."
1907-06-28,Paul-Meunier,"Aujourd'huiavant d'émettre un vote, avant de prendre nos responsabilités dans un débat nouveau, nous vomirions qu'il nous fût permis de dire simplement ci brièvement notre pensée et dedem^uei'au Gouvernement quelques explications sur son attitude."
1907-06-28,Paul-Meunier,"Messieurs, parmi les nombreux incidents auxquels a fait allusion l'orateur qui m'a précédé à cette tribune et qui sont survenus depuis notre dernier débat, je n'en voudrais retenir que deux, ceux qui me paraissent les plus importants, les plus caractéristiques, sur lesquels je désire appeler l'attention de la Chambre et provoquer, je l'espère, les explications du Gouvernement."
1907-06-28,Paul-Meunier,Je voudrais dire quelques mots d'abord des circonstances qui ont précédé et quicnisuivi l'entrevue de M. le président du conseil et de M. Marcelin Albert.
1907-06-28,Paul-Meunier,"Je voudrais parler, en second lieu, des incidents pénibles du 17e de ligne ou, plus exactement, des conséquences parlementaires qu'ont eues ces incidents, ici même, il y a deux jours."
1907-06-28,Paul-Meunier,"Messieurs, l'ordre du jour que nous avons voté vendredi, et queieGouvernement a accepté, chargeait ce dernier d'assurer la respect de la loi et la pacification du pays."
1907-06-28,Paul-Meunier,"jPour assurer le respect de la loi et la pacification du pays, on avait tféjA, vous te£A.1'.('%,mobilisé des régiments, desir'.g&iesde gendarmerie et des forces policières considérables. Malgré ce déploiement de forces sans cesse agrandies et malgré tout ce qui en est résultéhélas!demàlitetyM,de saccages et de massacres, malgrétÍJtH.col*,on n'était point parvenue."
1907-06-28,Paul-Meunier,"Je ne sais plus qui a dit, il y a quelques jours, dans les couloirs de laCMmbre,que M. Marcelin Albert s'était réfugié sur un arbre et qu'il était bien difficile aux agents de la sûreté d'aller le dénicher sur son platane."
1907-06-28,Paul-Meunier,"Toujours est-il que M. Mar.celin Albert est descendu de son platane et éque c'est dans ranuctiamnreACM.leprésident du conseil, ministre de l'intérieur, que les inspecteurs de la sûreté l'ont reconnu après qu'on leur eut affirmé que c'était bien lui."
1907-06-28,Paul-Meunier,"Allait-on arrêter. M. Marcelin Albert, qai était venu se livrer Jui-même ? Quelquesuns ont dit que c'était, pour le Gouvernement chargé d'assurer le respect des lois, par la volonté de la Chambre, un devoir strict. M. le président du conseil ne l'a pas fait."
1907-06-28,Paul-Meunier,"Non seulement il ne l'a pas arrêté, mais il ne l'a pas fait attendre; il l'a reçu. Peut-être nous dira-t-il tout à l'heure quelle fut cette entrevue."
1907-06-28,Paul-Meunier,Ce n'est pas moi qui l'en blâmerai.
1907-06-28,Paul-Meunier,"Non seulement il ne l'a pas arrêté, mais il ne l'a pas fait attendre; il l'a reçu. Peut-être nous dira-t-il tout à l'heure quelle fut cette entrevue."
1907-06-28,Paul-Meunier,Ce n'est pas moi qui l'en blâmerai.
1907-06-28,L'ORATEUR,"r l'arrêter on avait déployé des forces militaires et policières considérables et que, par la fatalité des événements7,onlfvaiteioentraînéjusqu'à exécuter des fusillades meurtrières."
1907-06-28,L'ORATEUR,"Ce n'est pas tout, messieurs. Après cet incident du ministère, nous avons assisté à cet autre spectacle original de M. Marcelin Albert, toujours sous le coup d'un mandat d'arrêt, traversant Paris, à visage découvert, allant déjeuner dans un café du quartier Latin, donnant des interviews, envoyant des dépêches à M. le président du conseil, faisant une promenade au Bois en automobile et, le soir, partant par la gare de Lyon, escorté de curieux et de journalistes, rentrant le lendemain chez lui, tenant des réunions, prononçant des discours, votant des ordres du jour, envoyant de nouvelles lettres et de nouvelles dépêches à M. le président du conseil et enfin, au moment fixé par lui, deux jours après, allant se présenter devant la justice de son pays."
1907-06-28,L'ORATEUR,"L'orateur qui m'a précédé ici se demandait comment M. Marcelin Albert avait pu bénéficier de cette situation privilégiée, de ce traitement extra-légal, contraire au respect de la loi, pour reprendre l’expression de l'ordre du jour voté par la Chambre."
1907-06-28,L'ORATEUR,"Il me semble que la réponse à cette question a été donnée au lendemain même dela visite de M. Marcelin Albert à Paris par une note d'allure officieuse que les journaux ont reproduite. Cette note disait que M. Marcelin Albert était porteur, non point d'un sauf-conduit — on n'a pas voulu de ce mot — mais porteur d'un écrit de la main de M. le président du conseil, qui lui permettait de rentrer directement à Narbonne pour se mettre à la disposition de la loi."
1907-06-28,L'ORATEUR,"Quel est cet écrit? Et avant que cet écrit ait été délivré, quels furent les engagements pris de part et d'autre, les promesses faites?"
1907-06-28,L'ORATEUR,C'est sur ces points précis que je me permets à mon tour de solliciter des explications précises du Gouvernement.
1907-06-28,L'ORATEUR,"Je me garderai bien de juger et surtout de blâmer par avance une mesure qui a pu justement être considérée comme un acte politique, un acte qui n'était pas conforme, c'est entendu, à la première partie de l'ordre du jour qui chargeait le Gouvernement d'assurer le respect de la loi, mais qui était peut-être conforme à la seconde partie de cet ordre du jour qui chargeait le Gouvernement d'assurer la pacification du pays."
1907-06-28,L'ORATEUR,"Ce que je tiens à dire par avance, et avant d'avoir entendu les explications du Gouvernement, c'est que cette mesure, même si elle a été vaine, inutile, malheureuse, si elle n'a point abouti, doit nécessairement en appeler une autre."
1907-06-28,L'ORATEUR,"Je dis qu'étant donné le traitement extraordinaire de faveur qu'on a fait à M. Marcelin Albert pendant plusieurs jours par la volonté du Gouvernement, il n'est plus possible non seulement de le garder en prison, mais surtout de garder en prison les autres inculpés (Applaudissements à l'extrême gauche), parce que le principe de l'égalité devant la loi est le fondement même de notre droit républicain."
1907-06-28,L'ORATEUR,"Tout de suite, jusqu'au bout de la clémence, c'est-à-dire non seulement de relaxer des hommes qui sont d'honnêtes gens, de bons et de loyaux Français, de bons républicains, mais encore d'anéantir les poursuites elles-mêmes et faire, du même coup, selon le vœu de l'ordre du jour, la pacification complète et immédiate du pays."
1907-06-28,L'ORATEUR,Telle est la première question que je voulais soumettre à la Chambre et au Gouvernement. J'arrive à la seconde.
1907-06-28,L'ORATEUR,"La pacification du pays exige encore une autre mesure. On a rappelé tout à l'heure, parmi tous les événements douloureux que nous venons de traverser, un incident particulièrement pénible et qui nous a profondément émus. Nous avons vu un régiment tourner le dos à ses chefs, et passer en armes du côté des manifestants."
1907-06-28,M. LE PRESIDENT DU CONSEIL,C'est matériellement inexact.
1907-06-28,M. PAUL-MEUNIER,"Monsieur le président du conseil, je vous lirai le rapport du général Bailloud."
1907-06-28,M. PAUL-MEUNIER,"Monsieur le président du conseil, je vous assure que je n'ai pas la prétention d'apporter ici des renseignements absolument contrôlés. J'ai surtout le désir de provoquer vos explications, et je serais trop heureux de recueillir tout à l'heure les rectifications que vous formulerez."
1907-06-28,M. PAUL-MEUNIER,"En tous cas, je reste convaincu qu'il ne s'agit que d'une défection passagère et isolée dans l'armée française et que nous serions nous-mêmes très coupables d'en exagérer l'importance et d'alarmer l'opinion."
1907-06-28,M. GUSTAVE ROUANET,Très bien !
1907-06-28,M. PAUL-MEUNIER,"Dans l'armée comme dans le pays, je crois que, selon le vœu émis par la Chambre vendredi dernier, la pacification s'impose autant que le respect de la loi."
1907-06-28,M. LE PRESIDENT DU CONSEIL,Qu'on commence par le respect de la loi !
1907-06-28,ROUANET,Très bien !
1907-06-28,PAUL-MEUNIER,"Dans l'armée comme dans le pays, je crois que, selon le vœu émis par la Chambre vendredi dernier, la pacification s'impose autant que le respect de la loi."
1907-06-28,LE PRESIDENT DU CONSEIL,Qu'on commence par le respect de la loi !
1907-06-28,PAUL-MEUNIER,"Qu'il me soit permis, dans cette pensée de pacification et d'apaisement, de déplorer — et je le dis avec un profond respect pour une décision récente de la Chambre, sans vouloir récriminer contre un vote acquis — l'ajournement prononcé tout récemment, de la discussion du projet de loi sur les conseils de guerre, (Très bien! très bien! à l'extrême gauche), sur la demande de notre éminent collègue M. Ribot, appuyée par M. le président du conseil."
1907-06-28,CONSTANS,Il y a longtemps
1907-06-28,PAUL-MEUNIER,"C'était, pour reprendre une formule consacrée, « la grande pensée du règne », et il semblait que M. le général, Picquart eût été appelé au ministère de la guerre pour la réaliser."
1907-06-28,GUSTAVE ROUANET,Elle y est toujours!
1907-06-28,GAUTHIER (DE CLAGNY),Elle est en bas et en haut.
1907-06-28,PAUL-MEUNIER,"Et, juste à ce moment, au milieu de ces difficultés contre lesquelles le ministère Waldeck-Rousseau se débattait, qui donc le sommait de réaliser la réforme dont je parle, de faire mettre en discussion le projet de loi sur la réforme des conseils de guerre ?"
1907-06-28,JULES DELAKAYE,"A ce moment-là, il avait d'autres ministres de la guerre."
1907-06-28,PAUL-MEUNIER,"Et quand le ministère Waldeck-Rousseau, quelque temps après; s'est substitué le projet du général André, vous disiez: deux ans que l'on nous fait attendre la réforme des tribunaux militaires. Voici encore un nouveau texte ; j'espère bien que quelqu'un trouvera maintenant de nouveaux prétextes d'ajournement et que nous Allons enfin discuter."
1907-06-28,LE PRESIDENT DU CONSEIL,"On ne vous a pas écouté en 1901; on n'a pas discuté. Et hier, c'est pour vous écouter que l'on a voté l'ajournement."
1907-06-28,PAUL-MEUNIER,"Ce qui il y a de plus grave, messieurs, dans cet ajournement, que je me suis permis de dire avec un grand respect pour la Chambre et sans vouloir blesser aucun de nos collègues, c'est la composition de la majorité qui l'a voté. Vos amis, monsieur le président du conseil, ceux dont la confiance doit faire la seule force du Gouvernement, ne sont pas la majorité dans cette écriture."
1907-06-28,PAUL CONSTANS,La faillite continue.
1907-06-28,LE BARON AMEDEE REILLE,Qu'on labrege les vacances pour voter l'impôt sur le revenu.
1907-06-28,Constans,La faillite continue.
1907-06-28,Reille,Qu'on labrègle les vacances pour voter l'impôt sur le revenu.
1907-06-28,Paul-Meunier,"Il y a six ans, presque à pareille époque, au mois de juin 1901, quelques jours avant la clôture de la session ordinaire M. le président du conseil citait un article important qui venait de paraître dans un journal parisien sous la signature de M. René Viviani. Je vous demande la permission de détacher trois phrases de cet article et de prendre ensuite trois lignes du commentaire dont M. le président du conseil l'afait suivre. Ce sera toute ma conclusion."
1907-06-28,Clemenceau,"Certes, ce n'est pas moi qui prendrai contre Viviani la défense du ministère Waldeck-Rousseau ; mais qui donc a empêché Viviani de protester à la tribune ? Peut-être cette fin de session eût-elle été moins lamentable, si Viviani n'avait pas attendu, pour s'en aviser, que la session fût close."
1907-06-28,Aldy,"Messieurs, les tragiques événements du Midi m'obligent à intervenir de nouveau. Ne m'en faites pas grief. Lorsque j'ai pris la parole vendredi dernier, je ne savais pas exactement ce qui s'était passé dans notre région ; il m'a été permis de m'y rendre; j'ai fait moi-même des constatations que j'ai le devoir d'apporter à cette tribune."
1907-06-28,Bedouce,Je vais parler des faits qui ont suivi les ordres donnés;
1907-06-28,Président du conseil,"Il y a, disait-il, une autre difficulté;c'est que si les faits s'étaient passés comme on les raconte, il n'y aurait pas en ce moment un soldat mourant, la tête fracassée: il n'y aurait pas à l'hôpital 47 soldats et 5 ou 6 officiers, au total 50 et quelques blessés. Dans le récit de M. Aldy, les officiers tirent sur la foule, mais la foule ne tire jamais sur les officiers. Qu'il aille à l'hôpital de Narbonne, la réponse lui sera donnéeo."
1907-06-28,Aldy,"Messieurs, je suis allé prendre cette réponse à mon arrivée à Narbonne; obéissant à un sentiment que vous comprendrez tous, je me suis rendu à l'hôpital;"
1907-06-28,Aldy,"Il n'est renseigné lui-même que par les auteurs responsables des faits contre lesquels nous nous élevons. Vous protestez encore, monsieur le président du conseil ? J'ai cependant pour moi le témoignage des nombreuses personnes qui m'accompagnaient à l'hôpital. Ce que j'affirme a été publié par tous les journaux de province et de Paris, dont les rédacteurs étaient à mes côtés au cours de cette visite."
1907-06-28,Aldy,"J'ai sous mes yeux leurs articles : voulezvous que je vous les lise? J’en prends un au hasard, publié dans le Journal du 24 juin : « Les militaires blessés et l'origine de leurs blessures. — Vendredi, au cours du débat à la Chambre sur les troubles du Midi, M. Clemenceau déclarait qu'au cours des bagarres de Narbonne, 6 officiers, 10 sousofficiers et 47 soldats avaient été blessés."
1907-06-28,Aldy,"Ce renseignement était exact; M. Aldy tous ceux qui l'accompagnaient ont pu s'en convaincre. Il n'y a à l'hôpital de Narbonne qu'un seul officier, le capitaine Ducros, du 13êc, atteint à la tête par une bouteille; 3 soldats du 139e d'infanterie, 2 du 80e, 1 du 10, 1 cuirassier du 10e régiment et 2 gendarmes de la 16e région."
1907-06-28,Aldy,"Or le député de Narbonne s'est entretenu avec chacun d'eux, et aux questions qui leur furent posées par M. Aldy ils répondirent franchement. On apprit de cette façon que les trois soldats du 139e avaient été blessés, l'un dit « au pied» en démolissant une barricade, les deux autres par des pierres qui les atteignirent à la tête. Un soldat du 80e a été blessé à la jambe en démolissant une barricade, également par la chute d'une poutre. L'autre homme du 80e s'est cassé une jambe en jouant à sautemouton dans la cour du collège."
1907-06-28,Aldy,Le soldat du 10e a reçu un coup de pointe d'une canne ferrée. Le cuirassier est tombé de cheval et son casque l'a blessé à la tête.
1907-06-28,Aldy,Y.nfIn un gendarme a reçu un coup de pied de cheval et le second un coup de pierre ou un coup de couteau.
1907-06-28,Aldy,"Vous n'avez pas ici d'autres blessés? demande M. Aldy au docteur Augé, directeur de l'hôpital. Non, répond ce dernier."
1907-06-28,Aldy,"Eh bien ! croyez-vous, monsieur le président du conseil, que des renseignements ainsi recueillis soient faux ou inexacts?"
1907-06-28,Aldy,M. le président du conseil. Je vous répondrai avec les documents officiels.
1907-06-28,Aldy,"M. Aldy. Certes, je me réjouis de voir ainsi réduit le nombre des blessés militaires que vous aviez annoncé. Je suis heureux, à ce point de vue, de constater que vous avez été trompé, mais je ne puis pas admettre que ce que j'ai vu puisse être contesté à l'aide des rapports que l'on vous envoie."
1907-06-28,Aldy,"Il est quelqu'un dans ce pays, monsieur le président du conseil — je veux bien admettre que ce n'est pas vous — il est quelqu'un qui sabote les télégrammes. (Très -bien! très bien ! sur les mêmes bancs.) On arrête, on mutilé ceux qui sont destinés aux journalistes."
1907-06-28,Aldy,Il serait curieux que ce même sabotage des informations s'exerçât contre vous-même dans les rapports qui vous sont adressés !
1907-06-28,Aldy,"Messieurs, je suis allé visiter le seul militaire blessé grièvement qu'il y ait à l'hôpital de Narbonne: c'est M. le capitaine Ducrot."
1907-06-28,Aldy,"Il m'a été signalé comme un excellent homme, et j'ai tenu à lui porter moimême mes vœux de prompt rétablissement."
1907-06-28,Aldy,Le capitaine Ducrot a été blessé par un coup de bouteille qui. ne lui était pas destiné. Un sous-officier de cuirassiers - d'autres m'ont dit un planton — était poursuivi par un certain nombre de personnes surexcitées par les provocations de ces cavaliers.
1907-06-28,Aldy,"Ce militaire se dirigea vers le jardin du musée, à l'intérieur duquel était le capitaine Ducrot. Au moment où. celui-ci ouvrait la porte, une bouteille fut lancée contre le cuirassier."
1907-06-28,Aldy,Elle se brisa sur un barreau de la grille du jardin et un fragment atteignit le capitaine Ducrot à la nuque.
1907-06-28,Aldy,Voilà exactement comment cet officier a été blessé. Le directeur de l'hôpital et les médecins de service ont affirmé d'autre part — permettez-moi d'insister sur ce point — que depuis l'entrée des troupes à Narbonne il n'y avait eu que seize blessés militaires portés à l'hôpital.
1907-06-28,Aldy,"Enfin, j'ai recherché si des militaires avaient reçu des blessures d'armes à feu. J'ai interrogé le directeur, les médecins : leur réponse a été négative."
1907-06-28,Aldy,Il serait superflu de faire remarquer l'importance de cette constatation.
1907-06-28,Aldy,"Je tenais, messieurs, à rectifier les affirmations erronées apportées à la tribune-par M. le président du conseil. Cette rectification opérée, j'aborde l'examen des faits qui se sont produits le 19 et le 20 juin."
1907-06-28,Aldy,"J'arrive, je le sais, à la partie la plus pénible de ma tâche. Quelque douloureux que soit l'accomplissement de mon devoir, il ne m'est pas permis de m'y soustraire."
1907-06-28,Aldy,"La Chambre reconnaîtra, d'ailleurs, que je n'affirmerai rien par moi-même : je me bornerai à rapporter des faits attestés par des témoignages dont on ne contestera pas la valeur."
1907-06-28,Aldy,"Je ne vous parlerai pas, messieurs, des incidents provoqués par l'arrestation de M. Ferroul ; cette arrestation eut lieu aisément, M. Ferroul ayant fait tout ce qui dépendait de lui pour faciliter leur tâche aux agents chargés de l'arrêter."
1907-06-28,Aldy,Ce point est aujourd'hui indiscutablement établi.
1907-06-28,Aldy,Je ferai passer tout à l'heure sous vos yeux et sous les yeux de la Chambre deux hommes desquels il résulte qu'il y a eu agents provocateurs.
1907-06-28,Aldy,"Vous verrez mes preuves. Vous faites sans doute l'honneur de croire-moi, ne parle pas à la légère et que je sais les paroles que je prononce?"
1907-06-28,Aldy,"Je compte bien, si vous montrez difficile à l'excès pour les preuves que j'apporterai, que la Chambre se montrera également difficile pour les rapports que vous produirez."
1907-06-28,Aldy,"Je vous ai dit que vous auriez m'espreuves. Mais je compte bien, si vous montrez difficile à l'excès pour les preuves que j'apporterai, que la Chambre se montrera également difficile pour les rapports avou produirez."
1907-06-28,Jesoussigné,"Jesoussigné, certifie avoir été témoin. mercredisoir 9 juin, vers neuf heuresmoinsun quart, sur la promenade des Barques, d'une charge de cuirassiers dont j'ai failli être victime avec ma femme. Nous nous trouvions à l'extrémité de la passerelle et nous nous disposions à traverser les Barques avec Mme Delpech pour aller passer la soirée chez des amis, lorsque plusieurspersonnes dont MM. Jules Grulet propriétaire,et Albert Calmettes, négociant, président de la chambre de commerce, se sont précipités sur nous en nousannonçant une charge de cuirassiers et nous engageant vivement à ne pas traverser."
1907-06-28,Aucunesommation,aucune sommation n'avait été faite et il n'y avait pas plus de soixante personnes sur la promenade.
1907-06-28,Il,Il est le fils d'un conseiller à l'acourd'appelde Montpellier. Son frère est capitaine d'infanterie en activité de service.
1907-06-28,Grininger,"Boulevard Gambetta — dit M. Grininger - les cuirassiers passent au trot, devant la rue d'Aragon, marquent un temps d'arrêt en face le Grand café, puis remontent le boulevard vers la sous-préfecture. A ce moment, l'officier ou l'adjudant resté à l'arrière, se détachant brusquement, monte à toute allure sur le trottoir, porte un coup de taille formidable à M. Araon, industriel, et s'enfuit à toute bride."
1907-06-28,M. le président du conseil,ils n'avaient pas de revolvers.
1907-06-28,Elie Milhaud,"Je soussigné Elie Milhaud, juge au tribunal de commerce de Narbonne, déclare que le soir du 19 juin dernier j'étais assis avec ma famille devant la porte de ma maison, 28, boulevard Gambetta. Très peu de monde passait sur la chaussée, davantage sur les trottoirs, lorsque je vis arriver au grand galop un escadron de cuirassiers allant dans la direction de la promenade des Barques. Les gens, surpris de cette charge que rien ne justifiait, huèrent la cavalerie."
1907-06-28,Louis-Blanc,"à Narbonne ; de M. Marty, propriétaire."
1907-06-28,Marty,"13, rue Viollet-le-Duc ; de M. Chabert (Paul), rue Lazare-Carnot, 8, à Narbonne,"
1907-06-28,Chabert,qui lui-même a reçu un coup de feu à l'oreille droite et un coup de sabre sur le nez.
1907-06-28,Témoin,"Tous ces témoins confirment les déclarations dont j'ai donné lecture, et qui sont suffisamment probantes et décisives pour me dispenser de vous lire tous les témoignages qui m'ont été apportés."
1907-06-28,Marguerite Peyre,"Je, soussignée, Marguerite Peyre, rue Valmy, 41, déclare m'être trouvée sur le boulevard Gambetta le 19 juin, à huit heures et demie du soir environ, à hauteur du café Régis Vincent, lorsqu'une première charge de cuirassiers passa près de moi, sur le trottoir où je m'étais réfugiée derrière une vespasienne en entendant des coups de revolver Un cavalier passa sur le trottoir, me poursuivit et me renversa avec son chevaL Au même moment, je recevais un coup de pointe de sabre sur la nuque. (Exclamations à l'extrême gauche et à droite.) « J'ai été d'autant plus surprise de cette attaque que je n'avais entendu aucune sommation, sauf des coups de revolver, alors que j'étais sortie de chez moi depuis un moment pour aller chercher des provisions pour mon mari qui devait partir d'assez bon matin le lendemain pour son travail."
1907-06-28,Père de Victor Grangé,"Le soussigné déclare que son fils Victor Grangé a été blessé dans les conditions suivantes : Son jeune fils, âgé de quinze ans environ, n'ayant jamais vu de cuirassiers, avait manifesté l'intention d'aller les admirer, malgré la défense expresse de ses parents de sortir. Se trouvant pris par une charge de cuirassiers, il se réfugia derrière un urinoir; continuant d'être pourchassé, il s'abrita derrière un fusain; il fut. abattu par un coup de revolver tiré par un sous-officier."
1907-06-28,Maxime Rajol,"Les soussignés ont été témoins du fait suivant : A la première charge des cuirassiers, boulevard Gambetta, à huit heures et demie du soir environ, un sous-officier a franchi le trottoir avec sa monture à la hauteur de l'urinoir, a fait le tour de cet édicule et a tiré deux coups de revolver sur deux enfants qui avaient peur de la charge et qui s'étaient cachés derrière les fusains de la terrasse du café voisin."
1907-06-28,Messieurs,"ce n'est pas tout; il s'est passé autre chose ce même soir sur le boulevard Gambetta. Vous savez que l'on a tiré dans le bar Paincout, qu'une grêle de balles s'est abattue sur cet établissement, qu'il y a eu là une personne tuée, le nommé Ramon, des personnes blessées qui n'étaient que des consommateurs paisibles, notamment les nommés Chabanié et Sire."
1907-06-28,Personne non identifiée,"nombre de balles, mais deux balles seulement ont perforé le rideau métallique. Il faut donc qu'on ait pris soin de viser pour que les balles aient passé ou sous le rideau, ou par la porte ouverte à ce moment."
1907-06-28,Personne non identifiée,"(Exclamations). J'insiste sur ces faits, parce que je sais qu'on est en train d'enquêter à Narbonne pour établir que Ramon a été tué en dehors du bar."
1907-06-28,Personne non identifiée,"On veut soutenir en outre que ceux qui ont tiré en chargeant, tiraient sur les devantures fermées dans le but d'effrayer les manifestants."
1907-06-28,Personne non identifiée,"Eh bien non ! ce n'est pas vrai. On n'a, pas tiré sur un rideau fermé ; on a tiré par une ouverture, en visant; ceux qui tiraient ne voulaient pas perdre inutilement leurs balles dans un rideau de fer."
1907-06-28,Personne non identifiée,J'ai pu me procurer un document. J'espère qu'on ne me demandera pas comment je l'ai eu ; je ne voudrais pas compromettre la personne qui me l'a remis.
1907-06-28,Personne non identifiée,C'est une copie de la minute du rapport de l'expert commis par le parquet pour rechercher les balles tirées dans le débit Paincout et ailleurs.
1907-06-28,Personne non identifiée,"Cet expert a fait les constatations suivantes : « L'expert commis a constaté au bar Paincourt la trace de quinze balles de revolver ou de mousqueton de cavalerie ; deux balles ont traversé le rideau en fer, et ce serait une de ces balles qui aurait tué Ramon et blessé sa fille."
1907-06-28,Personne non identifiée,« Les autres balles sont entrées par la partie qui était ouverte complètement ; le groupement en deux endroits prouve qu'on ne tirait pas au hasard car ces groupements sont à 1 m. 60 de hauteur. Plusieurs balles ont été trouvées dans la porte.
1907-06-28,Personne non identifiée,"Suivent d'autres constatations. Dans d'antres bars, chez Fouquet, en face le bar Paincourt, une balle de revolver d'ordonnance a été retrouvée ; chez Casal, en face le bar Paincourt et attenant à la maison Fouquet, une balle de revolver a été également trouvée."
1907-06-28,Personne non identifiée,"Il est donc certain, d'après l'état des lieux, qu'une véritable fusillade a été dirigée contre le bar Paincourt. Les mêmes consta-"
1907-06-28,Personne non identifiée,tations ont été faites par un certain nombre de témoins.
1907-06-28,Personne non identifiée,"Voici leurs déclarations : « Les soussignés Médaule, grand café glacier; Bertet, pharmacien; docteur Barthès; Balançon, marchand tailleur; Caumel, rédacteur correspondant du journal la Dépêche de Toulouse; Julien, coiffeur ; Tirefort, sous-inspecteur de la sûreté, et Dencausse, garage d'automobiles, certifient qu'ils ont constaté par eux-mêmes les faits suivants : « Après les événements du 19 juin, il y avait dans la devanture et dans l'intérieur du bar Paincourt les traces d'un grand nombre de balles, les unes ayant perforé le rideau en fer qui sert de fermeture, perforé la glace, les autres, en très grand nombre, ayant pénétré dans l'intérieur, au dessous du rideau à moitié abaissé. Plusieurs chaises et d'autres meubles ont été brisés par les balles."
1907-06-28,Personne non identifiée,"(Mouvements divers.) Comment expliquer cela ? On ne peut, hélas ! trouver qu'une explication : c'est qu'on a bien visé et habilement tiré."
1907-06-28,Personne non identifiée,"Et maintenant, messieurs, permettez-moi d'aller jusqu'au bout dans la narration de ce très douloureux incident. J'ai à vous lire la déclaration du limonadier Paincourt."
1907-06-28,Personne non identifiée,Son témoignage est écrasant; je ne le ferai suivre d'aucun commentaire.
1907-06-28,Personne non identifiée,"« Le 19 juin au soir, à la première charge, j'ai fait rentrer tables et chaises et mes clients se sont réfugiés dans l'établissement."
1907-06-28,Personne non identifiée,"(A la seconde charge, les rideaux en fer étaient baissés — sauf celui de la porte, qui n'était baissé qu'à moitié — et la porte grande ouverte."
1907-06-28,Personne non identifiée,"« Les cavaliers ont fait front, et une grêle de balles s'est abattue sur mon débit. C'est à l'intérieur de mon établissement que Ramon a été tué, sa fille mortellement blessée, ainsi que Chabanié et Sire. Celui-ci a cinq balles dans les jambes."
1907-06-28,Personne non identifiée,"Nota. — A midi, j'avais refusé de servir des consommations à cinq lieutenants et à un capitaine de cuirassiers. Je constate simplement le fait, en ajoutant que les boutiques voisines de mon bar n'ont reçu aucune balle."
1907-06-28,Personne non identifiée,"Je passe aussi rapidement que possible sur tous ces témoignages. Comme je vous l'ai dit, c'est là un véritable procès-verbal d'enquête dont j'ai l'honneur de vous donner lecture."
1907-06-28,Personne non identifiée,"J'arrive aux événements qui se sont déroulés le 20 juin sur la place de l'IIôtel-deVille. Les certificats et les attestations que j'ai en mains sont très nombreux. Je n en lirai qu'un petit nombre, trois ou quatre au plus, mettant à la disposition de qui voudra les contrôler les autres documents qui m'ont été remis."
1907-06-28,Personne non identifiée,"Voici la première attestation. Elle est de M. Fabre, marchand grainetier, 14, place de l'Hôtel-de-Ville :"
1907-06-28,foule,qui amenait le blessé. Les soldats croisent la baïonnette et la foule se retourneirfuyant.
1907-06-28,i,"De suite un coup de feu part dui centre des soldats, tiré en l'air. De suite un; feu de salve eontinue sans lever mêmeleglfusils. De mon côté, sur l'aile gauche,j'ai-,vu un caporal et un soldat se détacher et faire feu, en visant, dans la rue de l'Ancien"" Courrier. J'ai vu sortir le commandant de la: mairie, qui a donné l'ordre de cesser le; feu."
1907-06-28,le président du conseil,"Non, le colonel n'était pas là. M. Aldy."
1907-06-28,J'ai recueilli chez moi le nommé Souris,"qui était poursuivi par les soldats. Ils nous ont mis en joue. Aucune sommation n'a été faite par la troupe. A mon avis, les fusils étaient chargés quand la section avait l'arme au pied."
1907-06-28,La Chambre se souvient de l'incident,"auquel se rapporte cette déclaration. Un policier maltraité d'une façon que j'ai été le premier à regretter était conduit à l'hôtel de ville. Les soldats ont tiré sur ceux qui amenaient cet homme; ils ont tiré sans, sommation et continué de tirer sur la foule !"
1907-06-28,qui s'enfuyait,Le fils du président du tribunal de commerce — un sauveteur comme on l'a appelé — a été blessé à ce moment d'un coup de baïonnette.
1907-06-28,Paul Cliavernac,J'étais parmi les personnes qui proté
1907-06-28,Félix Fourès,"que le 20 juin dernier, vers quatre heures du soir, j'ai retiré du canal un homme qu'on disait être un commissaire de police venu de Paris. Après l'avoir retiré du canal, je l'ai soutenu pour marcher, et, accompagné d'une foulenom-:breuse, jel'ai accompagné jusqu'à la place debrease,ieiille."
1907-06-28,Juste Villes,"en fa,,sant connaître à la Chambre que j'en ainutrès grand nombre qui confirment absolu ment celles dont je donne lecture :,â« Je soussigné Juste Villes, employé"",°~commerce,maison Redouté à Narbonne, déclare et certifie que dans la journée 20 juin, vers les trois heures etdemiedu^1:"
1907-06-28,M.le président du conseil,Il n'y avait pas de policiers sur le balcon.
1907-06-28,M.Aldy,"Ce qui est abominable, ce n'est Pasde dénoncer de tels actes, c'est de les1ommettre.( Vifs applaudissements à l'exIreme gauche.)"
1907-06-28,M.le président du conseil,Mais encore faut-ilqu'ils soient vrais et qu'ils soientprouvés!
1907-06-28,M.HenryFerrette,M. Aldy a fait uneenquête lui-même.
1907-06-28,M.leprésident du conseil,Il est faciledétablirqu'on n'a envoyé personne deParis.
1907-06-28,Ferrette,ais encore faut-il que ils soient vrais et qu'ils soient prouvés!
1907-06-28,Aldy,M. Aldy a fait une enquête lui-même.
1907-06-28,président du conseil,Il est facile de déterminer que on n'a envoyé personne de Paris.
1907-06-28,J,Je lirai l'enquête militaire. (Exclamations à l'extreme gauche.) Allez-vous prétendre qu'on ne peut pas dire la vérité sous l'uniforme français?
1907-06-28,Aldy,Jevous donne les noms des témoins.
1907-06-28,président du conseil,"Je vous dirais les noms des miens, aussi."
1907-06-28,Aldy,Je vous donne ma parole.
1907-06-28,président du conseil,"Qu'est-ce donc qui autorise votre témoin à dire que ce sont les policiers qui étaient sur le balcon de l'hôtel de ville? Mais qui donc pouvait être à l'intérieur de la mairie, occupée par des soldats?"
1907-06-28,président du conseil,C'est admirable !
1907-06-28,Aldy,"Vous ne comprenez pas ce que je dis, monsieur le président du conseil; jevaistâcher de vous l'expliquer L'hôtel de ville était occupé militairement et il y avait des troupes au rez-de-chaussée, il y avait un bataillon au premier étage; s'il y avait des civils, croyez-vous que c'étaient des civils appartenant à la population ?"
1907-06-28,président du conseil,Il y avait des soldats blessés.
1907-06-28,Aldy,"Alors, quand un soldat est blessé, pour le soigner on l'habille en civil?"
1907-06-28,président du conseil,Cent témoins affirment qu'aucun coup de revolver n'a été tiré du balcon.
1907-06-28,Aldy,Je me garderai bien d'ajouter un mot aux témoignages que j'ai.
1907-06-28,président du conseil,Et s'il y en a cent autres dans le sens contraire ?
1907-06-28,Aldy,"Eh bien! nous en trouverons tout autant pour contrêder les vôtres. En tout cas, vous voudrez bien admettre, lorsque j'apporte ici des déclarations signées par des gens honorables, que ces gens honorables doivent savoir ce qu'ils disent."
1907-06-28,président du conseil,Les gens honorables peuvent se tromper!
1907-06-28,Aldy,"Ah! monsieur le président du conseil, si on fait une enquête sur ces événements vous verrez qui de vous ou de moi a été le mieux informé."
1907-06-28,Aldy,"Mais j'achève cette déclaration : « La fusillade semblait terminée lorsque plusieurs courageux citoyens qui s'étaient approchés pour relever les cadavres furent reçus par une nouvelle décharge des policiers du balcon. «Je réussis à me retirer, et dès que je fus à l'abri, je vis un officier supérieur, le colonel, je crois, faire irruption de la porte de l'hôtel de ville et faire cesser la tuerie. »"
1907-06-28,président du conseil,Le colonel n'était pas là.
1907-06-28,Aldy,C'est alors que les renseignements que l'on recueille sur place sont singulièrement différents de ceux que l'on a de loin!
1907-06-28,président du conseil,"J'ai les rapports des officiers. [Interruptions à l'extrême gauche.) Vous verrez, messieurs, en quels termes émus ils parlent. Vous serez obligés de leur rendre justice et de reconnaître que ce sont de braves gens."
1907-06-28,Aldy,"Je reprends ma lecture :«Je vis un officier supérieur, le colonel, je crois, faire irruption de la porte à l'hôtel de ville et faire cesser la tuerie. On put alors relever les cadavres et les blessés. « Fait en mon âme et conscience pour rendre hommage à la vérité. « Narbonne, le 23 juin 1907. »"
1907-06-28,Aldy,"Je devais produire ces déclarations. C'était, je vous l'ai dit, la partie la plus poignante de ma tâche et celle qui m'angoissait le plus."
1907-06-28,président du conseil,Le colonel n'était pas là.
1907-06-28,Aldy,C'est alors que les renseignements que l'on recueille sur place sont singulièrement différents de ceux que l'on a de loin!
1907-06-28,président du conseil,"J'ai les rapports des officiers. [Interruptions à l'extrême gauche.) Vous verrez, messieurs, en quels termes émus ils parlent. Vous serez obligés de leur rendre justice et de reconnaître que ce sont de braves gens."
1907-06-28,Aldy,"Je reprends ma lecture :«Je vis un officier supérieur, le colonel, je crois, faire irruption de la porte à l'hôtel de ville et faire cesser la tuerie. On put alors relever les cadavres et les blessés. « Fait en mon âme et conscience pour rendre hommage à la vérité. « Narbonne, le 23 juin 1907. »"
1907-06-28,Aldy,"Je devais produire ces déclarations. C'était, je vous l'ai dit, la partie la plus poignante de ma tâche et celle qui m'angoissait le plus."
1907-06-28,président du conseil,"Le Gouvernement, pour arrêter M. Ferroul et les membres du comité d'Argeliers, a employé le procédé que je vais signaler."
1907-06-28,ROUANET,"Voulez-vous, messieurs, que nous rapprochions les dates? Vous me direz ensuite s."
1907-06-28,ROUANET,"Il faut transporter cette ordonnance et le dossier de Béziers à Montpellier pour permettre à la chambre des mises en accusation de statuer. Or, l'arrêt de la chambre des mises a été rendu le même jour 18 juin."
1907-06-28,ROUANET,"Il a été rendu le matin, après un délibéré très long qui a duré jusqu'à midi. Comment donc cette ordonnance rendue le 18 juin par le juge d'instruction de Béziers a-t-elle pu être transmise avec toute la procédure de façon que la chambre des mises en accusation ait pu statuer le même jour à son audience du matin ? Est-ce que c'est possible ? Les dates ont leur éloquence. Pour que des choses pareilles arrivent il faut qu'elles soient arrêtées et convenues d'avance."
1907-06-28,ROUANET,Les dates ont leur éloquence. Pour que des choses pareilles arrivent il faut qu'elles soient arrêtées et convenues d'avance.
1907-06-28,ROUANET,"Il le faut, parce que si vous n'aviez pas eu la certitude que la magistrature mettrait à votre disposition les mandats que vous attendiez, vous n'auriez pas, à l'avance, mobilisé les troupes pour procéder aux arrestations, à l'exécution de ces mandats."
1907-06-28,ROUANET,M. Gustave Rouanet. Par ordre.
1907-06-28,ALDY,"Et alors, messieurs, comme je veux faire mon devoir jusqu'au bout, quoi qu'il me doive arriver, j'ajoute : Comme on comprend bien, maintenant, les propos attribués au président de la chambre des mises en accusation que l'on traduit devant le conseil supérieur de la magistrature, et auquel on reproche d'avoir dit : J'ai tenu le 'sort du Gouvernement dans ma main!"
1907-06-28,ALDY,Nouveaux applaudissements sur les mêmes bancs.
1907-06-28,ROUANET,"Messieurs, quelles raisons pouvaient donc justifier cette précipitation pour arrêter M. Ferroul et ses codétenus? Il est inutile de parler de notre ami; on sait très bien qu'il a fait l'impossible pour empêcher toute effusion de sang."
1907-06-28,ROUANET,"L'ancien adjoint de Narbonne, M. Fabre, m'a télégraphié ce matin : « Autorisé par Ferroul. Huit arrestations onze heures; me suis proposé à sous-préfet pour qu'arrestation soit faite sans collision possible. Mon offre repoussée sous prétexte instructions pas parvenues. »"
1907-06-28,ROUANET,Les troupes étaient arrivées! On savait que M. Ferroul allait être arrêté.
1907-06-28,ROUANNE,"La municipalité démissionnaire de Narbonne ne se préoccupant que d'une chose, prévenir toute collision, éviter l'effusion du sang, elle se mettait en somme à votre disposition, monsieur le président du conseil."
1907-06-28,ROUANNE,"Et on n'a pas voulu recevoir M. Fabre ! Les troupes étaient là, mais on n'avait pas d'instructions."
1907-06-28,ROUANNE,"Véritablement si l'on disait qu'une part quelconque de responsabilité dans les événements que nous déplorons peut incomber à la population de Narbonne, on commettrait une grossière erreur et une grave injustice envers cette population."
1907-06-28,ROUANNE,Vous savez d'ailleurs que certains membres du comité d'Argeliers ont été arrêtés chez eux sans résistance.
1907-06-28,ROUANNE,"Les autres, absents au moment où on venait les arrêter, se sont rendus tous seuls à la maison d'arrêt."
1907-06-28,ROUANNE,"Seul le grand agitateur, le « rédempteur », Albert Marcelin, restait libre."
1907-06-28,ROUANNE,"Je ne veux pas, dans la situation où il se trouve actuellement, apprécier sa conduite."
1907-06-28,ROUANNE,Albert est un brave homme qui a montré beaucoup de dévouement pour la cause au triomphe de laquelle il s'était attaché.
1907-06-28,ROUANNE,"Aujourd'hui, il a, je le répète, une attitude que je ne veux pas juger."
1907-06-28,ROUANNE,"Mais voyez donc, monsieur le président, quelle fatale imprévoyance a présidé à vos actes ! Vous avez agi sans savoir."
1907-06-28,Président du conseil,"n'a jamais été un homme dangereux, inquiétant pour la paix publique. Quand il s'est présenté devant vous, vous avez vu son attitude ; vous avez compris que c'était un brave homme qui ne désirait qu'une chose : arrêter l'effusion du sang."
1907-06-28,Aucun nom spécifié,"Je suis convaincu, s'il a versé les larmes que l'on dit, qu'il les a versées non pas sur lui-même, mais sur les victimes tombées à Narbonne."
1907-06-28,Président du conseil,"Mais voyez donc, monsieur le président, quelle fatale imprévoyance a présidé à vos actes ! Vous avez agi sans savoir."
1907-06-28,Aucun nom spécifié,"Je reconnais que vous ne pouviez pas tout savoir, vous; mais vos agents, vos préfets, vos sous-préfets (Applaudissements à l'extrême gauche et sur divers bancs au centre) sur le rapport desquels vous avez envoyé tant de soldats chez nous, vos préfets, dont les actes engagent ici votre responsabilité, nauraient-ils pas dû vous prévenir que ce serait là pire des fautes que d'arrêter ceux qui, comme Albert et Ferroul recommandaient à tous le calme et étaient la meilleure garantie du maintien du bon ordre et de la paix publique?"
1907-06-28,Président du conseil,"Il y a eu là une faute grave, extrêmement grave. Il est vrai qu'on trouve dans cette affaire des aspects moins graves."
1907-06-28,Aucun nom spécifié,"Lorsque M. Marcelin Albert vous a vu, vous qui savez juger si bien les hommes et les choses, vous avez cojnpris immédiatement à qui vous aviez affaire et vous lui avez délivré un sauf-conduit."
1907-06-28,Président du conseil,"Le voici : « J'invite les autorités civiles et militaires à laisser circuler jusqu'à nouvel ordre (Exclamations à l'extrême gauche, à droite et sur divers bancs au centre) dans toute l'étendue du territoire M. Marcelin Albert, porteur du présent écrit. Il retourne dans le département de l'Aude pour se mettre à la disposition de la loi. »"
1907-06-28,Président du conseil,Vous lui avez fait confiance.
1907-06-28,Aucun nom spécifié,"Je ne veux dire qu'une chose, c'est qu'il fallait la lui faire plus tôt. [Applaudissements sur les mêmes bancs.) Cette nouvelle méthode administrative de M. le président du conseil s'est encore affirmée lorsque M. Marcelin Albert a eu accompli sa mission."
1907-06-28,Président du conseil,"Il a reçu un télégramme de remerciements constatant la loyauté avec laquelle les promesses faites par lui avaient été tenues. Voici ce télégramme : « Je prends acte de l'absolue loyauté avec laquelle vous avez exécuté les promesses librement consenties. De mon côté, je ferai tout le possible pour obtenir l'apaisement»."
1907-06-28,Président du conseil,"Je pense bien, monsieur le président du conseil, qu'il n'était pas nécessaire qu'Albert Marcelin exécutât loyalement sa promesse pour que, de votre côté, vous fussiez disposé à rechercher l'apaisement. (Très bien 1 très bien 1 à Vextrême gauche.) Tout cela démontre qu'il n'y avait pas lieu de procéder ainsi qu'on l a fait contre des populations qui n'entend-aient pas sortir de la légalité."
1907-06-28,Aucun nom spécifié,"Je ne veux pas, messieurs, insister sur ce point; car si nous recherchions bien qui commet le sabotage administratif, nous ne le trouverions pas seulement du côté des municipalités du Midi, mais aussi, permettez-moi de le dire, sur les bancs du Gouvernement. (Applaudissements à l'extrême gauche.) La démission des municipalités a entraîné l'arrêt de certains services."
1907-06-28,Président du conseil,"Vous avez déclaré, monsieur le président du conseil, qu'il ne serait fait aucun acte par vos délégués ; vous avez oublié peut-être que la loi de 1884 vous permettait de faire exécuter par vos délégués les actes que les maires refusaient d accomplir. Or, si la loi vous donne ce pouvoir, vous avez l'obligation de l'exercer. Vous n'avez pas le droit d'interrompre la vie publique."
1907-06-28,Aucun nom spécifié,"Vous n'avez pas le droit d'interrompre la vie publique. (Très bien! très bien 1 à Vextrême gauche et sur divers bancs au centre et à droite.) C'est là, assurément, un bien petit « à côté » de la question."
1907-06-28,Aucun nom spécifié,"Pour nous, nous nous plaignons de ce que M. le président du conseil n'a pas su prévoir les événements, de ce qu'il a envoyé chez nous des gens qui ont fait tout le malQúevous savez, des troupes qui ont perdu tout sang-froid causé d'irréparables malhèurs."
1907-06-28,Aucun nom spécifié,"Les événements les plus regrettables, les plus abominables tueries sont arrivées parce que vous n'avez pas su prévoir."
1907-06-28,Aucun nom spécifié,"Ces malheurs vous condamnent. Vous avez tout mobilisé, tout mis en mouvement : forces de police et force armée ; vous avez ensanglanté une ville et tout cela pourquoi ? Parce que vous n'avez pas compris qup les gens qui étaient devant vous pouvaient bien, àuttmoment donné, manifester par des moyens: extralégaux leurs misères et leurs revendications, mais qu'ils n'étaient à aucun point de vue des agents de désordre et de trouble, des hommes dangereux dont l'arrestation s'imposait, dût-on, pour les arrêter, mettre toute une région à feu et à sang."
1907-06-28,Aucun nom spécifié,"A cette occasion, nous avons eu à Narbonne, — on l'a du moins affirmé et je l'ai lu dans plusieurs journaux - nous avons eu ce qu'on appelle une mission spéciale. Les uns ont parlé de quinze agents, d'autres, de trente; il y avait des commissaires spéciaux envoyés de Paris, ou d'ailleurs, peu m'importe: Le fait de leur présence n'est pas contestable, puisque certains d'entre eux ont été blessés — et nous l'avons regretté avec vous."
1907-06-28,Aucun nom spécifié,"Je vous ai dit que j'avais dans mon dossier des pièces relatives à la présence pos- sible d'agents provocateurs. Monsieur10président du conseil, je suis convaincu, si le fait est vrai, que vous n'avez pas prescrit une mesure pareille."
1907-06-28,Président du conseil,Cela n'est pas possible!
1907-06-28,Aldy,"Je suis bien convaincu que vous n'avez pas prescrit une mesure pareille, mais le fait néanmoins a pu se produire."
1907-06-28,Président du conseil,Il faut10prouver!
1907-06-28,Aldy,"la présence pos- sible d'agents provocateurs. Monsieur10président du conseil, je suis convaincu, si le fait est vrai, que vous n'avez pas prescrit une mesure pareille."
1907-06-28,le président du conseil,Cela n'est pas possible!
1907-06-28,Aldy,"Je suis bien convaincu que vous ne l'avez pas prescrite, mais le fait néanmoins a pu se produire."
1907-06-28,le président du conseil,Il faut10prouver! ?
1907-06-28,Aldy,Voici comment je vais le prouver. Je ne me suis pas avancé et jen9veut pas aller au delà des preuves que j'ai.
1907-06-28,Bonnaves (Germain),"Voici un premier certificat : « Je soussigné, Bonnaves (Germain), charcutier, rue de Paris, n° 32, à Narbonne, certifie les faits suivants : « J'étais devant le café de Paris, cagnard de cité, avec ma famille au moment de15charge des cuirassiers. J'ai partiemetiert vu deux personnes correctement vêtues, étrangères à la localité, l'une à l'angle du café du Midi, l'autre derrière un arbre, en face de ce même café du Midi, un re-f. volver à la main, déchargeant leurs arme^ et tirant en l'air. L'une est descendue sur11fberge du canal et l'autre a disparu dans la direction de la troupe. (Exclamations àiextrêmegauche.)(« En foi de quoi, etc. »)"
1907-06-28,le président du conseil,"Pour moi c'est significatif. Voilà des genS qui, au moment où la troupe se présenta se dissimulent pour tirer des coups defégen l'air. Mais cela ne peut avoir qu'une conséquence : déchaîner un massacre, provo-, quer d'épouvantables conflits !"
1907-06-28,Loubet (Jeau),"« Je soussigné, Loubet (Jeau), négocia en vins, demeurant caisse d'épargne,cet-tifie que le mercredi soir, me trouvantaltcafé de Paris (1er étage), ayantentendU.U!1:violente détonation, je me suis précipité la baie vitrée de cet établissement40Dnai$sur le cagnard. J'ai vu des hommesqilm'étaient complètement inconnusqui,àmoment, tiraient des coups de feu en,t~~Les deux détonations ont été très fortescne provenaient pas de revolvers."
1907-06-28,le président du conseil,"Je n'ai pas pu m'empêcher de direa., personnesprésentes : On vient de tirer àSSnc.Une demi-minute après résonnaient!looscoups de feu tirés par la troupe."
1907-06-28,Aldy,Cene sont pas là des agents provocateurs ?
1907-06-28,vous,"vous pouvez me dire que je ne fais pas une1preuveabsolue'en tout cas, monsieur leprésidentdu conseil, je puis vous affirmerquetoutes les personnes témoins de cesfaits,tousceuxqui ont vu ces gens étrangers a la localité, dans unevifle occupée:Inilitairement,tirant intempestivement deseoUPSde feu à blanc, tous sans exception.Onteucettepensée que ces coups de feuiavniété tirés par des agents provocateurs."
1907-06-28,Besnard,Cherchez donc qui a pu envyerles agents provocateurs !
1907-06-28,MauriceAllard,"Ce n'est pas laprO,Inièrefois que cela arrive."
1907-06-28,Aldy,"Ilya là des faits dont le caractèredegravité ne peut échapper à perosonne.Encoreune fois, je ne veux pas tirerdesdocuments que j'ai en mains d'autrescnnaAiUoncesque celles qui en résultent;littéralement.Mais ces documents sont à monavîasarmncntsignificatifs pour quechacunpuisse conclure."
1907-06-28,Baudry d'Asson,"Cen'est pas une simple copie que j'ai enmains,c'est, une photographie de l'original."
1907-06-28,le président du conseil,"« Monsieur, j'ai l'honneur de vous faireconnaîtreque votre demande de laissezpasser aux médecins de la ville de Narbonne sur le vu de leur carte de docteur enmédecinea été soumise par mes soins augénéralde division commandant d'armes-Ilme charge de vous répondre qu'il ne peutdonnersatisfaction à votur désir (Exclamafions à l'extrème gauche) à raison de l'hostilité persistante de la population qui refuseauxofficiers et à la troupe le gîte et lanourriture.("
1907-06-28,le président du conseil,"'ives exclamations à l'extrêmegaucheetsur diversbancs.)Dès que cettehostilitédisparaitra,les consignes serontmodifiées."
1907-06-28,Willm,C'est le chantage organisé.
1907-06-28,le président du conseil,"Je n'ai pasbesoinde dire qu'aussitôt que cette lettreaétéconnuedemoi,j'aienvoyél'ordredelaissercirculerlibrerrient tous les méde-blns."
1907-06-28,Aldy,"Noussommesheureux,monsieurle président du conseil, que le docteurZtZo^J0iSblen—«leSduGouvernement."
1907-06-28,Comment,"Comment vouliez-vous que la populationdeNarbonne s'inclinât devant l'occupationquil'opprimait?Le premierjour,168soildatsfurentaccueillisfraternellement avecdesacelamations.C'est seulement aprèslacharge des cuirassiers, au moment de l'enlèvement de Ferroul et après la fusillade du 139e, qu'il y eut une modification dans les rapports entre civils et militaires et une vive exaspération de la part de la population. Cela se conçoit fort bien. On comprend très bien, également, que la population ait refusé le gîte et le couvert à ceux qui avaient tiré sur elle."
1907-06-28,Gustave Rouanet,En droit international c'est un crime !
1907-06-28,Aldy,"J'ai terminé, messieurs, et je m'excuse d'avoir insisté aussi longuement."
1907-06-28,ROUANET,En droit international c'est un crime !
1907-06-28,ALDY,"J'ai terminé, messieurs, et je m'excuse d'avoir insisté aussi longuement."
1907-06-28,CLEMENCEAU,"Il est bien difficile de mener une pareille enquête à cette tribune, car les témoins, suivant la position qu'ils occupent, suivant leur état d'esprit, suivant l'interprétation qu'ils donnent aux faits qu'ils ont vus, apportent nécessairement des déclarations contradictoires. Juger sur un certain nombre de certificats des événements aussi confus et aussi importants à la fois que ceux dont nous a parlé M. Aldy, je déclare hautement que c'est impossible. Mais les faits qui ont été signalés sont si graves et la Chambre a été si complètement unanime à les réprouver que, du moment où ils ont été produits, je n'admettrais pas que la discussion pût se clore sans qu'une enquête ait été ouverte. (Très bien! résbien 1)"
1907-06-28,Aldy,"J'ai été invoqué à plusieurs reprises par M. Aldy. J'ai fait, en ce qui m'est concerné, tout ce qu'il était possible pour ne pas en arriver à cette extrémité. J'ai poussé si loin l'esprit de conciliation que beaucoup d'entre vous me l'ont reproché."
1907-06-28,Baudry d'Asson,On devrait craindre autant partout.
1907-06-28,Président du conseil,L'aveu est bon à retenir et j'enregistre l'approbation de M. de Baudry d'Asson.
1907-06-28,Mouvement divers,(Bruit)
1907-06-28,Président du conseil,L'aveu est bon à retenir et j'enregistre l'approbation de M. de Baudry d'Asson.
1907-06-28,Bruit,(Exclamations.)
1907-06-28,Président du conseil,L'aveu est bon à retenir et j'enregistre l'approbation de M. de Baudry d'Asson.
1907-06-28,De Baudry d'Asson,"(Exclamations.) Admettriez-vous que, pendant deux mois. le crieur public passe dans un village, annonce à la fois et que le percepteur est arrivé et que le comité viticole défend d'aller lui payer l'impôt? Admettriez-vous que, lorsque le percepteur se présente, il soit bousculé, frappé, chassé de la commune et reconduit de telle façon qu'il n'ait qu'à se sauver en toute hâte?"
1907-06-28,Mouvement divers,(Mouvements divers.)
1907-06-28,Président du conseil,L'aveu est bon à retenir et j'enregistre l'approbation de M. de Baudry d'Asson.
1907-06-28,Bruit,(Exclamations.)
1907-06-28,Président du conseil,L'aveu est bon à retenir et j'enregistre l'approbation de M. de Baudry d'Asson.
1907-06-28,De Baudry d'Asson,"Admettriez-vous que trois cents maires, agissant sous le coup de la peur — puisqu'un certain nombre d'entre eux ont déclaré que, s'ils n'avaient pas donné leur démission on aurait brûlé leurs maisons — admettriez-vous que trois cents maires se concertant pour donner leur démission, ce qui est défendu par le code pénal, je pense(Dénegalions sur divers bancs), la donnent tout à coup avec éclat, arrêtent les services publics et mettent l'administration clans l'impossibilité de fonctionner?"
1907-06-28,Mouvement divers,(Dénegalions sur divers bancs.)
1907-06-28,Président du conseil,L'aveu est bon à retenir et j'enregistre l'approbation de M. de Baudry d'Asson.
1907-06-28,Bruit,(Exclamations.)
1907-06-28,Président du conseil,L'aveu est bon à retenir et j'enregistre l'approbation de M. de Baudry d'Asson.
1907-06-28,De Baudry d'Asson,"Vous aviez trois départements en état d'insurrection. Partout les comités viticoles se substituaient à toutes les administrations à tous les pouvoirs publics, donnaient des ordres et étaient seuls obéis."
1907-06-28,Messieurs,Il faut être bien aveuglé par les préoccupations de personnes pour intervenir à un moment donné eût pu amener un changement dans l'état des esprits.
1907-06-28,Président du conseil,"J'ai attendu; j'ai attendu aussi longtemps que j'ai pu attendre, et je vous assure que, lorsque nous avons pris, en conseil des ministres — à l'unanimité, quoi qu'en ait dit M. Paul-Meunier, et sans qu'une voix s'élevât pour la combattre — la résolution d'intervenir, je peux dire que nous ne l'avons fait que le cœur saignant, et parce qu'il nous était impossible de nous soustraire au devoir, qui s'imposait à ce moment à tout gouvernement français, de rétablir l'unité de la loi dans l'unité de la France."
1907-06-28,Aldy,Personne ne la menaçait.
1907-06-28,Président du conseil,J'entends bien; c'est là qu'est le fond du différend entre nous.
1907-06-28,Vous,Dites : Mais Narbonne était calme le Midi était paisible aussi longtemps que les troupes ne sont pas intervenues.
1907-06-28,Président du conseil,"Je crois bien ! Parce que la révolution ne trouvera pas l'obstacle de la loi, parce que vous pourrez librement violer toutes les lois, vous resterez calmes, et vous déclarez que nous n'avions pas le droit de faire observer la loi. Mais le calme de votre état révolutionnaire provenait simplement de ce que la loi n'était pas respectée; notre devoir, à nous, était d'imposer le respect de la loi."
1907-06-28,Présent,(Rumeurs à l'extrême gauche. - Applaudissements à gauche et sur divers bancs au centre.)
1907-06-28,Président du conseil,"Messieurs, ma tâche est longue, l'heure est avancée, je suis fatigué. Je ne veux provoquer personne. J'ai cependant le devoir de répondre aux observations si graves et si topiques en apparence de l'honorable M. Aldy. Laissezmoi parler, je vous en prie."
1907-06-28,Parlez,"(Parlezl parlez!) Oui, si nous ne sommes fpas d'accord sur ce point qu'il y a à l'ouest, à l'est, au nord, au centre de la France de braves paysans qui souffrent à certains moments dans leurs intérêts les plus chers et les plus immédiats (Ti,ès bien! très bien! sur divers bancs à gauche), et qui payent cependant l'impôt, passent chez le percepteur et même subissent quelquefois au profit du Midi une augmentation de dépenses."
1907-06-28,Justin Augé,Allons donc
1907-06-28,Président du conseil,Parfaitement.
1907-06-28,Interruptions,(VtTs applaudissements sur un grand'•nombrede bancs à gauche et au centre. — interruptions à l'extrême gauche.)
1907-06-28,Jules Dansette,Ce n'est que trop vrai.
1907-06-28,Auriol,De telles paroles ne peuvent qu'exciter le Nord contre le Midi.
1907-06-28,Justin Augé,"Oui, vous voulez ameuter le Nord contre le Midi ! Continuez votre politique d'agression!"
1907-06-28,Président du conseil,"Je n'accuse pas le Midi ; je dis, parce que c'est mon droit et parce que c'est la vérité, qu'il y a des paysans français qui acceptent de payer le sucre plus cher afin de faire bénéficier de cet effort de solidarité les paysans du Midi."
1907-06-28,Présent,(Exclamations à l'extrême gauche.)
1907-06-28,Le baron Amédée Reille,Même pour vous.
1907-06-28,Président du conseil,"Messieurs, ma tâche est longue, l'heure est avancée, je suis fatigué. Je ne veux provoquer personne. J'ai cependant le devoir de répondre aux observations si graves et si topiques en apparence de l'honorable M. Aldy. Laissezmoi parler, je vous en prie."
1907-06-28,Parlez,(VtTs applaudissements sur un grand'•nombrede bancs à gauche et au centre. — interruptions à l'extrême gauche.)
1907-06-28,Président du conseil,Parfaitement.
1907-06-28,Auriol,De telles paroles ne peuvent qu'exciter le Nord contre le Midi.
1907-06-28,Justin Augé,"Oui, vous voulez ameuter le Nord contre le Midi ! Continuez votre politique d'agression! Vous restez conséquent avec vous-même."
1907-06-28,le président du conseil,"Je n'accuse pas le Midi ; je dis, parce que c'est mon droit et parce que c'est la vérité, qu'il y a des paysans français qui acceptent de payer le sucre plus cher afin de faire bénéficier de cet effort de solidarité les paysans du Midi."
1907-06-28,Devèze,C'est une erreur. Il n'y a pas de surtaxe sur le sucre destiné à la consommation générale. Seul le sucre employé à la vinification est frappé d'une surtaxe et ce sont les viticulteurs qui en portent tout le poids.
1907-06-28,le président du conseil,"Je dis que cela ne donne pas le droit aux paysans du Midi qui souffrent de déclarer qu'ils ne payeront pas l'impôt. (Applaudissements à gauche.) Le Gouvernement est si bien disposé pour le Midi qu'il a apporté en sa faveur un projet de loi qui a été, je l'espère, voté aujourd'hui par le Sénat."
1907-06-28,Justin Augé,"Comment ! L'article a été voté à main levée. (Exclamations à l'extrême gauche.) Evidemment, si j'en crois les rectifications."
1907-06-28,le président du conseil,"L'article qui règle la suite des sucres n'a été voté ici que parce qu'il y a eu des erreurs dans le scrutin. (Exclamations à l'extrême gauche.) Evidemment, si j'en crois les rectifications."
1907-06-28,Justin Augé,"Comment ! L'article a été voté à main levée 1 M. le président du conseil. Je dis que lorsque tous les Français, heureux ou malheureux, payent l'impôt, il ne se trouvera personne ici pour admettre que trois ou quatre' départements se coalisent, se fédèrent pour refuser de le payer. Et lorsqu'ils agissent ainsi, nous constatons que la misère n'y est pas tellement générale que les dépôts des caisses d'épargne, pendant ce temps-là, n'aient légèrement augmenté. (Exclamations.) M. Pujade. C'est une erreur, dont vous n'êtes d'ailleurs pas responsable !(Bouit.)M. le président. Messieurs, si vous voulez faire constater que la discussion est impossible, vous n'avez qu'à continuer ce bruit."
1907-06-28,Aldy,J'ai été écouté dans le plus grand silence ; je demande le même silence pour M. le président du conseil et je prie surtout mes collègues de ne pas se placer au pied de la tribune pour interrompre l'orateur.
1907-06-28,le président du conseil,"Entendezmoi bien : je n'insinue pas que les paysans du Midi ne souffrent pas cruellement à l'heure actuelle, mais je dis que la souffrance n'est pas tellement générale que les dépôts des caisses d'épargne n'aient légèrement augmenté."
1907-06-28,Emmanuel Brousse,Dans quel arrondissement?
1907-06-28,Pujade,Je vous dirai.
1907-06-28,le président du conseil,"Vous direz ce que vous voudrez, mais laissez moi dire d'abord ce que j'ai à dire."
1907-06-28,le président du conseil,"La misère n'est pas tellement générale que lorsque les mutins du 17e de ligne arrivent et se groupent sur la place publique à Béziers, elle empêche les gens qui les entourent aussitôt de leur verser en quelques instants la somme de 1,000 fr. qui aurait été beaucoup plus utilement employée en secours aux malheureux viticulteurs."
1907-06-28,Heureux ou malheureux,"Tous les citoyens français doivent l'impôt, étant donné que le Gouvernement leur doit toute la bienveillance et toute la tolérance commandées par l'humanité."
1907-06-28,Les paysans du Midi,Ne se plaignent pas que cette tolérance leur ait fait défaut.
1907-06-28,le président du conseil,"Ils ont versé cette année, jusqu'au dois même où je parle, avant la constitution desfcomités qui ont défendu de payer l'impôt,le*mêmes sommes qu'ils avaient versées l'année précédente. Par conséquent,sans:cette intervention des comités viticoles,1*irentrée de l'impôt serait aujourd'hui ceIqu'elle était normalement l'annéedernière."
1907-06-28,le président du conseil,Pouvons-nous le tolérerplu5longtemps?
1907-06-28,M. Varenne,C'est une pure plaisanterie Ils étaient deux cents.
1907-06-28,le président du conseil,"Etpendantce temps on nous fait savoir que, grâce;au recrutement régional, l'état d'esprit aux casernes est le même que dans lesvilles."
1907-06-28,M. Pujade,Je vous dirai.
1907-06-28,le président du conseil,"Vous direz ce que vous voudrez, mais laissez moi dire d'abord ce que j'ai à dire."
1907-06-28,Heureux ou malheureux,"Tous les citoyens français doivent l'impôt, étant donné que le Gouvernement leur doit toute la bienveillance et toute la tolérance commandées par l'humanité."
1907-06-28,Les paysans du Midi,Ne se plaignent pas que cette tolérance leur ait fait défaut.
1907-06-28,PRESIDENT DU CONSEIL,"pouvais dire que jamais je me résoudrais à faire intervenir la force et, laisser la place à d'autres. Je ne crois pas, quand je m'examine, que je tienne à moi, portefeuille, surtout à cette heure. On nous reproché pendant vingt ans, de ne pas pouvoir prendre le pouvoir. Depuis que je l'ai, je regrette le temps où j'étais dans opposition. (Applaudissements, rires.) Mais vous donner l'assurance que je suis."
1907-06-28,PRESIDENT DU CONSEIL,"pleine conscience de mes devoirs envers la République, et surtout, d'abord envers le pays. Je peux me tromper, je mets des doutes — il n'y a que de ce côté extréme gauche qu'on soit infaillible (Applaudissements à gauche et au centre) ; — je puis donner l'assurance que, lorsque je clairement mon devoir, quoi qu'arrive, travers toutes les difficultés, ce devoir sera accompli. (Applaudissements sur les mêitâ bancs.)6Ce jour-là était malheureusement pour moi."
1907-06-28,PRESIDENT DU CONSEIL,"il fallait prendre une décision. Il fallait savoir si nous étions résolus à appliquer la loi française dans tout le territoire français. Nous sommes regardés en face et nous avons dit c'est un moment cruel, c'est une épreuve douleureuse mais à l'unanimité nous promis d'accomplir notre devoir, nous l'avons accompli."
1907-06-28,PRESIDENT DU CONSEIL,J'ai donné les ordres que vous avez dit et j'ai eu des instructions pour vous. Passez un temps à les oublier.
1907-06-28,PRESIDENT DU CONSEIL,"J'avais prescrit d'abord que l'on ne employât que la cavalerie, parce que c'est l'arme la moins dangereuse; j'avais prescrit des sommations avec des roulements de tambour ; Puis des nouvelles sommations avec roulement de tambour avant l'emploi de l'infanterie; j'avais prescrit ensuite que l'infanterie ne pouvait se défendre qu'à la baïonnette, puisqu'on ne chargeait les armes qu'à la dernière extrémité ; puis enfin nous avions prié les chefs de recommander aux soldats l'extrême patience, de tout apporter héroïquement, de ne pas répondre aux provocations et de ne faire usage des armes que lorsqu'ils auraient à dépendre leur vie."
1907-06-28,PRESIDENT DU CONSEIL,"Voilà les instructions que nous avions données bien ! vous, messieurs de l'extrême gauche, qui avez été si clément envers d'autres ministères qui ont vu tomber plus de cadavres (Interruptions à l'extrême gauche), vous qui les défendiez si bien que vous leur avez donné la parole jusqu'à répudier la doctrine col,lectiviste que vous est chère (Applaudissements à gauche et au centre), vous dont les amis ont versé le sang dans le Nord-Pas-de-Calais - car le lieutenant Lautourest bien un homme, je suppose, et parce qu'il est revêtu de l'uniforme Ij.ls*sa mort, apparemment, n'en est pas douleureuse—vous dont les amis ont tué un malheureux soldat à coups de pierres dans les grèves de Grenoble; moi? je ne suis pas du sang aussi, dites-moi?"
1907-06-28,PRESIDENT DU CONSEIL,Tournade. Et le général Clément Thomas était mort.
1907-06-28,PRESIDENT DU CONSEIL,"Et je suis arrivé cinq minutes trop tard; si j'étais arrivé cinq minutes plus tôt j'aurais été fusillé avec lui, je vous en donne ma parole d'honneur. ( Vifs applaudissements sur m--.--, '1 ,. -yUIIUnomore a bancs.)J'ai beaucoup d'adversaires, mais je ne crois pas qu'il y en ait un seul qui puisse accuser de lâcheté."
1907-06-28,PRESIDENT DU CONSEIL,Reste à savoir comment nos instructions ont été exécutées. Voilà le point du débat après le discours de M: Aldy.
1907-06-28,PRESIDENT DU CONSEIL,"Eh bien! messieurs, moi aussi j'ai des positions, j'ai des rapports. Il faut d'abord s'expliquer là-dessus. On me dit : Vos rapports émanent de personnes intéressées : ces sont des rapports militaires."
1907-06-28,PRESIDENT DU CONSEIL,Une enquête militaire a été immédiatement ouverte; j'ai un dossier énorme ; j'ai passé une partie de la nuit à le consulter.
1907-06-28,PRESIDENT DU CONSEIL,"Une enquête judiciaire se poursuit. Si vous voulez joindre une enquête parlementaire, je donnerai ma voix."
1907-06-28,PRESIDENT DU CONSEIL,"M. Charles Benoist. Il y a assez de désordre comme cela M. le président du conseil. Vos témoins, aussi peu soient-ils passionnés, ir, arilspartayent les passions de leur ville et m'ont dit que leurs passions n'aient pas pu, à certains moments, déformer leur jugement, déformer même leur vision. C'est certainement ce qui est arrivé pour les coups de revolver dont vous parliez tout à l'heure."
1907-06-28,PRESIDENT DU CONSEIL,Vous accusez des officiers et soldats d'avoir permis à des agents provocateurs de monter sur un balcon pour tirer sur la foule.
1907-06-28,PRESIDENT DU CONSEIL,"Lorsque je vous montrerai comment les événements se sont passés, lorsque vous saurez que les paquets de cartouches n'étaient pas distribués, que l'officier n'avait pas voulu qu'ils le fussent, lorsque je vous expliquerai que les coups de fusils sont partis sans ordre, lorsque je vous expliquerai dans quelles conditions ils sont partis, au moment où une lutte individuelle s'engageait entre les soldats et la foule, je suis sûr que M. Aldy sera le premier à regretter ce qu'il a dit."
1907-06-28,PAUL CONSTANS,Il n'y a que les assassins qui ont raison.
1907-06-28,PRESIDENT DU CONSEIL,"Les soldats français ne sont pas des assassins. (Vifs applaudissements.) M. le président. Vous demandez la parole, si vous le voulez, monsieur Constans, mais ne la prenez pas et surtout dans ces termes-là."
1907-06-28,ALDY,"Les soldats, la cavalerie même, avaient été très bien accueillis avant la charge du Foulevard Gambetta et que c'est seulement après la charge que la foule s'est trouvée en état d'hostilité contre elle."
1907-06-28,PRESIDENT DU CONSEIL,"Après la charge, a-t-on dit. Voici ce que m'a adressé le général commandant le secteur de Narbonne, le général Calvet : « Débarqué dans la nuit du 18 au 19 juin, le 10e cuirassiers a eu à fournir l'escorte du prisonnier."
1907-06-28,président du conseil,"1 Après la charge, a-t-on dit. Voici ce que m'a adressé le général commandant le secteur de Narbonne, le général Calvet : « Débarqué dans la nuit du 18 au 19 juin, le 10e cuirassiers a eu à fournir le 19, vers dix heures du matin, l'escorte du prisonnier."
1907-06-28,président du conseil,C'est à cela sans doute qu'il faut faire remonter la haine sauvage que la foule manifesta dans la soirée et n'a cessé depuis ce moment de témoigner aux régiments de cette arme.
1907-06-28,président du conseil,« Le 7
1907-06-28,Vous,z-vous que cela se fasse sans meurtrissures ?
1907-06-28,Vous,"Vous parlez des blessés soignés à l'hôpital et vous dites : celui-là a eu la jambe cassée par un pavé, cet autre est tombé. Que voulez-vous? C'est comme cela qu'on meurt à la guerre ; on ne meurt pas nécessairement d'un coup de feu. Il y a eu un véritable corps à corps ; il est nécessaire de s'en rendre compte pour comprendre la signification de la liste des blessés que je vous donnerai tout à l'heurt.'"
1907-06-28,Pour ce qui est du bar où s'est livré -C'>lta,"bataille dont on a parlé, où Ramon a été tué, tout ce qu'on peut savoir, c'est que les chevaux, en passant devant ce bar, se sont subitement cabrés. On croit — je ne peux pas l'affirmer, le généralne peut pas l'affirmer— que, sous ces coups de pierres, de chaises, de tables qu'on leur jetait, une fusillade s'est engagée des deux côtés de la rue ; car il y a des traces de balles non seulement dans le bar, mais aussi de l'autre côté de la rue."
1907-06-28,Dans tous les cas,à ce moment une fusillade s'est engagée pour une raison qui n'est pas suffisamment déterminée.
1907-06-28,M. Varenne,Ce n'est pas Ramon qui a tiré !
1907-06-28,M. le président du conseil,Vous avez donné votre explication; il faut cependant que je puisse donner la mienne.
1907-06-28,"Enfin il faut que je parle de l'attaque qui s'est produite sur le front antérieur de la sous-préfecture. On a brûlé la porte ; on a essayé de l'enfoncer, comme le disait le capitaine de gendarmerie Delrieu qui a fait, sur ce point, un rapport que je ne retrouve pas dans mon dossier, mais que j'ai dans la mémoire.","Il y avait dans la sous-préfecture quatrevingts gendarmes et quatre cents soldats d'infanterie ; la sous-préfecture était mal gardée, les officiers d'infanterie étaient absents ; ils ont envoyé une protestation pour déclarer qu'ils étaient-présents, mais la vérité est que le capitaine Delrieu, au moment où s'est produit l'attaque, a cherché ses officiers, et qu'il ne les a pas trouvés parce qu'ils étaient occupés à dîner. C'est lui qui a disposé les gendarmes et les soldats d'infanterie ; il a soutenu l'attaque des assaillants pendant une heure et demie ou deux heures."
1907-06-28,"Il y avait dans la sous-préfecture quatrevingts gendarmes et quatre cents soldats d'infanterie ; la sous-préfecture était mal gardée, les officiers d'infanterie étaient absents ; ils ont envoyé une protestation pour déclarer qu'ils étaient-présents, mais la vérité est que le capitaine Delrieu, au moment où s'est produit l'attaque, a cherché ses officiers, et qu'il ne les a pas trouvés parce qu'ils étaient occupés à dîner. C'est lui qui a disposé les gendarmes et les soldats d'infanterie ; il a soutenu l'attaque des assaillants pendant une heure et demie ou deux heures.","La porte brûlait et il a compté près de cent coups de revolver sans compterles coups de carabine. On a fait trois fois les sommations par la brèche de la porte qui aurait permis à un homme de passera à trois reprises, avec tambour, le commissaire de police s'est avancé et a fait les sommations légales."
1907-06-28,A Vextrême gauche. Derrière la porte !,"M. le président du conseil. Pas derrière la porte, puisqu'il y avait, je le répète, une brèche par laquelle pouvait passer un homme."
1907-06-28,"Quel est l'intérêt des sommations? C'est de prévenir qu'on va tirer. Or ils n'ont pas tiré, ces hommes, même après les sommations.","On ne peut donc pas reprocher à la troupe, d'abord de ne pas avoir fait les sommations, ensuite d'avoir tiré. Ceux qui ont lutté corps à corps avec les émeutiers, ce sont les gendarmes qui du dehors venaient au secours de la sous-préfecture."
1907-06-28,J'admire les gens qui peuvent faire un récit circonstancié de certaines agressions.,"Dans le cas dont il s'agit, la ville était placée dans l'obscurité, l'électricité ayant été supprimée ce soir-là, grâce aux manifestants."
1907-06-28,M. de Baudry d'Asson,"Comment ! il fait encore jour, au mois de juin, à huit heures et demie du soir! Votre argument est mauvais !"
1907-06-28,M. Aldy,Les charges ont eu lieu en pleine lumière.
1907-06-28,M. le président du conseil,"L'heure de huit heures et demie n'est que le début de l'incident. Toujours est-il que la ligne et les gendarmes sont arrivés dans la sous-préfecture en même temps, que les gendarmes seuls ont chargé, la ligne se bornant à faire un barrage, et qu'ils ont chargé à la baïonnette. Cela me paraît démontré autant que possible, puisque les faits consignés dans les rapports des chefs de corps ont été corroborés le lendemain par la visite des cartouchières qui constate le nombre de cartouches qui ont été tirées."
1907-06-28,Je dois dire que tous ces rapports se terminent par ces mots : « Il a été tiré tel nombre de coups de revolver ou de carabine dans mon régiment a — je donnerai les chiffres tout à l'heure — de sorte que finalement je pourrai fournir la récapitulation du nombre de coups de feu tirés et vous verrez si les faits matériels dont arguent certains des témoins produits par M. Aldy ont pu se produire comme il le dit.,J'ajoute que cette fameuse charge tant reprochée aux cuirassiers est un fait qu'il ne dépendait pas de leur volonté d'accomplir.
1907-06-28,"Lorsque des chevaux frappés et blessés se cabrent, s'abattent, leur voisins s'emballent et lorsqu'on est embaftassé par la cuirasse, le casque, le sabre, on se laisse conduire par son cheval. (Interruptions et mouvements divers.) A droite. Et on tire des ballesIM.","le président du conseil. Vous qui m'interrompez, je vous prie d'observer que pendant ce temps on bombarde les chevaux de coups de pierres et de coups de bouteilles, on leur lance dans les jambes des voitures à bras et jusqu'à des charrettes; les chevaux sont blessés et vous m'accorderez bien que lorsqu'un cheval est blessé, il s'emballe et que le voisin d'un cheval blessé s'emballe également avec lui."
1907-06-28,M. le baron Amédée Reille,"Mais il ne tire pas1M. le président du conseil. Si vous voulez condamner les cuirassiers, c'est votre affaire ; quant à moi, je les défends."
1907-06-28,"M. Ruau, ministre de Vagriculture",Très bien !
1907-06-28,M. le président' du conseil,"Dans ces conditions, il m'est impossible de consentir à condamner la façon dont les ordres donnés ont été exécutés, d'une manière générale."
1907-06-28,Reille,"bien que lorsqu'un cheval est blessé, il s'emballe et que le voisin d'un cheval blessé s'emballe également avec lui."
1907-06-28,le baron Amédée Reille,"Mais il ne tire pas1M. le président du conseil. Si vous voulez condamner les cuirassiers, c'est votre affaire ; quant à moi, je les défends."
1907-06-28,Ruau,Très bien !
1907-06-28,le président' du conseil,"Dans ces conditions, il m'est impossible de consentir à condamner la façon dont les ordres donnés ont été exécutés, d'une manière générale. Je ne parle pas des faits individuels qui ont pu se passer; je n'étais pas sur les lieux ; je ne les connais pas ; l'enquête judiciaire les éclaircira certainement. Mais je dis que, jusqu'à ce moment les instructions que nous avions données ont été observées. Naturellement, cela ne veut pas dire que lorsque le combat s'engage sous une pluie de pierres, de bouteilles ou de projectiles de toutes sortes, les cavaliers aient le temps d'aller chercher un commissaire de police, de battre le tambour et de faire les sommations. Il faut se rendre compte que ces braves gens ont été soumis à des épreuves abominables, qu'ils sont restés sous le feu de projectiles, que quelques-uns pleuraient, que d'autres daient à se défendre à leurs officiers qui refusaient. (Applaudissements à gauche et au centre.) Il ne faut pas oublier que ce sont des hommes qui sont sous la casaque militaire ; ils ont des nerfs ; ils ne veulent qu'on puisse les attaquer par derrière, les cribler de projectiles sans pouvoir se défendre. Dans ces circonstances, vous le verrez tout à l'heure, la plupart d'entre eux ont été véritablement héroïques."
1907-06-28,le président' du conseil,"Maintenant, sous cette grêle de coups de feu, de jets de pierres, voyons combien de coups de feu ont été tirés par la troupe."
1907-06-28,Nombre de coups de feu tirés par les troupes du secteur de Narbonne depuis leur arrivée.,COUPS COUPS COUPS CORPS DATES1CORPSde fusil. de carabine. de revolver.DATES7
1907-06-28,-,"39td'.fti(En l'air) 7}(E'1,"
1907-06-28,139e régiment d'infanterie (En Uir),7 (En adr 1 Le 20 juin.
1907-06-28,10e cuirassiers »,6 17 Le 19 juin
1907-06-28,M. Aldy.,Mais alors on passe parl'hôpi'
1907-06-28,le président du conseil,Cela nousdonnelechiffre de soixante-trois blessés.
1907-06-28,Vousparlez avec beaucoup de mépris des,"fflMssMresde police et des agents de laureté;il n'en est pas moins vrai que vousnousevotezdes fonds pour les payer, queleurservice est un service public qui s'exerce?rPaYs>dans l mterèt de tous les bons citoyens ; etVousn'avez pas le droitOeprononcer contreeuxà cette tribune les paroles mauvaisesquej'ai eu le reoret d'entendre sortir devhtrebouche.( Vifs applaudissements à gaulheet au centre.)dniîJ-0voulais passionner ce débat, je produirais des certificats de médecins. M. Aldynenous en a pas apportés ici ; en voici,avpla description des blessures. C'esthorrible;onpeut dire que le corps de cesagents.corpsdeces"
1907-06-28,vouslireun,"valiJe ?0usslgné, docteur en médecine, chevalIer de la légion d'honneur, certifie queM.GUillaume (Joseph), commissaire spécial,"
1907-06-28,GUillaume,blprécemmentpendant les troubles deNarhnne'présente les traces de contusionsetviolencesci-dessous mentionnées.
1907-06-28,1°,Une plaie contuse avec bosse sanguinesous-jacentedans la région temporale°l.te'actuellement en voie de cicatrisation
1907-06-28,2°,Une ecchymose dans la région temPoro-pariétale gauche.
1907-06-28,3°,Une ecchymose au sommet de la têteauniveau de la suture sagittale.
1907-06-28,4°,Un œdème notable de la lèvre inférîioeureà la partie droite dont la muqueuse àceniveaua été déchirée contre les dents dunaxillaireinférieur. Cette lésion est également le résultat d'un.traumatisme comme
1907-06-28,4°,lesprécédentes (soit coups de poing oucoupsde matraque). L'extrémité de la langueaétédéchirée.
1907-06-28,5°,Une large ecchymose recouvranttoutela partie externe du bras droit (largeur d'une main).
1907-06-28,6°,"-«6° Une ecchymose moins importante delafaceexterne dé l'avant-bras gauche, ecchymose en trois parties, paraissant résulter de trois coups différents. *"
1907-06-28,7°,«7° Une ecchymose de la largeur de laPaumede la main à la partie postéro-externe de la hanche droite.
1907-06-28,Que,le blessé se plaint de douleurs detêteet d insomnies.
1907-06-28,Qu',"ila été pris de diarrhée bilieuse persistant encore à l'heure actuelle, a le foiedouloureuxetlarate ,. également douloureuse et tuméfiée; ou il en résultera pourluiune incapacité de travaH d'un mois à sixsemainesenviron en faisant toutes réservespourlescomplications ultérieures possibles."
1907-06-28,sentfoi,de quoi je lui ai délivré le présent.
1907-06-28,Selle,"Signé: SELLE, docteur en médecine, « 23, boulevard de la Tour-Maubourg."
1907-06-28,Est-ceque,"cela compte, cela aussi ? Cesontdesagents*de police. (Vifs applaudissements.)Jepourrais vous apporter une demi-douzaine de certificats de ce genre."
1907-06-28,M.JulesDelahaye,Il n'y est pas questiondeblessure faite par une balle.
1907-06-28,M.le président du conseil,"Messieurs, jecroisqu'il faut voir ces choses autrement que1.11apu les montrer M. Aldy, car il s'est préoc-cupé seulement des actes de brutalité qui ont pu être commis et qui ont été très probablement commis, comme cela arrive dans toutes les bagarres par certains soldats contre certaines personnes. Celles-ci ont fait des dépositions que jusqu'à nouvel ordre je veux tenir pour exactes. Mais ce n'est pas ainsi qu'il faut voir les choses."
1907-06-28,L'origine,"de la bagarre, ne l'oublions pas, c'est qu'une bande de ipalandrins s'est ruée sur la sous-préfecture et a commencé par y mettre le feu. On a appelé la troupe non pas pour charger de braves gens, mais pour empêcher la sous-préfecture de brûler."
1907-06-28,Il,"y avait là le sous-préfet dont la femme, et les enfants, mal défendus, étaient, par les hurlements des assaillants, par les détonations, par la lueur de l'incendie, affolés."
1907-06-28,Est-ce que,"véritablement, le sous-préfet, sa femme et ses enfants ne sont pas aussi intéressants que ceux de vos amis qui ont pu être blessés?"
1907-06-28,Je,"vous ramène donc au fait initial, c'est que la sous-préfecture était attaquée par des bandits et des incendiaires. (InterruptionsàVextrême gauche.-Applaudissements à gauche et au centre.)"
1907-06-28,M. Fernand de Ramel,"Le fait initial, c'était l'arrestation de M. Ferroul et de ses amis, qui était inutile."
1907-06-28,M.le président du conseil,Il m'est bien difficile de poursuivre une discussion dans de pareilles conditions.
1907-06-28,M. Fernand de Ramel,Je lui aurais envoyé un mandat de comparution. Vous auriez dû l'envoyer. Ces gens se sont livrés euxmêmes.
1907-06-28,M. le président du conseil,"Je suis enchanté de votre observation parce qu'elle pourrait rester dans certains esprits et je suis heureux d'y- répondre. Si nous avons procédé comme nous l'avons fait, c'est que nous savions très bien que si nous avions simplement invité ces messieurs à se rendre devant le juge d'instruction, ils s'y seraient rendus avec quelques dizaines ou quelques vingtaines de mille de manifestants. (Interruption à droite.) M. Rudelle. Vous n'en savez rien."
1907-06-28,M. le président du conseil,Vous avez peut-être de bonnes raisons de savoir ce qu'ils auraient fait.
1907-06-28,M. Jules Delahaye,Ce sont des insinuations sans preuve.
1907-06-28,M. le président du conseil,J'apporterai des preuves quand j'en serai à cette partie de mon discours.
1907-06-28,J'y trouve,"la liste des blessés civils, qui a été citée par M. Aldy; j'y trouve aussi le diagnostic,"
1907-06-28,M. Aldy,"je les ai, monsieur le président du conseil."
1907-06-28,Vous,"les donnerez, mais moi, je vous opposerai les miens."
1907-06-28,Ramond (Jeanne),Plaie en rigole de l'occiput. Sérieuse.
1907-06-28,Navarre (Frédéric),Eclats de projectile dans les jam- Sérieuse.
1907-06-28,Aguitton (Emile),. Projectile extrait de la cuisse. Légère.
1907-06-28,Gasq (Henri),Plaie en rigole du mollet. Légère.
1907-06-28,Calvet (Antoine),"Fracture comminutive de la jambe Grave. droite, plaie superficielle à la gauche."
1907-06-28,Bousquet {Pierre),. Lésion d'un orteil par la chute Légère.d'une poutre en fer.
1907-06-28,Serres (Pierre),"Eclats de proj ectile',dans les jambes. Légère."
1907-06-28,Navarre,Eclats de projectile dans les jam- Sérieuse.
1907-06-28,Aguitton,Projectile extrait de la cuisse. Légère.
1907-06-28,Gasq,Plaie en rigole du mollet. Légère.
1907-06-28,Calvet,Fracture comminutive de la jambe Grave.
1907-06-28,Bousquet,Lésion d'un orteil par la chute Légère.
1907-06-28,Serres,"Eclats de proj ectile',dans les jambes. Légère."
1907-06-28,Suzanne(Parfait),Plaie en séton du jarret gauche. Légère.
1907-06-28,Chabanis,"Projectile dans la mâchoire infé- Sérieuse. et plusieurs éclats du côté de l'oreille gauche, blessure de l'oreille."
1907-06-28,Sire,Projectile dans la cuisse gauche. Sérieuse.
1907-06-28,Danjard,"Plaie du foie par balle, décès après"
1907-06-28,Maurice Allard,Cela vaut bien les blessures de vos agents.
1907-06-28,le président du conseil,"Vous avez voulu prouver, par deux ou trois exemples pris au hasard, par des témoignages de personnes, d'ailleurs intéressées, que la troupe s'était conduite de façon brutale et je peux dire de façon ignoble envers les habitants de Narbonne. Cela n'est pas ; c'est le contraire de la vérité."
1907-06-28,Dauzon,Pour le pays !
1907-06-28,Duc-Quercy,Je le prie d'user de son influence pour faire circuler un attroupement qui se forme vers la rue des Barques. Je lui fais part des ordres reçus et je exprime tout mon désir d'éviter tout prétexte à conflit.
1907-06-28,Cros-Bonnel,Harangue la foule sur le perron. Je lui demande d'obtenir l'évacuation du perron et la circulation.
1907-06-28,Aldy,Je ne puis pas affirmer de quel côté ont partis les premiers coups de feu.
1907-06-28,Francis de Pressensé,Pas un !
1907-06-28,14-le président du conseil,"Alors, ne vous mi'nez pas qu'on ait tiré ! Moi, je me plains que j'ai tiré."
1907-06-28,Jerappelle,"Cette phrase du rapport dont je vous en donne lecture : Il n'en peut pas affirmer de quel côté sont partis les premiers coups de feu, mais à tout cas aucun commandement n'avait été fait pour faire charger les armes et, à plus forte raison, tirer. Les officiers, sabre au clair, étaient au-devant de leurs troupes."
1907-06-28,D'aiiiUrs,"Les paquets de cartouches n'étalent pas déficelés, ainsi que je vous l'ai expliqué. Il a fallu que quelques soldats disaient avoir des cartouches."
1907-06-28,plusde Baudry d'Asson,"On n'y comprend Plusrien. M.le Président du conseil. Je le regrette Pour vous, monsieur de Baudry d'Asson."
1907-06-28,Devèze,Mais à ce moment ils n'étaient pas en état de légitime défense
1907-06-28,Jules Guesde,"Nous ne voulons pas de larmes pour nos morts, nous demandons simplement qu'il n'y ait pas de cadavres."
1907-06-28,le président du conseil,Voulez-vous m'expliquer alors la mort du lieutenant Lautour ?
1907-06-28,Jaurès,dans la République française insérait une note où il approuvait ses amis d'avoir soutenu le ministère.
1907-06-28,Edouard Vaillant,Nous ne faisons jamais de questions de personnes.
1907-06-28,Jules Guesde,Vous êtes pour nous le ministère idéal !
1907-06-28,le président du conseil,Je me résume.
1907-06-28,le président du conseil,Les troupes reçues à Narbonne à coups de pierres ont défendu la préfecture; elles l'ont défendue par des charges de cavalerie qui sont venues se heurter à des fils de fer tendus en travers des boulevards et à des barricades sous une grêle de pierres et sous des coups de feu.
1907-06-28,le président du conseil,"L'incident de l'hôtel de*ville s'est produit parce qu'on a soumis à des tortures effroyables un malheureux homme, un agent de la sûreté qui a été traîné à terre pendant trois quarts d'heure ou une heure."
1907-06-28,le président du conseil,On l'a fait monter sur le toit d'une maison pour le précipiter dans la rue. (Dénégations à Vextrême guuche.) C'est officiellement prouvé.
1907-06-28,le président du conseil,"On l'a fait descendre du toit, on l'a jeté dans le canal et là il reçut sa plus grave blessure par suite d'un coup de pierre. On a enfin tiré sur lui, dans l'eau, des coups de revolver."
1907-06-28,le président du conseil,"C'est à ce moment qu'un habitant, courageux et humain, l'a aidé à sortir de l'eau et a contribué à l'entraîner jusqu'au poste de la mairie."
1907-06-28,le président du conseil,"A peine a-t-il franchi le faible cordon des soldats du poste que ces soldats sont aux prises avec les émeutiers. A l'un d'eux, on cherche à arracher son fusil."
1907-06-28,le président du conseil,"Est- il inconcevable que, dans ces conditions, des coups de fusil soient partis sans commandement ?"
1907-06-28,le président du conseil,"C'est ce qui est arrivé, et je suis de l'avis du capitaine : dans ces conditions-là, on ne peut pas condamner les hommes pour avoir agi."
1907-06-28,le président du conseil,"L'accident est terrible. Je le regrette, mais en ce qui me concerne, je couvre les soldats. Jugez-moi."
1907-06-28,le président du conseil,"Vous direz s'il vous plaît de les condamner ou de les approuver. Quant à moi, mon choix est fait."
1907-06-28,le président du conseil,"Il me reste à dire un mot de l'affaire Bailloud, de la mutinerie du 17e."
1907-06-28,CAPITAINE,"dans ces conditions-là, on ne peut pas condamner les hommes pour avoir agi."
1907-06-28,SOLDAT,Jugez-moi.
1907-06-28,PRESIDENT,"Vous direz s'il vous plaît de les condamner ou de les approuver. Quant à moi, mon choix est fait."
1907-06-28,MARTIN,"Il me reste à dire un mot de l'affaire Bailloud, de la mutinerie du 17e."
1907-06-28,BAILLOUD,"Le sous-préfet de Béziers, que je trouvai à la gare, me confirma que l'effervescence était très grande et m'offrit, du reste fort généreusement, de m'accompagner. ... J eus grand'peine à séparer quelque peu les soldats de cette cohue."
1907-06-28,DELAHAYE,Qui a pu donner un ordre contraire au vôtre?
1907-06-28,Jules Delahaye,Qui a pu donner un ordre contraire au vôtre?
1907-06-28,le président du conseil,"L'affaire était certainement préméditée, car la note est dactylographiée. Des hommes d'aspect honorable, dit le général Bailloud, et qui se donnaient comme une délégation de Béziers, hommes qu'il ne connaissait pas, lui remirent un papier dans lequel il était dit qu'il n'y aurait pas de répression individuelle. Le général a cru que ce papier était authentique et il a agi en conséquence,"
1907-06-28,Jules Delahaye,Ce papier n'était donc pas signé
1907-06-28,le président du conseil,"Non, il n'était pas signé. Dans ce papier, il était également dit que les mutins devaient rentrer à la caserne de Béziers, au lieu d'aller à Agde."
1907-06-28,Emmanuel Brousse,Voici cette note.
1907-06-28,le président du conseil,"J'en ai le texte, que je lis : « Le président du conseil, sur la demande de délégués de la population de Béziers. »"
1907-06-28,le président du conseil,"qui jamais ne se sont adressés à moi — « accorde aux soldats qui ont quitté leur cantonnement d'Agde, son indulgence; ils ne seront pas punis individuellement s'ils rentrent à la caserne de Béziers ; il ne peut accorder autre chose, malgré les supplications et les appels au calme et au maintien de la paix entre concitoyens. »Voilàla note remise au général Bailloud ; il l'a crue authentique. Avec cette note, il a fait rentrer les soldats dans le devoir. Nous n'avons pas à nous en plaindre ; nous nous en plaignons d'autant moins qu'ainsi que je le disais il y a un instant, nous n'avions pas l'intention d'exercer de châtiments individuels. Dans ces conditions, les soldats sont rentrés un à un par une porte seulement entr'ouverte afin que les civils n'envahissent pas la caserne. Le général Bailloud s'était porté à cheval au-devant de cette porte et ne laissait passer les soldats qu'individuellement."
1907-06-28,le président du conseil,C'est ainsi que la mutinerie s'est terminée.
1907-06-28,le président du conseil,Je sais qu'on nous reproche beaucoup d'avoir pris une résolution d'ordre disciplinaire en ce qui la concerne.
1907-06-28,divers membres à gauche,Mais non
1907-06-28,le président du conseil,J'ai le droit de dire qu'on nous le reproche puisque plusieurs députés s'en sont plaints à moimême.
1907-06-28,Edouard Vaillant,Certainement.
1907-06-28,le président du conseil,Laissez-moi finir. Je suis à bout de forces et je n'ai pas dit la moitié de ce que j aurais dû dire.
1907-06-28,le président du conseil,"Il faut encore sur ce point que la Chambre prenne une décision consciente. Nous ne sommes pas des barbares ; il ne faut pas dire que nous avons envoyé ces jeunes gens sous des climats meurtriers. Nous les avons envoyé au sud de la Tunisie où il fait chaud, mais où il faut que des soldats français aillent tenir garnison; si ce n'étaient pas ceux-là, ce seraient d'autres qui occuperaient ce poste. (Applaudissements à gauche.) M. Le Hérissé. Il y a là un escadron de spahis toute l'année; ils n'en meurent pas."
1907-06-28,Maurice Allard,"Quand M. Picquart y a été envoyé, vous ne parliez pas ainsi!"
1907-06-28,le président du conseil,(Bruit.)
1907-06-28,le président du conseil,"Il faut que ces hommes comprennent qu'ils ont accompli un acte abominable qui ne peut être toléré par aucun gouvernement dans aucun pays. (Applaudissements sur un grand nombre de bancs.) En ce qui nous concerne, je peux prendre l'engagement, au nom de tous mes collègues, que si des actes de mutinerie se reproduisent, la seule différence que nous ferons, c'est qu'ils seront plus sévèrement punis. (Nouveaux applaudissements sur les marnes baTics.) Et maintenant, il faut bien que je parle de l'afl'aire de Lodève."
1907-06-28,Bedouce,"Je ne parlais pas dusouspréfet,mais du préfet."
1907-06-28,le président du conseil,"Lesous-préfetde Lodève avait appris que la voie ferrée de Paulhan avait été enlevée par une troupe venue de divers points du pays, mais non de Paulhan même, et qui était conduite,ditun rapport, par deux curés."
1907-06-28,le général Jacquey,Voilà la calotte 1 Nous l'attendions depuis longtemps.
1907-06-28,le président du conseil,"M. le souspréfet se rend à Paulhan ; il se trouveaumilieu de la foule, il parle aux manifestants: « Je les engageai, dit-il, à se répandre dans les groupes pour que lesviticulteursfissent leur police eux-mêmes et semon-,trassent impitoyables pour ceux qui risquaient de les déshonorer par leurs excès et les délits de droit commun dont ilsse.rendaient coupables."
1907-06-28,le président du conseil,"« Les manifestants déclarèrent alors qu'ils voulaient que le sous-préfet leur parlât luimême. IlJo montai sur une table et, du haut de cette tribune improvisée, je renouvelai à tous ce que j'avais dit à quelques-uns."
1907-06-28,le président du conseil,"« Bien que la foule fût très considérable, je parvins à me faire entendre, et le calme allait être rétabli quand unmanifestant,particulièrement exalté, qu'on m'a dit être un riche propriétaire de Clermont, connu par son attitude réactionnaire intransigeante (Exclamations à droite), me somma de crirr : « A bas Clemenceau !»1« Je refusai, naturellement. Il medemandaégalement de donner ma démission.Cetteidée baroque fut accueillie par la foule impressionnable et mobile avec unenthousiasmeextraordinaire. Je refusai également."
1907-06-28,le président du conseil,J'ajoutai qu'il me serait facile dedonnercette démission et de télégraphier unquartd'heure après pour dire qu'elle m'avait été arrachée par la violence et demander qu'elle fût considérée comme non avenue.
1907-06-28,le président du conseil,« Je déclarai que ce serait une comédieindignede moi et que je ne m'y prêterais à aucun prix.
1907-06-28,BEDOUCE,violence et demander qu'elle fût considérée comme non avenue.
1907-06-28,BEDOUCE,Je déclarai que ce serait une comédie indignée de moi et que je ne m'y prêterais à aucun prix.
1907-06-28,BEDOUCE,Il eut un moment d'hésitation
1907-06-28,LAURIA,"faisait semblant de frapper avec les autres, et, en réalité, cherchait à me protéger."
1907-06-28,BERTRAND,"Aloïs Bertrand, de Paulhan, se montra très courageux et fit l'impossible pour me défendre."
1907-06-28,CATHALA ET RICHARD,qui certainement ne refuseront pas d'intervenir.
1907-06-28,CALADON,"M. Caladon, le conseiller de préfecture, a été envoyé à la prison chercher la lettre."
1907-06-28,BEDOUCE,Je vous demande de libérer les autres.
1907-06-28,LE PRESIDENT DU CONSEIL,"Ainsi que je l'avais annoncé, vous voyez, messieurs quel intervention des deux prisonniers n'a en liens sauvé le sous-préfet ; elle s'est produite soiûrement en question établie."
1907-06-28,BOUGÈRE,Vous récoltez ce que vous avez semé.
1907-06-28,ceux,"Il ne faut pas s'en étonner; mais il ne faut pas s'étonner davantage si les partis - je ne voudrais blesser personne dans cette Chambre, mais enfin qu'il me soit permis de dire mon opinion - si les partis de désordre, qu'ils viennent de droitiu de gauche, cherchent à exploiter la situation à leur profit."
1907-06-28,Laurent Bougère,Vous récoltez ce que vous avez semé.
1907-06-28,le président du conseil,"Votre seul ennui, c'est que la récolte ne soit pas pour vous ! (Très bien! très bien! à gauche.) Et puis, il y a une autre question qui sommeille au fond des esprits: on ne parle plus de la séparation, mais on y pense toujours."
1907-06-28,Fernand de Ramel,C'est assez la vérité.
1907-06-28,le président du conseil,"Voici la conclusion de la légende : « La République judéo-maçonnique et blocarde est la ruine pour le pays. » (Très bien ! très, bien ! à droite.) Vous entendez, ces messieurs disent très bien ! (Rires à gauche.) « Dans les églises en ruine, dans les clochers délabrés on vous gardera les cloches qui vous appelleront au pressoir. Quand donc en aurez-vous « soupé » de cette République? »"
1907-06-28,Il y a quelques jours,"l'Action française dans la Gironde, présidée par M. Lur-Saluces, retour de la Haute-Cour, publiait sous ce titre : « La crise du Midi » une grande affiche où Ton voyait s'étaler ces mots:«Vive l'armée! A mort Clemenceau! A mort Picquart ! »~etout se.terminait par une mise en accusation de la République et des majorités parlementaires. (Interruptions à droite.)"
1907-06-28,Jules nelahaye.,Ce n'est pas de notre côté qu'a été formulée une demande de mise en accusation*
1907-06-28,le président - du conseil,"Enfin, je trouve un appelaUJ;Saintongeais,deM. Lannes de Montebelto, qui adresse ses douloureuses condoléances et ses encouragements aux vignerons du Midi, et qui leur apprend que les Saintongeois sont prêts à faire comme eux et à. se lever aussi."
1907-06-28,Octave Iraurame,"C'est l'opinion de M. de Montebelîo,te-n'est pas celle des Saintongeois."
1907-06-28,le président du conseil,"J'en suis bien convaincu. Mais essaie de vous montrer l'intervention des partis de réaction dans la crise yiticole, (Interruptwns àliextrêmegauche.) M. Betoulle."
1907-06-28,Betoulle,M; Sarraut a dit le contraire.
1907-06-28,"Jules Delahaje,","Est-ce que tous; les partis n'ont pas le droit de donner leur, avis?"
1907-06-28,une voix à droite,Il faut laisser cet argument à M. Combes.
1907-06-28,le président du conseil,"Je ne laisserai rien à mes successeurs; je ne leur laisserai que le bon exemple et les bonnes, intentions que j'aurai eues. (Interruptions à droite.) Il faut pourtant bien que vous me laissiez parler. Vous trouvez très amusant de mo lancer des interruptions qui font dévier ma discussion ; je ne veux pas les laisser sans réponse."
1907-06-28,J'ai dit,que je pouvais prouver l'intervention de la réaction dans la crise du' Midi. Chacun sait que l'agriculture estlàpropriété de ces messieurs de la droite. Ils se sont introduits dans tous les comités de défense viticole.
1907-06-28,Ce sont eux,— ils ont donné naturellement leur mot d'ordre : Pas de politique !
1907-06-28,le président du conseil,"C'est une affaire entendue — ce sont eux qui, au nom de la formule : Pas de politique!,, dirigent en ce moment la politique insurrectionnelle dans les trois départements du Midi. (Applaudissements à gauche. — Interruptions à droite.)"
1907-06-28,Charles Benoist,"Vraiment, vous le croyez!"
1907-06-28,Aldy,"Pourquoi arrêter les républi- cains, alors ?"
1907-06-28,Plichon,C'est M. Ferroul qui a commencé.
1907-06-28,le président du conseil,"Monsieur Charles Benoist, vous êtes pourtant un homme qui vous piquez de raisonner."
1907-06-28,Charles Benoist,J'essaye.
1907-06-28,le président du conseil,"Je n'ai pas dit qu'il n'y eût pas de républicains dans l'affaire. J'ai dit que c'était la réaction qui entraînait la masse, et j'ajoute que les républicains n'y cèdent que par peur."
1907-06-28,Betoulle,Alors M. Sarraut a démissionné par peur ?
1907-06-28,le président du conseil,"Je parle de ceux qui écrivent au percepteur : « Monsieur le percepteur, je suis prêt à vous payer mes impots, mais je ne peux pas le.faire, parce que je serais assassiné. »"
1907-06-28,Quant aux moyens d'action,"vous les connaissez, messieurs. C'est cette campagne abominable de fausses nouvelles par laquelle on cherche à organiser l'apeurement, la panique."
1907-06-28,Vous avez vu,cecampagne de panique se manifester contre les caisses d'épargne; elle s'est reproduite à propos du 1er mai; vous la voyez aujourd'hui se reproduire à propos des mutineries militaires.
1907-06-28,Nous faisons une enquête,et qu'y a-t-il ?
1907-06-28,Laurent Bougère,"Alors, s'il n'en est rien, pourquoi avez-vous retiré de l'ordre du jour le projet relatif aux conseils de guerre ?"
1907-06-28,le président du conseil,"Il s'en faut de beaucoup, du reste, que nous en soyons là. La mutinerie du 17e est un fait assez regrettable pour ne pas être oublié de longtemps ; il portera, je l'espère, ses leçons avec lui pour la politique de l'avenir."
1907-06-28,le président du conseil,"Notre pays est un pays sain, qui travaille, qui aime les traditions de la Révolution française. Il est déterminé à poursuivre le développement des idées de la Révolution française par le régime parlementaire fondé sur le suffrage universel, par la liberté, car aucun Gouvernement n'a donné en France les libertés que nous avons données."
1907-06-28,de l'Estourbeillon,Excepté la liberté de conscience.
1907-06-28,le président du conseil,"Il a formé le dessein de fonder et de faire vivre la République démocratique et sociale, et il continuera son œuvre quoi qu'il arrive, malgré la réaction, malgré la révolution. (Applaudissements à gauche)."
1907-06-28,Gayraud,"Ni réaction, ni révolution."
1907-06-28,Betoulle,Et voilà pourquoi vous avez fait des cadavres à Narbonne.
1907-06-28,le président du conseil,Il y a des morts à Narbonne parce qu'il y a eu des émeutièrs. Vous le savez très bien.
1907-06-28,Betoulle,"C'est vous qui les avez créés, les émeutiers, s'il y en a eu !"
1907-06-28,Marcel Sembat,Et Marcelin Albert !
1907-06-28,le président du conseil,"On n'en parle pas 1 M. le président du conseil. J'arriverai à Marcelin Albert, si vous me faites crédit de cinq minutes d'attention."
1907-06-28,Delahaye,Vous voilà centre gauche.
1907-06-28,le président du conseil,"Je ne suis pas centre gauche. Et puis je n'ai pas peur des mots. Je ne relève d'un pape infaillible; je relève de ma raison, et je ne dois compte do ma raison à personne, à vous moins qu'à tout autre."
1907-06-28,Jules Delahaye,Je constate que vous allez à droite. (Exclamations.)
1907-06-28,le président du conseil,"Je reste où je suis. Si j'avais abandonné une seule de mes , idées, je le dirais hautement."
1907-06-28,Laurent Bougère,Mais vous en avez pris quelques-unes des nôtres. [Exclamations à gauche et au centre.) Vous êtes devenu réactionnaire. (Bruit.)
1907-06-28,le président du conseil,"Rien ne me serait plus facile, si j'en avais le temps, que de faire la démonstration de ce que j avance."
1907-06-28,le président du conseil,"Je pourrais citer un ordre du jour, voté à l'issue d'un meeting organisé par l'union des syndicats, et qui se termine par ces mots : « Vive l'antimilitarisme ! »"
1907-06-28,dans une autre réunion,"On décide d'employer « tous les moyens » pour obliger le Gouvernement à rendre la liberté à tous les incarcérés. Vous êtes, messieurs, une majo-rité d'assassins ». Quant à moi, on demande, pour moi, dans l'Humanité, « une cravate de chanvre ». (Exclamations et rires.) Enfin si vous voulez savoir jusqu'à quel point ces messieurs ont horreur de l'effusion du sang,"
1907-06-28,Maurice Allard,M. Alexandre Blanc a dit d'excellentes choses !
1907-06-28,le président du conseil,"Oui, entre autres choses, il s'est plaint que le Gouvernement n'a pas permis de chanter Y Internationale et la Carmagnole dans les églises."
1907-06-28,le président du conseil,C'est là son principal grief.
1907-06-28,le président du conseil,".4 Et il a terminé ainsé « Citoyens, nous ne comptons plus ni sur la Chambre ni sur le Sénat pour la refonte de notre société. »"
1907-06-28,moi,"Moi, j'y compte encore."
1907-06-28,Maurice Allard,Il a raison.
1907-06-28,le président du conseil,Mais je ne compte pas sur vous [Vextrême gauche) pour cela.
1907-06-28,Maurice Allard,Dans quel journal lisez-vous cela ?
1907-06-28,le président du conseil,"Dans l'Humanité du Sud-Est, organe républicain socialiste paraissant. le vendredi à Avignon."
1907-06-28,Maurice Allard,"Je vous affirme, monsieur le président du conseil, que jamais, en ma présence, M. Blanc n'a prononcé ces paroles, et que vous vous servez de journaux qui ont dénaturé les paroles de l'orateur."
1907-06-28,le président du conseil,Pourquoi n'avez-vous pas protesté dans cette réunion?
1907-06-28,Maurice Allard,Et vous savez parfaitement. [Interruptions et bruit à gauche).
1907-06-28,Plusieurs membres à gauche,C'est votre journal.
1907-06-28,Allard,"Laissez-moi m'expliquer, puisque je suis mis en cause. (Bruit.) Vous savez parfaitement, monsieur le président du conseil, que souvent les journaux donnent des comptes rendus tendancieux ou inexacts."
1907-06-28,Allard,"Vous savez bien comment sont faits les comptes rendus des journaux, quelles inexactitudes ils renferrent la plupart du temps. Vous les avez expérience."
1907-06-28,president_du_conseil,"Maintenant, vous avez hâte que j'arrive à l'aventure de M. Albert? Rien n'est si simple. Je suis dans mon cabinet; on m'annonce M. Marcelin Albert."
1907-06-28,president_du_conseil,"Qu'aurait-t-ondit de ce côté de la Chambre (t'extrêmegaÚ-che) si j'avais fait arrêter M. Marcelin Albert?(Applaudissements à gauche etailcentre.) On m'aurait dit: « Vous voilà encore brutal, violent, napoléonien. M.MarcelinAlbert vient vers vous ; il vous tend13main ; il fait un geste d'apaisement.L'ap*1*sement du Midi peut sortir d'une parole deM. Marcelin Albert, et vous refusez desaisi*cette chance d'apaisement qui vous offre ! (Applaudissements à gauche etsurdivers bancs au centre.)"
1907-06-28,president_du_conseil,"Il faut que les insurgés rentrent dans ledevoir. Je ne leur demande pas de se soumettre à un Gouvernement, à un homme ; riendePareilL4-je leur demande de rentrer dans-légalitéfrançaise dont ils sont sortis, ce,qUia causé tout le mal."
1907-06-28,extrême_gauche,Et Marcelin Albert?
1907-06-28,président du conseil,"ls sont sortis, ce,qUia causé tout le mal. (Applaudissements les mêmes bancs.)Desdéputés viennent me voir tous lesjourspour me dire : Retirez les troupes,R^ueliezles prisonniers. Comme si j'avais délibérésur le sort des prisonniers ! Ce¡nestpas mon affaire."
1907-06-28,président du conseil,-4l'extrême gauche. Et Marcelin Albert?
1907-06-28,président du conseil,"34-le président du conseil. J'ai délibérésurle stirt d'un homme qui n'était pas un prisonnier étant dans mon cabinet, et j'aifaitlà une tentative dont vous-mêmes vous ne pouvez pas aujourd'hui me blâmer."
1907-06-28,président du conseil,"(Tresbien! très bien 1)l'Messieurs,je réponds à ceux de nos colegues qui viennent me trouver pour medemanderde retirer les troupes du Midi quequandlaloi sera respectée dans le Midi, lestroupesseront retirées, rien de plus, riendemoins."
1907-06-28,président du conseil,"iJen'admetspas, nous n'admettrons pasladIScussionsur ce point. Trois départese sont mis en révolte, ont refusérîmmpot,"
1907-06-28,président du conseil,"(Vlfsapplaudissements à gauche et au cen1,,e.) Ils ont désorganisé les services publics,ilsnousont mis dans l'obligation,dontnousavons saigné. de faire marcherlestroupes pour imposer le respect de laloi.Ilssesontrévoltéscontrelatroupe,luls1ontcriblée de pierres, de coups de re'Volver. (Interruptions à Vextrême gauche.)Ilsont incendié la préfecture de Perpigllm, ils ont incendié un poste de police àBézIers,ils ont essayé d'incendier la sousPréfecture de Narbonne. Tout cela, ce sontPayentS6S'comme les mutineries, qui sepayent."
1907-06-28,président du conseil,"Ilfaut payer. Nous ne demandons pas desanctions.Nous n'avons pas ordonné d'arrestations à Narbonne. Ce serait bien facile,ousconnaissons les principaux coupables."
1907-06-28,président du conseil,(Mouvementsdivers.)M.Bedouce.Vous arrêtez les innocents etv°uslaissez en liberté les coupables ?
1907-06-28,président du conseil,"M.le président du conseil. Quand je disqUenousconnaissons les coupables, je neVtîriepas des coupables des attentats comtpîC0Jltre les personnes, je parle des faueUfS du mouvement ; ils sont connus auiniiuî*Je ne prétends pas qu'ils soientresponsablegdes méfaits qui ont été commis. Nous avons arrêté M. Ferroul ; nouseQavons pas arrêté d'autres."
1907-06-28,président du conseil,4l'extrêmegauche.Pourquoi?
1907-06-28,président du conseil,M.le président du conseil. Laissez-moiledire:Parce que nous avons voulu martcker que nous étions résolus à appliquer la loi.
1907-06-28,président du conseil,"Nous avons arrêté les membres du comité d'Argeliers et M. Ferroul qui étaient les principaux directeurs du mouvement, mais il y en a bien d'autres."
1907-06-28,président du conseil,"Nous ne les traquons pas, nous ne les poursuivons pas; nous leur demandons simplement de rentrer dans le devoir. Je leur dis ce que j'ai dit à M. Marcelin Albert : qu'ils rentrent chez eux, qu'ils disent que la grève de l'impôt est finie, que les maires vont rentrer dans leur mairie et reprendre les services municipaux."
1907-06-28,président du conseil,"Si la paix est rétablie, nous n'avons aucune raison de maintenir les troupes. Voilà les conditions du rétablissement de la paix."
1907-06-28,président du conseil,"Mais quand on vient nous dire : Retirez les troupes et l'apaisement se fera, on prend la question à l'envers; je réponds : Soumettezvous d'abord à la loi, et je retirerai les troupes. (Applaudissements à gauche.) Pour ce qui est de la crise viticole, nous avons essayé d'y remédier dans la mesure de nos moyens; nous avons fait voter la loi que vous savez ; nous sommes prêts à faire voter une autre loi sur la fraude ; nous sommes prêts à étudier, quand le Midi sera rentré dans la légalité, tous les moyens de lui assurer des possibilités de polyculture."
1907-06-28,président du conseil,"Ces questions seront examinées avec le vif désir d'apporter enfin un secours à ces malheureuses populations. (Très bien! très bien!) Messieurs, les crises économiques ne sont une chose rare en aucun pays. Il n'y a pour les résoudre que ceux qui peuvent socialiser la vigne en trois semaines et nous procurer les douceurs des bons de consommation."
1907-06-28,président du conseil,"Nous ne sommes pas ces gens-là. Nous sommes aux prises avec des problèmes ardus et nous ne possédons pas la science infuse pour les résoudre. Il faut que nos concitoyens se résignent à apprendre qu'il ne doivent pas tout attendre de l'Etat (Applaudissements à gauche), qu'il leur faut aussi attendre d'eux-mêmes, qu'il faut qu'ils nous aident s'ils veulent que nous les aidions. La manière de nous aider, c'est, puisqu'ils nous demandent de voter des lois en leur faveur, de subir la légalité tout entière et de donner à tous leurs concitoyens l'exemple du respect de la loi."
1907-06-28,président du conseil,"(Très bien! très bien 1) Quant à nous, en recherchant les causes de l'étonnante, de l'extraordinaire mentalité de ces populations à l'heure où je parle, nous ne pouvons faire, je ne puis faire en ce qui me concerne, qu'une observation : c'est que les classes dirigeantes depuis plus de cent ans nous ont toujours conduit à des révolutions et qu'il en est résulté trop souvent pour les dirigés une mentalité de révoltés."
1907-06-28,président du conseil,"Il faut que la République change tout cela. Il faut que les républicains — que les citoyens de toute la France, républicains ou non — en arrivent à comprendre qu'il n'y a pas de solution supérieure et totale ou à peu près totale des problèmes sociaux, que le progrès social est une œuvre longue, qui demande d'abord la longue éducation, sur lui-même, de chaque citoyen. ( Vifs applaudissements à gauche et au centre.) S'il veut gouverner les autres, il faut qu'il apprenne d'abord à se gouverner lui-même ; il faut qu'il soit capable de s'imposer une discipline et de la suivre méthodiquement, jusqu'aux dernières conséquences."
1907-06-28,Maurice Allard,C'est la condamnation du suffrage universel que vous prononcez !
1907-06-28,président du conseil,Il paraît que ces paroles sont la condamnation du surfrage universel.
1907-06-28,Betoulle,Evidemment.
1907-06-28,Allard,C'est la condamnation du suffrage universel que vous prononcez !
1907-06-28,Président du conseil,Il paraît que ces paroles sont la condamnation du surfrage universel.
1907-06-28,Betoulle,Evidemment.
1907-06-28,Président du conseil,J'aurais cru que c'était là la condition même de son existence.
1907-06-28,Fournier,Pas tant que cela! (On rit.)
1907-06-28,Coutant,Je n'ai rien dit!
1907-06-28,Président du conseil,"En ce qui nous concerne, au Gouvernement ou dans le rang, où que, nous soyons, nous nous imposons ce seul devoir."
1907-06-28,Beauregard,Je demande la pa« rôle.
1907-06-28,Augé,"Messieurs, j'ai gravi bien souvent les degrés de cette tribune pour y apporter les revendications du Midi viticole, mais je ne me doutais pas alors que j'y monterais un jour avec tant de tristesse au cœur qu'aujourd'hui."
1907-06-28,fatigué,"fatigué d'user de la voie légale, a cherché un moyen pour appeler sur lui d'une façon plus efficace l'attention de ceux qui l'avaient trop longtemps dédaigné."
1907-06-28,ce,"Ce. moyen, permettez-moi de vous le dire, je ne le réprouve pas. Il n'est pas douteux que si le Gouvernement, que si la Chambre ont voté une loi même insuffisante, c'est Sous le Coup du mouvement qui s'opérait dans le Midi, sans quoi à l'heure actuelle nos viticulteurs en seraient réduits à faire entendre encore longtemps .vainement leur voix."
1907-06-28,Très bien,(Très bien! très bien! sur divers bàncs.)
1907-06-28,Ah !,"Ah ! je sais bien que les adversaires do Midi ont prétendu qu'on lui avait donné dix-sept lois en peu d'années. Aucune d'elles ne l'avait satisfait, aucune d'elles ne contenait un mot des revendications que nous apportions si souvent à cette tribune."
1907-06-28,Je,"Je demande à ceux qui siègent depuis longtemps'dans-cette chambre si déjà en 1903, le jour où avait été voté l'abaissement du droit sur les sucres, je n'avais pas. moimême indiqué un procédé pour surveiller lesuere-qui pouvait aller à la vinification Qt favoriser; la fraude. J'avaispl'hTWncÓle mot d'acquit-à-caution. J'avais déposé un amendement tendant à établir un titre de mouvement pour accompagner les sucres allant-à la vinification."
1907-06-28,rr~bienitrès,(rr~bienitrès bien ! sur divers bancs.)
1907-06-28,On,On ne m'a pas entendu et je me souviens du scrutin qui suivit le dépôt de mon amendement. Nous fûmes quarante et un à le voter !
1907-06-28,Plus tard,"Plus tard, avec une majorité que je n'avais pas moi-même, d'autres reprenaient mon idée d'assimilation du sucre à l'alcool et c'étaient des députés du Midi, assis depuis sur les bancs du Gouvernement, qui euxmêmes demandaient en 1906 et l'acquit-àcaution et le droit sur l'alcool appliqué au sucre employé pour la vinification."
1907-06-28,Très bien!,(Très bien! très bien! à l'extrême gauche).
1907-06-28,Eh bien,"Eh bien, permettez-moi, monsieur le président du conseil, de vous dire quel a été mon étonnement cet après-midi lorsqu'à la tribune vous avez essayé de mettre aux prises des régions entre elles (Applaudissements à l'extrême gauche et à droite), lorsque je vous ai entendu demander au Midi s'il avait la prétention de faire payer ses impôts par les autres régions de la France."
1907-06-28,M. le président du conseil,"Mais cette affirmation n'a pas porté sur l'esprit des hommes de bonne foi. Non, le Midi ne veut pas que d'autres payent sa part d'impôts, il la veut payer, mais il veut la pouvoir payer."
1907-06-28,M. Jaurès,C'est vrai.
1907-06-28,M. Jean Bourrât,Nous avons payé aussi des primes à la marine marchande 1 Mr Lasies.
1907-06-28,M. Henry Ferrette,Toutes les régions doivent s'entr'aider.
1907-06-28,M. Augé,"Je ne veux pas insister. Je suis de ceux qui pensent encore qu'on pourra trouver un terrain transactionnel d'entente et que l'on pourra défendre à la fois les intérêts du Nord et les intérêts du Midi, mais je ne peux pas oublier que, commevioûîde le rappeler M. Bourrât, nous avons hier encore voté des primes à la marine marchande."
1907-06-28,M. Jean Bourrât,Et à la sériciculture !
1907-06-28,et aux compagnies de chemins de fer ! (Très bien ! sur divers bancs.)*M. Henry Ferrette. Si on parlait du rachat?,(Onrit.)
1907-06-28,M. Justin Augé,"Nous ne demandons pas tant, messieurs, mais nous voulons voir nos intérêts traités sur le pied d'égalité avec les intérêts des autres régions."
1907-06-28,"Et vraiment je me demande à quel sentiment M. le président du conseil a obéi encore lorsqu'il a dit que la loi, la loi insuffisante que vous avez votée, messieurs, avait été votée par erreur.","Est-ce que vous voudriez échapper à votre responsabilité, monsieur le président du conseil? Est-ce que vous voudriez jeter sur la Chambre le discrédit dont on n'a pas besoin de la surcharger?"
1907-06-28,Président du conseil,Votée par erreur.
1907-06-28,Président du conseil,"Est-ce que vous voudriez échapper à votre responsabilité, monsieur le président du conseil? Est-ce que vous voudriez jeter sur la Chambre le discrédit dont on n'a pas besoin de la surcharger?"
1907-06-28,Président du conseil,"Je ne voudrais pas, à cette heure, entrer dans de longues discussions; je ne voudrais pas dialoguer avec M. le président du conseil. Mais il a dit aussi que la situation deS caisses d'épargne dans le Midi était plus particulièrement prospère."
1907-06-28,Joseph Caillaux,"Je lui serais reconnaissant de me donner des chiffres et de me nommer-les pays, les départements, les arrondissements où la prospérité est si grande. Lorsque je les connaîtrai de sa bou* che, je> p'ourrai peut-être lui répondre."
1907-06-28,Augé,"Je n'ai pas sous les yeux les états auxquels a fait allusion M. le président du conseil; mais ce que je puis dire, c'est quej'a1 fait faire par mes services une enquête minutieuse sur la situation économique deS départements que vous connaissez bien, monsieur Angé, et qu'il en est résultéquO,d'une part, le montant des divers dépôts dans les caisses d'épargne atteignait sensiblement les mêmes chiffres que pendant les années précédentes, qu'en second lieu, durantl0premier trimestre de cette année, les achats de rente avaient dépassé les ventes dans Une proportion plus forte que les années précédentes, qu'enfin dans les sociétés de crédit auxquelles je me suis adressé etqUIont bien voulu me fournir des renseigne"
1907-06-28,Jaurès,"Voulez-vous me permettre observation, monsieur Augé?"
1907-06-28,Justin Augé,Volontiers.
1907-06-28,Jaurès,"M. le ministre des finances, veut -il me permettre de lui rappeler quew~j4-,   técemment,répondant à une interpellationdeM.Argelièssur l'état économique de laFranceila déclaré lui-même quil y avaitFranceun progrès général de richesseqUIvraUse traduire par un accroissementueiannuitésuccessorale et que si, malgréteprogrèsde la richesse générale en France,ilyavaitune diminution notable dans lavaleurdessuccessions déclarées, cela tenait auxdésastresdu Midi?"
1907-06-28,le ministre des finances,Je suistrèstouchéde voir M. Jaurès attacher encemomentun si grand intérêt à l'élévationdelavaleurde la propriété.
1907-06-28,le ministre des finances,"Ce.quiest certain, c'est qu'en effet lesproprIétésimmobilières qui, à certains moments,ontbénéficié, par suite des événementséconomiquesde ces dernières années,1decourspeut-être surélevés, dans tous lescastrèsélevés,ont vu cescours diminuer."
1907-06-28,le ministre des finances,Maislavaleuren capital de la propriétéimmobilièren'est pas le seul facteur de laProspéritéd'un pays.
1907-06-28,Jaurès,"Je répète encore que tous lesCh* trefs chiffres des sociétés de crédit,ChIffresdesdépôts dans les caisses d'épargne,:chitfresduCrédit foncier qui vendait récemcpnencorecertains domaines à de petites,gensdupays (Exclamations àl'extrêmeflou/,i-Applaudissements sur divers bancsàgaucheetau centre), ne traduisent pasétatdedétresse excessive dont parlent cerIalnsdenos collègues."
1907-06-28,Justin Augé,"Je regrette de ne pasX~~?du Gouvernement des renseiiRnpmonîmiS précis. Depuis hier je savaisqu'onnousmenaçaitde cet argument : lescaissesd'épargneduMidisontdansunétatméatsdeceexceptionnel. J'apprends quilmèmredeM.lemmlstredes finances,quiaPourtantobtenuquelquesapplaudissefautenrabattrebeaucoup,delabouchementsdece côtédel'Assem~ré1pelaudqisusieache).(lagau-dAh1vousavez consulté les établissementsdeCrédit,monsieurleministre? Avez-vous,p.arhasardapprisquelescrédits commerCIaux:ouvertsparlesbanques du Midi aient:U/?rnenté?N'avez-vous pas appris, au con'raIre,quebien des comptes avaient étéfermés'tquele nombre des faillites et desiqllidationsjudiciaires avait augmenté?"
1907-06-28,le ministre des finances,"Vousavezconsulté, dites-vous, le Créditfoncier,etvous avez signalé le cas de quelquesouvriersqui, au prix de longues et anC!ennesprivations,peut-être,ont pu acquérirquelqueslopins de terre. En déduiriezVous,parhasard, que la situation de laPropriétéimmobilière dans le Midi soitProspère?"
1907-06-28,Lasies,Il l'a posée contre le Midi.
1907-06-28,Justin Augé,"Vous ne l'avez pas fait et voilà pourquoi le Midi se soulève ; voilà pourquoi, à qui veut l'entendre, par la bouche de ses syndicats ouvriers, par la bouche de ses comices agricoles, par la bouche de ses syndicats de commerce, par ses chambres et ses tribunaux de commerce, il crié partout qu'il n'y a pas de conciliation possible tant que vous resterez au pouvoir."
1907-06-28,Cazeaux-Cazulet,"Si mes collègues de la Chambre venaient comme moi dans le pays écouter les viticulteurs, voyaient les travaux agricoles reprendre peu à peu dans les champs, ils se rendraient compte que ce n'est pas par des mesures de violence."
1907-06-28,Cazeaux-Cazalet,"Si mes collègues de la Chambre venaient comme moi dans le pays écouter les viticulteurs, voyaient les travaux agricoles reprendre peu à peu dans les champs, ils se rendraient compte que ce n'est pas par des mesures de violence."
1907-06-28,Jean Bourrât,La manière douce est nécessaire.
1907-06-28,Justin Augé,"La manière forte, la manière de répression au moyen des troupes et par des procédés aussi maladroits et aussi injustifiés que l'arrestation de Ferroul et autres aura au contraire les pires conséquences."
1907-06-28,Lasies,Très bien ! très bien !
1907-06-28,Justin Augé,Voilà ce que vous avez fait. Voilà toute votre oeuvre.
1907-06-28,Jean Bourrât,La Chambre se prononcera tout à l'heure.
1907-06-28,Pelisse,"Messieurs, lorsque tout à l'heure, très aimablement, mon collègue M. Bedouce me mettait en cause à propos du récit qu'il faisait des incidents de Paulhan j'ai demandé la parole, avec l'intention, si son récit était inexact, de le rectifier, et de le compléter s'il était incomplet."
1907-06-28,Beauregard,"Je comprends aisément qu'à l'heure où nous sommes arrivés le devoir de chacun est d'être bref. Je n'y manquerai pas; mais la Chambre comprendra aussi qu'à mesure que la question devient plus grave et plus complexe, chacun ait le droit d'exprimer son opinion;"
1907-06-28,Beauregard,"Je me borne à constater que M. le président du conseil, qui a fait le procès de tout le monde, a complètement oublié de faire le sien."
1907-06-28,Beauregard,"En recherchant quelles étaient les interventions qui avaient pu se produire dans le Midi et, par conséquent, où pouvaient être les responsabilités, M. le président du conseil ne s'est pas demandé si le grand responsable n'était pas lui."
1907-06-28,Beauregard,"Je-dis que, depuis huit ans, les gouvernements ont fait une politique qui, dans ce pays, a brisé tous les liens qui le tenaient debout. On a ruiné la discipline, gravement atteint le principe d'autorité."
1907-06-28,David,"Qui a ruiné la discipline, lors des inventaires, monsieur Beauregard ?"
1907-06-28,Beauregard,"C'est vous, ce sont vos amis qui en sont responsables les premiers."
1907-06-28,Beauregard,"Lorsqu'on commet l'iniquité vis-à-vis de ses concitoyens, naturellement on les amène à se révolter. (Applaudissements au centre et à droite.)"
1907-06-28,C,ir. C'est sincèrement ma pensée.
1907-06-28,Président du conseil,"M. le président du conseil. Ce' n'est pas, celle de M. le garde des sceaux!"
1907-06-28,Beauregard,"Je ne crois pas, messieurs, qu'un Gouvernement, auquel la; loi donne le moyen d'assurer la vie municipale d'une région, ait le droit de ne pas employer ce moyen;"
1907-06-28,Président du conseil,Créez donc des délégations municipales; vous aurez' des émeutes partout!
1907-06-28,Beauregard,"Je suis convaincu du contraire, monsieur le président du conseil : c'était le moyen de les éviter."
1907-06-28,Président du conseil,Votliplvoulez plus le. respect de la loi?
1907-06-28,Beauregard,"Eh bien ! monsieurleprésidentdu conseil, en toute sincérité,nioiqui ne peux pas être soupçonné de ne pastenir essentiellement à l'ordre dans cepays."
1907-06-28,Villejean,Vous en donnez la preuve !
1907-06-28,Beauregard,"Alors, pour êtrePartisande l'ordre il faut absolument êtredevotreopinion, mon cher collègue? Pourpoi,ce n'est pas du tout mon avis."
1907-06-28,Président du conseil,Je demandelerespectde la loi.
1907-06-28,Beauregard,"Il y autre chose à faireque tout cela, monsieur le présidentduconseilVousl'avez senti le jour où, avec votreCurieusefantaisie d'esprit, vous avez acceptécetentretien singulier avec M. MarcelinAlbertet lui avez donné une mission."
1907-06-28,Joseph Monsservin,"Pour ne pas prolongercedébat,je renonce à la parole. JeculSintervenir à propos d'un fait particcUber;je me bornerai à adresser plus tardunequestionà M"
1907-06-28,Ar,"leprésident, La parole est à M. Beauregard."
1907-06-28,Betoulle,Jecède mon tour de paroleàmnnncollègue et ami M. Jaurès.
1907-06-28,Jaurès,je dirai quelques mots seulement et je veux écarter tout débat politique.
1907-06-28,le président du conseil,"ue M. le président du conseil a dit de nous, et je ne veux pas entamer avec M. Beauregard une controverse rétrospective sur les effets de la politique suivie depuis huit ans. Le problème se pose devant nous en termes plus simples, plus immédiats, plus pressants."
1907-06-28,Jean Bourrât,Surtout pour celles de demain.
1907-06-28,Jaurès,"si, dans une grande crise qui a affecté économiquement une région de ce pays et politiquement, moralement, le pays tout entier, le Gouvernement a fait preuve d'assez de clairvoyance, d'assez de sang-froid, d'assez de prudence pour que le pays puisse lui remettre, surtout dans la période où le contrôle du Parlement ne pourra plus s'exercer, la direction absolue de ses actes. (Très bien! très bien! à l'extrême gauche.) Voilà toute la question."
1907-06-28,le président du conseil,"Pour expliquer la politique brutale qu'il a employée à l'égard du Midi, M. le président du conseil a dit : Il ne nous était pas possible de tolérer une atteinte à la loi commune et à l'unité de la patrie. Je déplore ces paroles."
1907-06-28,le président du conseil,Et moi je déplore le fait.
1907-06-28,Jaurès,"Je déplore qu'il y ait, à l'heure où nous sommes, un Gouvernement assez aveuglé sur la réalité des faits et des sentiments du Midi pour interpréter le mouvement qui s'est accompli là-bas comme un commencement d'atteinte à l'unité de la patrie. (Très bien 1 très bien 1 à l'extrême gauche et sur divers bancs au centre et à droite.) M. le président du conseil. C'est un fait."
1907-06-28,le président du conseil,*M. le président du conseil. Je ne l'ai pas fait. Vous inventez l'argument pour y répondre. (Applaudissements à gauche.) M.Jaurès.*
1907-06-28,Jaurès,"et c'était une politique imprudente, car, malgré la diversité superficielle des intérêts, ce Midi souffrant qui s'est soulevé, c'est une portion de cette France paysanne solidaire qui reconnaîtra bien la communauté de ses intérêts."
1907-06-28,"Que de fois, monsieur le président du conseil","des hommes de tous les partis nous ont dit, à moi et à mes amis : Vous ne vous occupez que des ouvriers, des excités, des agités. Les paysans souffrent bien davantage; mais, parce qu'ils sont dispersés, parce qu'ils sont muets, on les néglige ; et, le jour ou ces paysans du Midi, affolés par l'excès dè la misère, élèvent la voix, c'est vous qui, malgré nous, les brutalisez."
1907-06-28,Jaurès,"Voilà une terrible imprudence. Vous en avez commis une autre. Vous nous dites que si, sans attendre le vote de la loi et l'effet, au moins partiel, d'apaisement qu'il pouvait produire, vous avez envoyé là-bas ces corps d'armée, c'est parce que la loi, dans sa majesté impérieuse et impatiente, ne pouvait plus attendre un seul jour."
1907-06-28,le président du conseil,C'est vrai !
1907-06-28,Jaurès,"Quoi 1 c'est vous qui teniez ce langage! Ah! Je ne vous reproche pas, je ne vous ai jamais reproché, je n'ai jamais songé à railler votre entrevue, votre conversation avec Marcelin Albert. Oui, vous avez eu raison de le recevoir ; vous avez eu raison d'essayer ce moyen de conciliation et d'apaisement. Mais, puisque vous avez jugé que la rigueur littérafe et judaïque de la loi devait plier devant un intérêt supérieur de paix nationale, pourquoi ne l'avez vous pas fait plus tôt ? (Applaudissements à l'extrême gauche et sur divers bancs à droite.) Et pourquoi vous êtes-vous cru obligé de mobiliser l'armée de la France pour arrêter Ferroul, pour essayer d'arrêter Marcelin Albert luimême, puisque, pour cet homme qui, venant à vous, n'était qu'un inculpé, vous avez, dans l'intérêt de la paix, ajourné l'exécu tion de la loi?"
1907-06-28,le président du conseil,"Il fallait ajourner d'abord la répression. (Nouveaux applaudissements sur les mêmes bancs.) Et puis laissez-moi vous le dire, — et c'est dans votre politique, hélas, une contradiction de plus - à l'heure même où vous consentiez ce sacrifice qui pouvait être généreux, qui pouvait être efficace, vous avez fait sans le vouloir, sans le savoir, avec la même imprévoyance, tout ce qui dépendait de vous pour discréditer l'homme qui allait partir làbas. (Applaudissements à l'extrême gauche et sur divers ballcs.) A peine est-il sorti de votre cabinet que vos communications apprennent aux journaux que cet homme a eu une attitude de repentir. Mais vous le désarmiez auprès de ceux qu'il allait essayer de convaincre. (Nouveaux applaudissements à l'extrême gauche et sur divers ballcs.) M. le président du conseil. Vous mo faites dire ce que je n'ai pas dit."
1907-06-28,Président du Conseil,"Ah! monsieur le président du conseil, c'était un simple qui venait auprès de vous, c'était un homme sans expérience de la vie politique et sociale, c'était un paysan qu'un floteénorme avait soulevé soudain à un rôle disproportionné. Ilvif;111à Paris, il vient auprès de vous, qui avez pour lui le prestige de l'homme du pouvoir, en qui se personnifie la patrie et cet homme simple, vous ne l'avez pas averti du piège où il allait tomber ! [Applaudissements à l'extrême gauche el sur divers bancs. —"
1907-06-28,Jaurès,"Ah ! messieurs, s'il se produisrait -les ricanements, 'je vous, jure qu'à celte heure ce n'est pas pour moi que je les regretterais (Vifs applaudissements à l'extrême gauche à droite el au centre.) Vous saviez, monsieur le président du conseil, vous ne pouviez pas ne pas savoir combien les misérables questions d'argent."
1907-06-28,Président du Conseil,"M. le président du conseil. Mais c'est lui qui l'a dit 1 M. Jaurès.dans ce pays soupçonneux, auprès de ce Midi affolé, pouvaient jouer un déplorable rôle. Vous savez, vous qui avez l'expérience de la vie, que, si cet homme, par naïveté, par candeur admirable, emportait auprès de ce Midi que vus soldats, au nom de la loi, je le veux bien venaient de frapper, s'il emportait unpeud'or de votre caisse ministérielle, il était"
1907-06-28,Jaurès,"dîraînué.( Vifs applaudissements sur les mêmes bancs. — Interruptions à gauche.) Ah! messieurs, je sais bien que M. le président du conseil n'y a pas pensé."
1907-06-28,Ruau,Ce que vous dites là est abominable. (Très bienl très bienl à gauche.)
1907-06-28,Jaurès,"Comment ! Je ne vous permets pas, monsieur Ruau, de me parler ainsi."
1907-06-28,Président du Conseil,"Ah! monsieur Jaurès, il y a des arguments qui ne sont pas dignes de vous. (Bruit à l'extrême gauche.)"
1907-06-28,Jaurès,"Monsieur Ruau, vous avez appliqué à mes paroles un mot que je n'accepte pas; vous n'êtes pas le juge de ma pensée, vous n'êtes pas le juge de ma conscience."
1907-06-28,Ruau,Je suis le juge de la mienne. (Applaudissements à gauche.)
1907-06-28,Jaurès,Vous vous méprenez étrangement.
1907-06-28,Jaurès,"Ai-je insinué une seconde qu'il avait pu entrer dans la pensée d'un homme public la tentation de diminuer cet homme? Pas un instant. Ce que je dis, c'est que, d'un bout à l'autre de cette affaire, il y a eu une telle imprévoyance, un tel aveuglement qu'à la minute même où le président du conseil faisait fléchir la loi, suspendant pratiquement le mandat d'arrêt pour permettre à Marcelin Albert, à l'état d'inculpé libre, de faire une œuvre d'apaisement moral dans le Midi, il accumulait autour de cet homme des circonstances qui ne pouvaient pas ne pas entraîner pour lui le discrédit, qui l'ont entraîné en effet; et voilà pourquoi il a fallu que, vingt-quatre heures après cette entrevue, avant d'avoir pu remplir sa mission, devant la défiance générale, il se constituât prisonnier, interné par le comité d'Argelliers se substituant à vous dans l'application de la justice. (Applaudissements à Vextrême gauche.) Je demande si, lorsqu'un Gouvernement a donné ces exemples d'incohérence dans la conduite, il peut recevoir de la Chambre un nouveau mandat qui sera un blanc-seing nouveau, pour assumer en votre nom dans ce drame, qui n'est pas clos, des responsabilités nouvelles."
1907-06-28,Dupourqué,Un complot !
1907-06-28,Jaurès,"C'est une simple suggestion de bon sens. Moi aussi, cet après-midi, en vous écoulant j'ai éprouvé une inquiétude profonde, monsieur le président du conseil."
1907-06-28,Président du conseil,"faux point d'honneur du pouvoir qui entraîne bien souvent les conséquences les plus funestes, que vous ne retireriez les troupes, que vous détendriez les mesures gouvernementales que-lorsque le Midi serait rentré dans ce que, vous appelez la légalité. (Interruptions à gauche.) Ecoutez-moi, messieurs. L'heure est sérieuse pour nous tous et je vous prie de ne pas vous arrêter à telle ou telle parole avant que j'aie pu formuler exactement toute ma pensée."
1907-06-28,Président du conseil,"Monsieur le président du conseil voulez- vous attendre que toute la littéralité de la loi soit appliquée dans le Midi? Voulez-vous attendre non seulement que les municipalités aient retiré leurs démissions, mais que les contribuables aient cessé la grève de l'impôt? (Bruit.) M. le président du conseil. Ceux qui peuvent payer 1 M. Jaurès. J'essaye de préciser le problème. Permettez-moi de poser en termes précis la question ; car si nous ne la posons pas ce soir à temps, elle se posera, mais trop tard, en caractères peut-être sanglants que nous déplorerons tous."
1907-06-28,Jaurès,"Il est entendu, devant le pays. (Exclamations sur divers bancs à pauche et au centre.) Comment, messieurs, je croyais que nous ne délibérions pas ici à huis clos, je croyais que les engagements pris, que les affirmations produites ici par le chef du Gouvernement valaient non seulement pour nous, mais pour le pays tout entier ; et je prends acte avec joie devant tous les citoyens de France de cette parole de M. le président du conseil disant qu'il n'a pas l'intention de procéder, pour le recouvrement de l'impôt, à des mesures d'exécution."
1907-06-28,Jaurès,"Avez-vous senti, messieurs, ce qu'ily<avait de trouble dans la réponse premièrei."
1907-06-28,Féron,"Ilabienfait1M. Jaurès. Vous dites : Il a bien fait,mon..!"
1907-06-28,Dauzon,Oui ! Mais M. le président<~tconseil a dit aussi que son choix était fait||et qu'il couvrait sesagents..
1907-06-28,Jaurès,"Je dis, monsieur Dauzon, qufvidemment le président du conseil asug-Igéré à la Chambre. (Jfouvements divers.) Messieurs, je ne comprends plus, jevoul'avoue. J'essaye de traduire entoutefèrealitéet dans sa nuance même la réalité de cette séance."
1907-06-28,le Président,Personne ne demande la parole dans la discussion générale?
1907-06-28,Augé et Pelisse,"La Chambre, convaincue que les contradictlonsdelaPOlitiquegouvernementale ont aggravé la crise du Midi et retardent la pacification nécessaire, et repoussant toute addition, passe à l'ordre du jour."
1907-06-28,Gauthier (de Clagny),"La Chambre, résolue à poursuivre la pacificationdesdépartements du Midi, par unepolitiqued'apaisement. et des mesures detabliruneconvaincue de la nécessité de rétablirunedisciplinesévère dans l'armée et de faire respecter partout les principes essentielsl'ordreetd'autorilé,passe à l'ordre du jour"
1907-06-28,Gayraud,"LaChambre,considérant que la politique antireligieuse est l'une des causes principales de la crise d'anarchie sociale queSUbItnotre démocratie, et résolue à faireunePolitique de liberté et de respect à l'égard!»S*Cr°yanCeSreligieuses, passe à ordre du jour."
1907-06-28,Camuzet et Gioux,"La.Chambre, émue des douloureux événements du Midi, confiante dans le Gouvernementpourassurer ; l'ordre, la disciplinedans.L^ ç, e respect des lois et la répressionénergiquede la fraude des vins, et repoussanttouteadditionnasseà l'ordre duLe5e,deMM. Allard, Betoulle; AlexandreBlanc,Bedouee, Jules Guesde, Bénézech, Edouard Vaillant, Delory, Paul Constans, Willm, Ghesquière et Thivrier : « La Chambre, réprouvant la politique de provocations et de sang, par laquelle le Gouvernement a répondu aux revendications des vignerons du Midi, passe à l'ordre du jour."
1907-06-28,Gouvernement,"pour assurer ; l'ordre, la discipline dans le Gouvernement et la répression énergique de la fraude des vins, et repoussant toute addition"
1907-06-28,Allard,"La Chambre, réprouvant la politique de provocations et de sang, par laquelle le Gouvernement a répondu aux revendications des vignerons du Midi, passe à l'ordre du jour."
1907-06-28,Lagasse,"La Chambre, adressant aux familles des victimes des tragiques événements de Narbonne ses douloureuses condoléances et comptant sur le Gouvernement pour prendre les mesures d'apaisement et de clémence réclamées par les populations du Midi, passe à l'ordre du jour."
1907-06-28,Beauquier,"La Chambre, approuvant les déclarations du Gouvernement et confiante en lui pour assurer le respect de la loi et la pacification, repoussant toute addition, passe à l'ordre du jour."
1907-06-28,Paul-Meunier,"J'ai reçu, en autre, deM.Paul-Meunier, une proposition de résolution ainsi conçue : « La Chambre décide de nommer, dans ses bureaux, une commission de vingt-deux membres chargée de faire une enquête sur les événements du Midi»."
1907-06-28,le président du conseil,"Le Gouvernement accepte l'ordre du jour de MM. Beauquier, Villejean, Gaston Meunier et Modeste Leroy."
1907-06-28,Justin Augé,Je demande la priorité pour notre ordre du jour.
1907-06-28,le président,"L'ordre du jour de MM. Augé et Pelisse, sur la priorité duquel je vais consulter la Chambre, est ainsi conçu : « La Chambre, convaincue que les contradictions de la politique gouvernementale ont aggravé la crise du Midi et retardent la pacification nécessaire, et repoussant toute addition, passe à l'ordre du jour. »"
1907-06-28,Lagasse,J'ai demandé la priorité pour le mien ; je maintiens ma demande.
1907-06-28,Gauthier (de Clagny),"Messieurs, l'ordre du jour que j'ai déposé et dont vous avez entendu la lecture résume en quelques mots les observations que je comptais présenter. Mais mes collègues m'ont trop souvent témoigné leur bienveillance pour qu'à mon tour je ne leur en témoigne pas ma gratitude en renonçant à la parole."
1907-06-28,Gioux,"Au nom de M. Camuzet et au mien, je déclare que nous n'insistons pas pour la priorité en faveur de notre ordre du jour."
1907-06-28,le président,"Je vais consulter la Chambre sur la priorité demandée en faveur de l'ordre du jour de MM. Allard, Betoulle et plusieurs de leurs collègues, qui est ainsi conçu : « La Chambre, réprouvant la politique de provocations et de sang, par laquelle le Gouvernement a répondu aux revendications des vignerons du Midi, passe à l'ordre du jour."
1907-06-28,Maurice Allard,"Je ne me fais pas d'illusion sur le sort réservé à mon ordre du jour. Nous sommes à la veille du 14 juillet, les marchés sont faits pour les palmes, pour les croix. ( Vives réclamations à gaucke.) M. le président. Monsieur Allard, vous tenez un langage intolérable; je vous rappelle à l'ordre."
1907-06-28,Tournade,Toute vérité n'est pas bonne à dire.
1907-06-28,Maurice Allard,Pour les raisons que je viens d'exposer je retire mon ordre du jour.
1907-06-28,Lasies,"Rouvant les déclarations du Gouvernement et confiante en lui pour assurer le respect de la loi et la pacification, repoussant toute addition, passe à l'ordre du jour."
1907-06-28,Lasies,La priorité n'est pas contestée pour cet ordre du jour? (Non ! non !) Je vais le mettre aux voix au fond.
1907-06-28,Lasies,La parole est à M. Lasies pour expliquer son vote.
1907-06-28,Lasies,"Dans tous ces débats, à propos d'incidents où l'armée a joué un si grand rôle, et on rôle si douloureux, nous n'avons pas entendu M. le ministre de la guerre. C est probablement parce qu'on ne lui a pas demandé d'explications directement."
1907-06-28,Lasies,"Ce n'est pas sans étonnement, du moins pour tous ceux qui, même de loin, savent ce qu'est le service militaire, que nous avons entendu M. le président du conseil nous conter cette extraordinaire histoire de gens bien mis allant trouver le général Bailloud au moment où il parlait aux mutins, et se présentant avec un message du Gouvernement."
1907-06-28,Lasies,"Messieurs, il faut une explication là-dessus."
1907-06-28,Lasies,"Je le demande à M. le ministre de la guerre, est-il admissible qu'un général commandant de corps d'armée tombe dans un piège pareil, si piège il y a eu ?"
1907-06-28,Le général Picquart,Oui
1907-06-28,Lasies,"Vous nous avez dit, monsieur le président du conseil, que vous n'aviez pas télégraphié. C'est vrai ; mais vous avez téléphoné ! (Interruption à gauche.)"
1907-06-28,Lasies,"Mais, messieurs, est-ce que vous êtes chargés de faire de l'obstruction pour qu'on n'entende pas ce que j'ai à dire ? (Très bien! très bien! à droite.)"
1907-06-28,Lasies,"Monsieur le président du conseil, le message qui a été lu au général Bailloud et qui a été communiqué aux troupes du 17e qui s'étaient mutinées, a été réellement envoyé par téléphone par vous."
1907-06-28,Lasies,M. le président du conseil. Je vous donne ma parole d'honneur que non!
1907-06-28,Lasies,"Je crois à votre parole d'honneur, mais alors il y a un de vos fonctionnaires qui a commis l'acte le plus grave qu'un fonctionnaire puisse accomplir."
1907-06-28,Lasies,M. le président du conseil. Mais non!
1907-06-28,Lasies,"J'ai ici le témoignage du président du syndicat de défense viticole, qui déclare que le message téléphonique a été reçu dans le bureau du sous-préfet, en présence de quinze témoins."
1907-06-28,Lasies,Eh bien! votre sous-préfet a menti ! (Exclamations à gauche. — Vifs applaudissements à droite.)
1907-06-28,Lasies,Votre fonctionnaire vous a trompé comme vous ont trompé d'autres fonctionnaires dans bien d'autres circonstances !
1907-06-28,Lasies,M. le ministre de la guerre. A quel moment?
1907-06-28,Lasies,Je vais vous le dire.
1907-06-28,Lasies,A gauche. Interpellez 1 M. Lasies. Les règlements militaires ont été violés par vous lorsque la mutinerie du 100e régiment a commencé.
1907-06-28,Lasies,"A ce moment, vous deviez faire faire une enquête par le général de brigade, par le général de division et par le général commandant de corps d'armée; or, vous l'avez fait faire par un colonel plus jeune que celui que vous aviez à enquêter."
1907-06-28,Lasies,Le colonel Marmet a été frappé sans avoir été entendu et sans qu'on lui ait même communiqué son dossier.
1907-06-28,Lasies,"Mais il y a dix jours que le colonel Marmet est frappé, monsieur le ministre 1 M. le ministre de la guerre. En ce qui concerne le colonel Marmet, j'ai été absolument fixe sur ce qu'il a fait par le rapport du général Turcas, qui, d'ailleurs, a été frappé."
1907-06-28,le ministre de la guerre,Non ; mais j'ai un rapport qui indique ce qu'il a fait.
1907-06-28,Lasies,"Comment ! c'est vous, le colonel Picquart, qui condamnez sur un rapport secret ?"
1907-06-28,le ministre de la guerre,"Monsieur Lasies, je n'ai infligé aucune punition au colonel Marmet."
1907-06-28,A droite,Vons l'avez mis à la retraite d'office.
1907-06-28,le ministre de la guerre,"En le mettant à la retraite d'office, non seulement je n'avais pas l'obligation de lui communiquer son dossier, mais encore je ne devais pas, le faire."
1907-06-28,Lasies,"Vous l'avez mis à la retraite d'office, ce qui est, je crois, une punition grave entre toutes."
1907-06-28,le président,"M. Lasies, je suis bien aise. * de avoir soulevé cet incident. Il est avéré que: le colonel Marmet a été frappé, puisqu'il ai été mis par votre ordre à la retraite, sans; * que son dossier lui ait été communiqué, sans qu'il ait été entendu."
1907-06-28,Lasies,"Lorsque dernièrement, des sous-officiers < d'artillerie ont été frappés parleurs officiers,, vous les avez fait venir à Paris dans votre; cabinet, monsieur le ministre. Vous les avez f entendus, et c'était votre devoir."
1907-06-28,Lasies,"Il y a encore autre chose que je voulais vous reprocher, monsieur le ministre : c'est, au moment de cette déplorable révolte du : 17°, l'ordre que vous avez donné à un autrelrégiment de marcher contre le régiment ré- !Lvolté. Cela était contraire aux règlements ettaux lois militaires."
1907-06-28,Ecker-David,"etThiiperry-Cazes, qui est ainsi conçue :«*--adresseson salut ému aux victimesel.vilesetmilitaires, compte sur le patriotinnconcoursdes populations mérididnales. »"
1907-06-28,Gouvernement,"LeGouvernementaccepte aussi cetteadditionLatroisièmepartie de l'ordre du jour sevipnc^f8?donc d'abord de la phrase que jef?L-F.!eet des mots: « et, repoussantItouteaddition,passe à l'ordre du jour. »"
1907-06-28,Voix,Voixnombreuses.Votons à main levée!
1907-06-28,leprésident,":M.leprésident.Jemets aux voix, à main-levée,cettetroisième partie de l'ordre duJour."
1907-06-28,Thierry-Cazes,"nneM.Thierry-Cazes.Messieurs,comme signatairedel'addition qui vient d'être votéeàl'unanimité,j'ai le devoir de rappeler^aeul'honneur de diriger pendantPlusieursannées l'établissement d'enseigne""Inentsecondairede Narbonne, ayant vécuaumilieude ces populations, mes voisines,ayantpartagéleurs joies et leurs tristesses'jayantimS1tn»J8eu par la bienveiilance queJaltémoignéeaux jeunes citoyens decePavspÎauxJeunesMoyensdececentreetàdroite.)(^meursauMescherscollègues,ma déclaration, quinnn01î*ndev01F>aura peut-être uneImPortanceplus grande que vous ne pensez(Trèsbien1très bien! à gauche.)Jedisaisqu'en enseignant ce qu'était laHtépubliqueetladémocratie aux jeunes ci'toven*f?k011?6'en apportant dans mesdoit?d'éducateur la bienveillance quedoitavoirtout instructeur de la jeunesse,ialtoujoursété honoré de la confiance deièllrsfamilles.jesaisis cette occasion soennellepourdire du haut de cette tribunequelescitoyensde Narbonne ne s'humilieirontpas,ense soumettant à la loi. D'anciensélèvp«nt^ilrsd'aujourd'hui, des amis fai'Raientd'aujourd'hui,desamisfaidemunicipalités qui ont démis•«ionunutfedans-unmoment de misère et d'em-"
1907-06-28,leprésident,"M.leprésident. Avant de mettre auxvoul'ensemble-del'ordredujour, je donnelaparoleà M. Thierry-Cazes."
1907-06-28,Thierry-Cazes,"nneM.Thierry-Cazes.Messieurs,comme signatairedel'addition qui vient d'être votéeàl'unanimité,j'ai le devoir de rappeler^aeul'honneur de diriger pendantPlusieursannées l'établissement d'enseigne""Inentsecondairede Narbonne, ayant vécuaumilieude ces populations, mes voisines,ayantpartagéleurs joies et leurs tristesses'jayantimS1tn»J8eu par la bienveiilance queJaltémoignéeaux jeunes citoyens decePavspÎauxJeunesMoyensdececentreetàdroite.)(^meursauMescherscollègues,ma déclaration, quinnn01î*ndev01F>aura peut-être uneImPortanceplus grande que vous ne pensez(Trèsbien1très bien! à gauche.)Jedisaisqu'en enseignant ce qu'était laHtépubliqueetladémocratie aux jeunes ci'toven*f?k011?6'en apportant dans mesdoit?d'éducateur la bienveillance quedoitavoirtout instructeur de la jeunesse,ialtoujoursété honoré de la confiance deièllrsfamilles.jesaisis cette occasion soennellepourdire du haut de cette tribunequelescitoyensde Narbonne ne s'humilieirontpas,ense soumettant à la loi. D'anciensélèvp«nt^ilrsd'aujourd'hui, des amis fai'Raientd'aujourd'hui,desamisfaidemunicipalités qui ont démis•«ionunutfedans-unmoment de misère et d'em-"
1907-06-28,leprésident,"M.leprésident. (Cettedernièrepartie de l'ordre du jour,miseauxvoix,estadopté.)M.leprésident. Avant de mettre auxvoul'ensemble-del'ordredujour, je donnelaparoleà M. Thierry-Cazes."
1907-06-28,Thierry-Cazes,"nneM.Thierry-Cazes.Messieurs,comme signatairedel'addition qui vient d'être votéeàl'unanimité,j'ai le devoir de rappeler^aeul'honneur de diriger pendantPlusieursannées l'établissement d'enseigne""Inentsecondairede Narbonne, ayant vécuaumilieude ces populations, mes voisines,ayantpartagéleurs joies et leurs tristesses'jayantimS1tn»J8eu par la bienveiilance queJaltémoignéeaux jeunes citoyens decePavspÎauxJeunesMoyensdececentreetàdroite.)(^meursauMescherscollègues,ma déclaration, quinnn01î*ndev01F>aura peut-être uneImPortanceplus grande que vous ne pensez(Trèsbien1très bien! à gauche.)Jedisaisqu'en enseignant ce qu'était laHtépubliqueetladémocratie aux jeunes ci'toven*f?k011?6'en apportant dans mesdoit?d'éducateur la bienveillance quedoitavoirtout instructeur de la jeunesse,ialtoujoursété honoré de la confiance deièllrsfamilles.jesaisis cette occasion soennellepourdire du haut de cette tribunequelescitoyensde Narbonne ne s'humilieirontpas,ense soumettant à la loi. D'anciensélèvp«nt^ilrsd'aujourd'hui, des amis fai'Raientd'aujourd'hui,desamisfaidemunicipalités qui ont démis•«ionunutfedans-unmoment de misère et d'em-"
1907-06-28,leprésident,"M.leprésident. Après avoir rempli ce devoir, après avoir donné à mes élèves d'hier, qui sont restés mes amis, ce conseil de véritable ami, je dis bien haut, m'adressant à M. le président du conseil, au Gouvernement : « Je me joins instamment aux adjurations qui vous ont été adressées par tous les républicains, par vos amis ; je vous crie : Clémence ! Apaisement ! et je compte que vous ferez tout ce que vous pourrez pour remédier à la grande détresse de nos malheureux frères du Midi. » (Applaudissements à gauche.)"
1907-06-28,leprésident,"M. le président. Je mets aux voix l'ensemble de l'ordre du jour, ainsi conçu : ! « La Chambre, approuvant les déclarations du Gouvernement, et confiante en lui pour assurer le respect de la loi et la pacification, adresse son salut ému aux victimes civiles et militaires, compte sur le patriotique concours des populations méridionales et, repoussant toute addition, passe à l'ordre du jour. »"
1907-06-28,Paul-Meunier,La Chambre décide de nommer dans ses bureaux une commission de vingt-deux membres chargée de faire une enquête sur les événements du Midi.
1907-06-28,leprésident du conseil,"J'ai indiqué à la Chambre que deux enquêtes sont actuellement en cours : l'enquête militaire et une enquête judiciaire. J'ai parlé d'une enquête parlementaire pour montrer à la Chambre qu'elle avait le droit de savoir la vérité et qu'elle la saurait ; mais il ne peut pas être question, à mon avis, d'enquête parlementaire pendant que les troubles persistent, tant que la loi n'est pas observée dans trois départements, à un moment surtout où les discussions qui suivraient l'enquête retarderaient indéfiniment l'apaisement."
1907-06-28,Jules Delahaye,"Alors, quand en parlerons-nous? Dans six mois?"
1907-06-28,leprésident,La parole est à M. Jaurès.
1907-06-28,Jaurès,"Je me permets de faire remarquer à M. le président du conseil et à la Chambre le péril que présente cet ajourne-, ment. Proclamer, comme le fait de nouveau M. le président du conseil, qu'il y aura une commission d'enquête parlementaire."
1907-06-28,leprésident du conseil,Je n'aiPasdit qu'il y en aura une. Je n'ai pas qualité pour cela. J'ai dit qu'il pourra y en avoir une.
1907-06-28,Jaurès,"A moins d'avoir un sténographe, je ne puis mieux reproduire les paroles mêmes de M. le président du conseil Il a dit que, pour donner à la Chambre et au pays l'assurance que toute la vérité serait connue, une commission d'enquête parlementaire serait constituée."
1907-06-28,président du conseil,"Il fait donc savoir lui-même au pays, et en particulier aux populations du Midi, que la nomination d'une commission parlementaire contribuera à leur faire connaître la vérité."
1907-06-28,Babaud-Lacroze,Evidemment ! Ce sera à la Chambre à décider.
1907-06-28,Jaurès,"C'est déclarer par là même qu'il se peut tout au moins que la vérité sur ces événements douloureux, sur les res ponsabilités qu'ils entraînent, ne soit pas pleinement connue tant qu'il n'y aura pas eu une enquête de cet ordre. (Protestations à gauche.) Je dis que, dans ces conditions, il faut faire l'enquête tout de suite. Sinon, cet ajournement fera naître une demi-suspicion, infirmant à moitié les autres enquêtes commencées, et permettra toujours au Midi de se représenter que la vérité tout entière n'est pas connue, que les responsabilités ne sont pas établies. Vous contribuerez par là à écarter, à ajourner l'apaisement."
1907-06-28,membre à gauche,Au contraire !
1907-06-28,Jaurès,"Quand on a prononcé de telles paroles, il ne faut pas que ce soit un moyen de séance pour atténuer momentanément l'effet des redoutables démonstrations de notre collègue Aldy. Il faut que les actes suivent les déclarations. Voilà pourquoi nous demandons une commission d'enquête. (Applaudissements à l'extrême gauche.) Voix nombreuses."
1907-06-28,président,Je mets aux voix la proposition de résolution de M. Paul-Meunier.
1907-06-28,président,"J'ai reçu de M. le président du conseil, ministre de l'intérieur, un projet de loi portant ouverture au ministre de l'intérieur, sur - l'exercice 1907, d'un crédit supplémentaire de 200,000 fr. destiné aux traitements des conseillers de préfecture."
1907-06-28,président,"Le projet de loi sera imprimé, distribué et, s'il n'y a pas d'opposition, renvoyé à la commission du budget."
1907-06-28,président,"J'ai reçu de M. le président du conseil, ministre de l'intérieur, un projet de loi tendant à établir d'office une imposition extraordinaire sur la commune de Pouillé (LoireInférieure)"
1907-06-28,président,"Le projet sera imprimé, distribué et renvoyé à la commission d'intérêt local."
1907-06-28,président,J'ai reçu de M. le ministre des finances deux projets de loi:
1907-06-28,président,"Le 1er, autorisant la perception d'une surtaxe sur l'alcool à l'octroi de Saint-Calais (Sarthe)"
1907-06-28,président,"Le 2e, autorisant la perception d'une snrtaxe sur l'alcool à l'octroi de Fontenay-leComte (Vendée)"
1907-06-28,président,"Les projets de loi seront imprimés, distribués et, s'il n'y a pas d'opposition, renvoyés à la commission des octrois."
1907-06-28,président,"J'ai reçu de M. le ministre de l'instruction publique, des beaux-arts et des cultes, un projet de loi tendant à modifier les articles 6, 9,10 et 14 de la loi du 9 décembre 1905 sur la séparation des Eglises et de l'Etat."
1907-06-28,président,"Le projet de loi sera imprimé, distribué et, s'il n'y a pas d'opposition, renvoyé à la commission de la réforme judiciaire et de la législation civile et criminelle."
1907-06-28,président,"J'ai reçu de M. le ministre des travaux publics, des postes et des télégraphes, un projet de loi portant approbation d'une- convention conclue le 26 juin 1907, entrer l'Etat et la compagnie des messageries maritimes, pour l'exécution des services maritimes postaux reliant la France au Brésil et à la Plata."
1907-06-28,président,"Le projet de loi sera imprimé, distribuée et, s'il n'y a pas d'opposition, renvoyé àla-;commission des postes et d^s télégraphes,f sous réserve de l'avis de la commissiondu~budget."
1907-06-28,président,"15. - DÉPÔT DE RAPPORTS * M. le président. J'ai reçutde*M. Janet un* rapport supplémentaire fait au nom de la commission des mines sor,-Ia fraposition de , loi de M. Basly, tend an ta limiter à Jinit.heures au maximum la journée de travail' dans les mines."
1907-06-28,président,"J'ai reçu de M. Léon Mougeot un rapport supplémentaire fait au nom de la commis-; siop du budget, sur le projet de loi concer- nant : 1e l'ouverture et l'annulation de crédits sur l'exercice 1900 au titre du bud-get.général ; 2° l'ouverture et l'annulationdécrédits sur l'exercice 1907 au titre du budget général ; 3° l'ouverture de crédits sur les exercices 1900 et 1907 au titre des budgets annexes."
1907-06-28,président,"J'ai reçu de M. Maurice Vroîletto un rapport faitau,:,nomde la commission» dé la législation civile et criminelle sur -la propositionderltti,adoptéeparlajChamiH*e-dBSdéputés, adoptéeaveciftodlftçfÀionspar le Sénat, relative auliïvuesalaire de la femme mariée et a la contribution des époux aux charges du ménage."
1907-06-28,président,Les rapports seront imprmés et distribués.
1907-06-28,président,16. - DÉPÔT DE PROPOSITIONS DE LOI
1907-06-28,président,M. le président. J'ai reçu de M. Hippolyte'Larocheu'ne.propositidfrdeloisur la publicité des séances des conseils d'arrondissement.
1907-06-28,président,"La proposition de loi seraîïnprîméé,distribuéeet, s'il n'y a pas d'opposition, renvoyée à l'a commission d'administration!générale, départementale et communal (Assentiment.)"
1907-06-28,président,I'ai reçu de M. Ferrette une proposition de loi ayant pour but d'exempter des contri- ; butions directes les vignes laissées eu?friche.
1907-06-28,président,"La proposition de loi sera imprimée, dis- -!tribuée et, s'il n'y a pas d'opposition, ren-voyée à la commission du budget. (Assentiment.)"
1907-06-28,président,"J'ai reçu de M. Desplasune propositiondgloi tendant à modifier l'article 419 du codq pénal, de façon à permettre la constitutionIde cartels destinés à éviter les conséquences|a|ide la surproduction."
1907-06-28,président,"La proposition de loi sera imprimée, dis- tribuée et, s'il n'y a pas d'opposition, ren-voyée à la commission des alcoolsinc&s-,.itriels. (Assentiment.)"
1907-06-28,président,J'ai reçu de M. Desplas une propositionJde loi tendant à permettre une expérimen-Mtation générale de l'impôt sur le revemt0Mdans la France entière.
1907-06-28,président,"La proposition de loi sera imprimée, dis-,11:tribuée et, s'il n'y a pas d'opposition, ren-voyée à la commission de la législation fis-cale. (Assentiment.)"
1907-06-28,Mahieu,"La commissionde»eon-$gés est d'avis d'accorder : A. M. Mahieu, ua congé jusqu'au l^juillet il,"
1907-06-28,Suchetat,un congé jusqu'au2 juillet.
1907-06-28,président,Il n'y apas^d'opposition?
1907-06-28,président,Les congés sont accordés.
1907-06-28,Chef du service technique de la Chambre des députés,ALEXANDREGAUDBT
1907-06-28,ages,.
1907-06-28,IAu lieude,"' car ce scrutin était muni. ',TLire :-."
1907-06-28,car,ce dernier étaitlIluni.
1907-06-28,J.,lieu.
1907-06-28,1détenirtlnvalidation,'Lîres:~a~obtenirl'invalidation.*
1907-06-28,SCRUTIN<N°291),T~~*portant ouverture au mid'uncrédit supplemen¡kirefifredePexercice4907(Cours d'appel).
1907-06-28,N,ffibre. des votants 320 Majorité absotDe. 161 Pour l'atl'Opt.'ièm. 318 Contre 2
1907-06-28,LaChambredesdéputés,a adopté.
1907-06-28,ONTVOTÉ POUR,:(Dri^Abel-Be'l'tlard.Ailim.Alsace (comte d')in)-Amodru.Andrieu. Anthimeienard.AntoineGras. Arago (François).Ar^h-Veïud-Ar-geliès.Aristide Briand.
1907-06-28,krmez,.Astier.Authier.
1907-06-28,Rabaud-LacrozeBachimont,Baduel. BalanHru;Bar-Barthou. Bartissol. BaudetfÎEuJSfiOhn„i(Côtes-du-Nord).Baudet (Louis);
1907-06-28,l1Baudin,(Pierre). Baudon. BeauBecays.
1907-06-28,Begey,. Bellier. Benazet.
1907-06-28,efenmoiBérard,(Alexandre). Berthet. Bes;nard.Rizot.Bonnevay.Bonniard. BoucherI(lfunryl.Bouctot.Bouffandeau. Bourély.
1907-06-28,®oattia®,"(Georges).Bozonet. Brunard. Buisson')(pepj,maad).Bussière.Butin. Buyat."
1907-06-28,fcorrifex-Capéran,.Carpot. Castellane (comte*Caznnîi?)•Castillard.Cauvin (Ernest) (Somme).
1907-06-28,"cazauv,eilh",Cazeaux-Cazalet.Cazeneuve. CèreUlile).Chabert(Justin). Chaigne.
1907-06-28,ge,Chambon.Chambrun (marquisChamerlat.Chanal. Chanoz. Chapuis(et-iw)Uura).Chapuis(Gustave) (Meurthe~haS~~-CharlesChabert.
1907-06-28,Charonnat,".^hastp^fr(Guillaume).Chaumeil. Chaumet,r;u-CiUmié(Jacques).Chautard."
1907-06-28,Chautempsi,"(Alnhnno^""VilQe^et~Loire)-Chavet. Chéronoeory).Chion-Ducollet.Chopinet."
1907-06-28,CibielSCélr),"(Vienne).Clament (Clément). CléGochinCloarec., Coache."
1907-06-28,Cochery,(Georges).
1907-06-28,oChin,(Henry)(Nord).Codet(Jean).Combrouze.
1907-06-28,Constant,(Emile)(Gironde).CordeCoriiudet(vicomte).Cosnard.Cosnier.
1907-06-28,-Ouderc.,Coulondre.Cruppi.Cuttoli..
1907-06-28,Dansette,(Jules).Dauthy. Dauzon.
1907-06-28,David(Pernand),Debaune(Louis). Decker.
1907-06-28,.p,(FeeforSnaSnffdô.D^umade^Dehoven?ia.arcel).Delbet.Delcassé.r.Oix.Delé-¡ghse.DeleUs-Fanien.Delmas.
1907-06-28,Deloncle(Charles),(Seine).Deloncle (François)(Cochin
1907-06-28,Dolpierre,".Derveloy. Desjardins(JuSnespla,Dessoye."
1907-06-28,Daumer-,(Paul). Doumergue (Gas
1907-06-28,Drelon,Dreyt. Dron. Dubief. Dubuissonn•'pUIsson.
1907-06-28,Dujar-ctin-Beaumetz,.Dulau (Cons
1907-06-28,Duquesnay,.
1907-06-28,Durand (Aude),.
1907-06-28,btirand(Joseph)(Haute-Loire).,Dussaussoy.
1907-06-28,DutreilEmileChauvin,.
1907-06-28,Empereur,.
1907-06-28,Euzière,.
1907-06-28,"Farjon,FernandBrun.",Féron. Fiquet. Fitte.
1907-06-28,Ft(Yonne).,Fleurent. FollevilledeBimoreriKimDanielde).Forcioli.Foy(Théohald)(Danielde).Forcioli.Foy(Tbeoê«îdkÏÏ^°Gasparin.
1907-06-28,Gavini (Antoine),.
1907-06-28,erald(Georges).,"Gérarll-Vâret.Gioux., Girod(Justin).Godet (Frédéric)."
1907-06-28,Gouzv,Grosdidier.Groussau. Guernier.
1907-06-28,Guislain (Louis),. Guyotne.
1907-06-28,Halléguen.,HectorDepasse. Hennessy.
1907-06-28,-+'■Hubert (Lucien*,(ArdennesV.
1907-06-28,ugon.,Humbert(Charles) (Meuse).
1907-06-28,AtJanet(Léon)(Doubs),.Jean Grillon. JeanOrel(Loire).Joyeux-Laffuie.
1907-06-28,IUotz.,Krantz(Camille).
1907-06-28,liboriLachaud,.Lagasse. Lamy.
1907-06-28,Lamy,"'PPOIiil-)-LaTrémoIlle(L. de), prince deTarent*•Laurent."
1907-06-28,Le Bail,. Lebaudy (Paul).
1907-06-28,Lébrnn.,Lefébure. Lefëvre.
1907-06-28,Leffet,. Lefort.
1907-06-28,Léglise,. Le Hérissé. Lemaire. Lemire. Le îRoy (Altredi (Nord). Lesage. Le Troadec.
1907-06-28,Levet (Georges),.
1907-06-28,Levraud,.
1907-06-28,Leygue (Honoré)' (Haute-Garonne),' (Haute-Garonne). Lhopiteau. Louis-Dreyfus.
1907-06-28,Magnaud.,Maille (Isidore) (Seine-Inférieure).
1907-06-28,Mairat,.
1907-06-28,Malvy.,Mando. Martin (Louis). Massabuau. Mathis. Maujan.
1907-06-28,Mercier (Jules),.
1907-06-28,Messimy.,Messner. Michel (Henri). Minier (Albert). Morel (Victor) (Pasde-Calais). Mougeot.
1907-06-28,Moustier (marquis de),. Munin-Bourdin. Muteau.
1907-06-28,Néron.,Noguès. Noulens.
1907-06-28,Ollivier,.
1907-06-28,Ory.,Ossola.
1907-06-28,Pajot.,Pasqual. Pasquier. Passy (Louis).
1907-06-28,Paul-Meunier,.
1907-06-28,Paulmler.,Péehadre. Pelletan (Camille). Pérès. Péret (Raoul). Périer de Larsan (comte du). Péronneau. Péronnet.
1907-06-28,Perroche,.
1907-06-28,Pierre Berger (Loir-et-Cher),.
1907-06-28,Pierre Poisson,.
1907-06-28,Plichon.,Plissonnier. Pomcreu (marquis de). Ponsot.
1907-06-28,Poullan,.
1907-06-28,Pourteyron.,Pozzi. Pradet-Balade.
1907-06-28,Raiberti,.
1907-06-28,Rajon (Claude),.
1907-06-28,Ravier.,Raynaud.
1907-06-28,Régnier,.
1907-06-28,Reinach (Joseph) (Basses-Alpes),Heinach(Théodore) (Savoie). Réville (Marc)RtdouaTd. Rigal.
1907-06-28,Robert Surcouf,.
1907-06-28,Roch.,Rose.
1907-06-28,Rouby.,Rousé. Rozet (Albin). Ruau.
1907-06-28,Rudelle,.
1907-06-28,Saint-Martin.,Saint-Pol (de). Salis. Sandrique. Santelli. Sarrien. Sauzède. Schmidt.
1907-06-28,", Schneider (Charles) (Haut-Rhin)",.SénstC.Sibille. Siegfried. Simonet. Simyan. Sireyjol.
1907-06-28,Tailliandier,.
1907-06-28,Tassin.,Tenting. Théron. Thierry-Cazes. Thierry-Delanoue. Thomson. Tourgnol. Tournier (Albert). Trouin.
1907-06-28,Vallée.,Vandame. Vazeille. Vigouroux. Villault-Duchesnois. Villiers. Vion. Viviani.
1907-06-28,MM.Brousse(Emmanuel) (Pyrénées Orientales),.
1907-06-28,Leroy-Beaulieu (Pierre),.
1907-06-28,N'ONT PAS PRIS PART AU VOTE:,r MM. Adigard. Aimond (Seine-et-Oise). Albert-Poulain. Aldy.
1907-06-28,Alexandre-Blanc.,Alicot. Allard. Allemane. Augé (Justin).
1907-06-28,Aynard (Edouard),.
1907-06-28,"Balitrand, Ballande.",Bansarddes Bois. Baron.
1907-06-28,(Gabriel),. Barrès (Maurice). Basly.
1907-06-28,Bénézecl1.,Berger (Georges) (Seine). Berry (Georges). Betoulle. Bienaimé (amiral).
1907-06-28,Biétry.,Blacas (duc de). Boissieu (baron de).
1907-06-28,Bony-Cisternes,.
1907-06-28,Bougère (Ferdinand),.
1907-06-28,Bougèrè (Laurent),.
1907-06-28,Bourrât,.
1907-06-28,Boutard.,Bouveri. Bouyssou. Boyer (Antide).
1907-06-28,Braud,.
1907-06-28,Brice (René),.
1907-06-28,Brisson (Henri),.
1907-06-28,Bussat.,Cachet. Gadenat. Camuzet. Carlier. Carnaud. Castelnau (de). Ceccaldi. Chandioux.
1907-06-28,Charles Benoist,.
1907-06-28,Charpentier.,Chauvière. Chavoix. Cibiel (Alfred) (Aveyron). Cochin (Denys) (Seine). Colliard.
1907-06-28,Constans (Paul) (Allier),.
1907-06-28,Cornand.,Cornet (Lucien> Couesnon (Amédée). Coutant (Jules).
1907-06-28,Dalimier,.
1907-06-28,Daniel-Lacombe.,Dejeante. Delafosse (Jules). Delahaye. Delory. Demellier.
1907-06-28,Denis (Théodore),.
1907-06-28,Devèze.,"Dion.,(marquis de)."
1907-06-28,Dior,.
1907-06-28,Dubois.,Duclaux-Montçil. Dudouyt Dufour (Jacques). Dumont (Louis) (Drôme).
1907-06-28,Dupourqué,.
1907-06-28,Durre.,.
1907-06-28,Colliard,Constans (Paul) (Allier).
1907-06-28,Cornet,(Lucien>
1907-06-28,Couesnon,(Amédée).
1907-06-28,Coutant,(Jules)
1907-06-28,Couyba,.
1907-06-28,Dalimier,. Daniel-Lacombe.
1907-06-28,Dejeante,.
1907-06-28,Delafosse,(Jules)
1907-06-28,Delahaye,.
1907-06-28,Delory,.
1907-06-28,Demellier,.
1907-06-28,Denis,(Théodore)
1907-06-28,Devèze,.
1907-06-28,Dion.,(marquis de).
1907-06-28,Dior,.
1907-06-28,Dubois,.
1907-06-28,Duclaux-Montçil,.
1907-06-28,Dudouyt,Dufour (Jacques).
1907-06-28,Dumont,(Louis) (Drôme).
1907-06-28,Dupourqué,.
1907-06-28,Durre,.
1907-06-28,Engerand,(Fernand)
1907-06-28,Estourbeillon,(marquis de l')
1907-06-28,Etienne,.
1907-06-28,Failliot,.
1907-06-28,Favre,(Emile)
1907-06-28,Ferrero,.
1907-06-28,Ferrette,.
1907-06-28,Fiévet,.
1907-06-28,Flandin,(Ernest) (Calvados).
1907-06-28,Flayelle,.
1907-06-28,Fontaines,(de)
1907-06-28,Forest,.
1907-06-28,Fournier,(François)
1907-06-28,Franconie,.
1907-06-28,Gailhard-Bancel,(de).
1907-06-28,Gaillard,(Jules)
1907-06-28,Gaipin,(Gaston)
1907-06-28,Gauthier,(de Clagny)
1907-06-28,Gauvin,(Maine-et-Loire)
1907-06-28,Gayraud,.
1907-06-28,Gentil,.
1907-06-28,Gérard,(baron)
1907-06-28,Gérault-Richard,.
1907-06-28,Ghesquière,.
1907-06-28,GinouxDefermon,.
1907-06-28,Goniaux,.
1907-06-28,Gonidec de Traissan 1,"(comte le),"
1907-06-28,Goujat,.
1907-06-28,Goard,.
1907-06-28,Grandmaison,(de).
1907-06-28,Groussct,(Paschal)
1907-06-28,Groussier,.
1907-06-28,Guesde,(Jules)
1907-06-28,Guieysse,.
1907-06-28,Guillain,(Florent).
1907-06-28,Guillemet,.
1907-06-28,Guyot de Villeneuve,(Camille)
1907-06-28,Haguenin,.
1907-06-28,Halgouet,"(lieutenant-colonel du),"
1907-06-28,Hauet,.
1907-06-28,Ilercé,(de).
1907-06-28,Isoard,.
1907-06-28,Jacquey,(général)
1907-06-28,Jaurès,.
1907-06-28,Jeanneney,.
1907-06-28,Joly,.
1907-06-28,jourdeù,Juigné (marquis de).
1907-06-28,La Ferronnays,(marquis de)
1907-06-28,Lafferre,.
1907-06-28,LaVmendin,.
1907-06-28,Laniel,(Henri)
1907-06-28,Lanjuinais,(comte de).
1907-06-28,Largentaye,(Rioust de)
1907-06-28,Larquier,.
1907-06-28,Lasies,.
1907-06-28,Lassalle,.
1907-06-28,Lauraine,.
1907-06-28,LavrignaisMe,.
1907-06-28,Leblanc,.
1907-06-28,Leboucq,.
1907-06-28,Ledin,.
1907-06-28,Lefas,.
1907-06-28,Légitimus,.
1907-06-28,Legrand,(Arthur) (Manche)
1907-06-28,Lerolle,(Modeste) (Eure.).
1907-06-28,Leroy,(Modeste)
1907-06-28,Levis-Mirepoix,(comte de).
1907-06-28,Leygues,(Georges) (Lot-et-Garonne)
1907-06-28,Limon,.
1907-06-28,Loup,.
1907-06-28,Ludre,(comte Ferri de).
1907-06-28,Mackau,(baron de)
1907-06-28,Magniaudé,.
1907-06-28,Marietton,.
1907-06-28,Marin,.
1907-06-28,Maruéjouls,.
1907-06-28,Massé,.
1907-06-28,Maurice-Binder,.
1907-06-28,Maurice Spronck,.
1907-06-28,Mélin,.
1907-06-28,Méquillet Merte,.
1907-06-28,Meslier,.
1907-06-28,Millerand,.
1907-06-28,Millevoye,.
1907-06-28,Monsservin,(Joseph)
1907-06-28,Montaigu,(marquis de).
1907-06-28,Monti de Rezé,(de).
1907-06-28,Mun,(comte Albert de)
1907-06-28,Nicolas,.
1907-06-28,Nicolle,.
1907-06-28,Normand,.
1907-06-28,Pastre,.
1907-06-28,Paul Brousse,(Seine).
1907-06-28,Pelisse,.
1907-06-28,Périer,(Saône-et-Loire).
1907-06-28,Peureux,.
1907-06-28,Pichery,.
1907-06-28,Pins,(marquis de).
1907-06-28,Piou,(Jacques)
1907-06-28,Prache,.
1907-06-28,-Pres-sensé,(Francis de).
1907-06-28,Pugliesi-Conti,.
1907-06-28,Pujade,.
1907-06-28,Quesnel,.
1907-06-28,Quilbeuf,.
1907-06-28,Ramel,(de).
1907-06-28,Rauline,(Marcel)
1907-06-28,Razimbaud,(Jules)
1907-06-28,Reille,(baron Amédée).
1907-06-28,Reille,(baron Xavier).
1907-06-28,Renard,.
1907-06-28,Réveillaud,(Eugène)
1907-06-28,Bibière,.
1907-06-28,Ribot,.
1907-06-28,Roblin,.
1907-06-28,Roche,(Jules)
1907-06-28,Rohan,(duc de).
1907-06-28,Rouanet,.
1907-06-28,- Rougier,.
1907-06-28,Rozier{Arthur),.
1907-06-28,Sabaterie,.
1907-06-28,Sarrazin,.
1907-06-28,Saumande,.
1907-06-28,Savary da Bcauregard,.
1907-06-28,Selle,.
1907-06-28,Sembat,.
1907-06-28,Ta-vé,.
1907-06-28,Thivrier,.
1907-06-28,Torchut,Tournade.
1907-06-28,Trcignier,.
1907-06-28,Vacherie,.
1907-06-28,Vaillant,.
1907-06-28,Varenne,.
1907-06-28,Vidon,.
1907-06-28,Vign»(Octave),.
1907-06-28,Villebois-Mareuil,(vicomte de).
1907-06-28,Tm»jean,.
1907-06-28,"Xlialbe-tte,Walter",.
1907-06-28,Willm,.
1907-06-28,Zévaès,.
1907-06-28,Gentaye,Rioust de
1907-06-28,Lasies,Lassalle
1907-06-28,Lavrignais,de
1907-06-28,Leblanc,Lefas
1907-06-28,Legrand,(Arthur) (Manche)
1907-06-28,Leroy-Beaulieu,(Pierre)
1907-06-28,Lévis-Mirepoix,(comte de)
1907-06-28,Ludre,(comte Ferri de)
1907-06-28,Mackau,(baron de)
1907-06-28,Martin,(Louis)
1907-06-28,Michel,(Henri)
1907-06-28,Montaigu,(marquis de)
1907-06-28,Monti de Rezé,(de)
1907-06-28,Moustier,(marquis de)
1907-06-28,Mun,(comte Albert de)
1907-06-28,Passy,(Louis)
1907-06-28,Paul Brousse,(Seine)
1907-06-28,Pelletan,(Camille)
1907-06-28,Pins,(marquis de)
1907-06-28,Piou,(Jacques)
1907-06-28,Pomereu,(marquis de)
1907-06-28,Pressensé,(Francis de)
1907-06-28,RaibertL Ramel,(de)
1907-06-28,Rauline,(Marcel)
1907-06-28,Razimbaud,(Jules)
1907-06-28,Reille,(baron Amédée)
1907-06-28,Reille,(baron Xavier)
1907-06-28,Roche,(Jules)
1907-06-28,Rohan,(duc de)
1907-06-28,Rozier,(Arthur)
1907-06-28,Veber,(Adrien)
1907-06-28,Vigne,(Octave)
1907-06-28,VHlebois-Mareuil,(vicomte de)
1907-06-28,Clement,Cochin (Henry) (Nord)
1907-06-28,Constant,Emile (Gironde)
1907-06-28,Cornudet,vicomte
1907-06-28,Dansette,Jules
1907-06-28,Deloncle,Charles (Seine)
1907-06-28,Dumont,Charles (Jura)
1907-06-28,Flandin,Ernest (Calvados)
1907-06-28,Krantz,Camille
1907-06-28,Laniel,Henri
1907-06-28,Monsservin,Joseph
1907-06-28,Reinach,Joseph (Basses-Alpes)
1907-06-28,Saint-Pol,de
1907-06-28,Bertrand,Lucien (Drôme)
1907-06-28,Bertrand,Paul (Marne)
1907-06-28,Carnot,François
1907-06-28,Chautemps,Félix (Savoie)
1907-06-28,Deschanel,Paul
1907-06-28,Desfarges,Antoine
1907-06-28,Fouquet,"Camille,"
1907-06-28,Gellé,Louis (Finistère)
1907-06-28,Gontaut-Biron,Bernard de
1907-06-28,Jules-Legrand,Basses-Pyrénées
1907-06-28,Kerjégu,J. de
1907-06-28,La Batut,de
1907-06-28,Osmoy,comte d'
1907-06-28,Pinault,Etienne
1907-06-28,Rosanbo,marquis de
1907-06-28,Roy,Maurice (Charente-Inférieure)
1907-06-28,Sarraut,Albert
1907-06-28,Schneider,Eugène (Saôneet-Loire)
1907-06-28,entil,Gérald (Georges). GérardVaret. Gérault-Richard. Gioux. Girod (Adolphe). Godart (Justin). Godet (Frédéric).
1907-06-28,Hector Depasse,Ilînri Roy (Loiret)
1907-06-28,Hugon,Humbert (Charles) (Meuse)
1907-06-28,Levraud..,. Leygues (Georges) (Lot-et-Garonne)
1907-06-28,Schmidt,Charles
1907-06-28,Thierry,-Delanoue
1907-06-28,Illard,Cauvin (Ernest) (Somme).
1907-06-28,Deloncle (Charles) (Seine),.
1907-06-28,Dulau (Constant),(Drôme).
1907-06-28,Adigard,.
1907-06-28,Largontaye,Rioust de
1907-06-28,MaSthSic'aUJan-Menier,Gaston.
1907-06-28,MScim.M,Merle.
1907-06-28,Morel (Victor),(PasdeSiôMi?ier(Albert).
1907-06-28,Réqni*er.,Reinaen(Théodore)
1907-06-28,Reinaen,(SaVOle)
1907-06-28,Schmidt,(Charles)(Haut-Rhin)
1907-06-28,Schneider,(Laurent)
1907-06-28,Vion.,Viviani.
1907-06-28,dMM,Adigard.
1907-06-28,"Anthimenard,Argeliès.",Augé (Justin).
1907-06-28,fliiiaRntBans^rddes Bois.,Barrès (MaufICe).
1907-06-28,Baud'Assnn(de)>'Beauregard (Paul).,Bedouce.
1907-06-28,peClastel(baronde),Bénézech.
1907-06-28,Bienaimé(amiral),Berteaux.
1907-06-28,Berteaux,BetoulleB́ˇaimé(amiral)
1907-06-28,Blacas(d^TBougère (Laurent)..,"Bourtély,"
1907-06-28,Breon.JUles-Louis),Brice (llené)
1907-06-28,"Charnbrunr,de.",Cɀre(Emile)
1907-06-28,Charnbrun(marquisde).,","
1907-06-28,", Charles Benoist.",Chau-vière.
1907-06-28,Cochin (Denys) |,"(Seine). Cochin (Henry) (Nord),"
1907-06-28,',Cornand.
1907-06-28,Coudere.,Coutant (Jules)
1907-06-28,Emile Chauvin.,Ëngerand (Fernand).
1907-06-28,Forest.,Fournier (François).
1907-06-28,Francois,Franconie.
1907-06-28,CIRDESSUS,tifiés conformément à la liste de scrutin cirdessus.
1907-06-28,SCRUTIN (N° 290),SCRUTIN (N° 290) Sur Vensemble de Vordre- du jour de M. Beauqitier et plusieurs de ses ooliègues (Interpellaitions relatives aux événements du Midi).
1907-06-28,d',prince d'Hénin. Amodru.
1907-06-28,Dupourqué,. Durand (Aude). Durand (Joseph) (Haute-Loire).
1907-06-28,X:,lisse
1907-06-28,Q^CochinohSlnfnî?,TP?^nas*Deloncle (François)oyDelpierre.Demellier. DerveSoimeîfpîïS- Devins. Disleau. Donadeï.
1907-06-28,ABSENTS PAR CONGÉ,"MM. Bertrand (Lucien) (Drôme).Berfesaé(Paul) (Marne). Bignon (Paul). Boury (de).
Carnot (François). Chaussier. Chautemps (Félix) (Savoie). Chenavaz. Colin.
Delaunay. Deschanel (Paul). Desfarges (Antoine).
Fouquet (Camille).
Gast. Gellé. Gontaut-Biron (Bernard de).
Hémon (Louis) (Finistère).
Jonnart. Jules Legrand (Basses-Pyrénées).
Kerguézec (de). Kerjégu (J. de).
La Batut (de). Lenoir. Lockroy.
Mahieu."
1907-06-28,Suchetet,1
1907-06-28,Chaumié,"Sur le renvoi à la commission du budget da la proposition de résolution de M. Jules Goûtant (Distribution de vin aux soldats) : M, Jacques Chaumié déclare qu'il a été porté par ""erreur comme ayant voté « pour », et qu'on réalité il avait voté « contre »."
1907-06-28,Guillemet,"Sur la mise à l'ordre du jour de la séancealundi du projet de loi tendant à l'établissement d'un impôt général sur le revenu : M. Guillemet déclare qu'il a été porté par erreur comme ayant voté « contre », etquenréalité il avait voté « pour »."
1907-06-28,Reinach (Basses-Alpes),"Sur le renvoi à la commission du projet de loi approuvant diverses conventions avec la compagnie des chemins de fer du Midi: M. Joseph Reinach (Basses-Alpes) déclare qu'il a été porté par erreur comme ayant voté « pour., et qu en réalité il avait voté«cuntre, »."
1908-12-11,Defontaine,"Je vous remercie, monsieur le ministre, de m'avoir permis de vous adresser une question. J'y ai été poussé par les ouvriers de ma région. Ils forment une population très calme et constatent avec peine, tous les jours, l'invasion d'ouvriers étrangers. 11 y a quelques années, nous avions adressé, mon ami M. Basly et moi, une interpellation à votre prédécesseur parce que des trains belges amenaient tous les jours des quantités d'ouvriers sur la frontière. Ces trains ont été supprimés."
1908-12-11,FONTaine,"Je vous remercie, monsieur le ministre, de m'avoir permis de vous adresser une question. J'y ai été poussé par les ouvriers de ma région. Ils forment une population très calme et constatent avec peine, tous les jours, l'invasion d'ouvriers étrangers."
1908-12-11,FONTaine,"Il y a 11 années, nous avons adressé, mon ami M. Basly et moi, une interpellation à votre prédécesseur parce que des trains belges amenaient tous les jours des quantités d'ouvriers sur la frontière."
1908-12-11,FONTaine,Ces trains ont été supprimés.
1908-12-11,FONTaine,Les ouvriers passent la frontière belge et viennent en grand nombre dans notre pays s'employer dans nos usines et y remplacer les ouvriers français qui devraient être embauchés de préférence.
1908-12-11,FONTaine,"Il est difficile d'empêcher cette concurrence, je le reconnais, et ce n'est pas pour cette catégorie d'ouvriers que j'interviens aujourd'hui."
1908-12-11,FONTaine,Les employés de chemins de fer euxmêmes sont concurrencés de ce fait que quantité de machines belges viennent remorquer en France nos trains ; et ces machines sont montées par des ouvriers étrangers.
1908-12-11,FONTaine,La question a été débattue au dernier congrès du syndicat national des travailleurs des chemins de fer français; j'en ai ici le compte rendu.
1908-12-11,FONTaine,"Une proposition a été soumise à ce congrès et adoptée. La voici : « La commission de traction considère que ce procédé lèse considérablement les intérêts des mécaniciens et chauffeurs du Nord. » Le procédé, c'est précisément cette invasion de la France par les employés étrangers«.car le but de la compagnie est de mettre en concurrence la main-d'œuvre belge contre la main-d'œuvre française.'Ceci est si vrai qu'une baisse de salaire s'est produite parmi le personnel se trouvant dans la périphérie de la région traversée par les trains remorqués par les machines et les agents belges. Quoique la loi française dice bien que pour être mécanicien et chauffeur il faut être français ou naturalisé français, la compagnie du Nord n'a pas hésité à faire remorquer les trains de Belgique jusqu'à Tergnier, à 104 kilomètres de la frontière, et ceci par une moyenne de 25 équipes effectuant 6.000 kilomètres par jour, bien que tous les trains passent par Aulnoye où il existe un grand dépôt de la compagnie du Nord. A ce sujet, la crftnission de traction demande qu'une délégation se rende auprès de M. le ministre des travaux publics, et au besoin que cette question soit portée à la tribune du Parlement. »"
1908-12-11,FONTaine,J'ai voulu me rendre compte de ce qu'il y avait de vrai dans ces affirmations. J'ai fait moi-même une enquête.
1908-12-11,FONTaine,"Dans ma circonscription se trouvent deux gares-frontière. Erquelines et Jeumont. J'y ai recueilli d'amples renseignements ; je soumettrai à la Chambre ceux qui sont relatifs à la gare de Jeumont, qui me paraissent très caractéristiques."
1908-12-11,FONTaine,"La proportion d'ouvriers entrant par Jeumont et par Feignies est la même. Je n'ai pas pu étendre mes investigations sur toute la frontière du Nord, mais je crois savoir que partout le même trafic existe."
1908-12-11,FONTaine,"J'ai sous les yeux quatre tableaux qui permettront à la Chambre de saisir toute la portée de la question et de voir quelle forte proportion d'ouvriers étrangers entrent en France, par rapport au petit nombre d'ouvriers français qui entrent en Belgique."
1908-12-11,Defontaine,total 15 machines françaises conduites par des équipes françaises.
1908-12-11,Defontaine,"Pour le service des marchandises, nous voyons que 7 machines françaises seulement remorquent des trains de marchandises en Belgique jusqu'à Erquelines."
1908-12-11,Defontaine,"J'ai voulu savoir combien, de Jeumont, gare frontière française, partaient de trains remorqués par des machines belges et françaises."
1908-12-11,Defontaine,"Sur 21 trains de marchandises réguliers partant de Jeumont — je dis « réguliers », parcs que dans la statistique il est tenu compte d'une moyenne de trains facultatifs, c'est-à-dire dont l'horaire n'est pas fixe tous les jours ; cette moyenne est de 5 environ, mais, pour ne pas exagérer, je ne l'ai comptée que de 4 dans la statistique que j'ai citée — sur 24 trains de marchandises réguliers , se formant à Jeumont, 14 sont remorqués par des machines belges et 10 seulement par des machines françaises ; 2 ou 3 machines belges seulement viennent à Jeumont haut-le-pied."
1908-12-11,Defontaine,"Si nous récapitulons et comparons les résultats d'ensemble, nous voyons que 39 machines belges entrent en France et 22 machines françaises entrent en Belgique soit un excédent de 17 machines belges entrant en France."
1908-12-11,Defontaine,"En ce qui concerne les employés, mécaniciens ou chauffeurs, on compte 78 Belges et 44 Français, soit un excédent de 34 unités pour le personnel belge."
1908-12-11,Defontaine,"61 machines belges et françaises sont utilisées dans les deux sens; si l'on en calcule le rapport, on obtient la proportion de 63 p. 100 de machines belges contre 36 p. 100 de machines françaises. Le pourcentage est le même pour le personnel."
1908-12-11,Defontaine,"Il y a surtout lieu de remarquer que beaucoup de machines belges employées en France font un très long parcours, tandis que toutes les machines françaises, sauf quatre qui vont à Charleroi ne dépassent pas Erquelines. Il y a même un wagonposte allemand qui vient tous les jours jusqu'à Jeumont et qui est monté par trois convoyeurs allemands."
1908-12-11,Defontaine,"En ce qui concerne le parcours, la proportion est encore plus significative. Le dernier congrès national des travailleurs des chemins de fer s'est plaint à ce sujet : on a fait remarquer que les ouvriers belges effectuaient tous les jours 4,000 kilomètres sur notre réseau tandis que les ouvriers français n'en parcouraient que 240 en Belgique, soit trois cinquantièmes ; c'est-à-dire que pendant que nos nationaux font trois kilomètres en Belgique, les étrangers parcourent cinquante kilomètres sur notre réseau."
1908-12-11,Defontaine,"Le contraste est net et frappant. Si l'on interroge le personnel des chemins de fer, il se montre d'autant plus étonné que les employés ne font pas défaut, surtout à cette - saison de l'année où un ceitain nombre"
1908-12-11,Defontaine,"Je suis convaincu qu'il sera entendu. Ils se plaignent légitimement; leur salaire est en jeu; etpeutêtre aussi, monsieur le ministre, vous ne l'ignorez pas, la défense nationale est-elle elle-même intéressée dans la question."
1908-12-11,Barthou,"M. le président. La parole est à M. le ministre des travaux publics, des postes et des télégraphes."
1908-12-11,Barthou,"M. Louis Barthou, ministre des travaux publics, des postes et des télégraphes. Messieurs, la question de M. Defontaine est plus facile à poser qu'à résoudre. Notre honorable collègue, en dehors du point principal qui l'intéresse, m'a signalé un certain nombre de faits sur lesquels je fais toutes mes réserves, car je les ignorais avant le moment où il est monté à la tribune. Si M. Defontaine établissait que la compagnie du Nord, d'une manière directe ou indirecte, a porté, atteinte à la liberté électorale de ses ouvriers et employés, la Chambre comprendrait que je sois décidé à prendre les mesures nécessaires; mais ce n'est pas là la question que notre honorable collègue m'avait annoncée; il voulait m'interroger sur le cas des mécaniciens français et des machines françaises qui vont en Belgique."
1908-12-11,Defontaine,"dis pas mais que je me réserve d'examiner, que le nombre des locomotives et des agents étrangers venant en France serait supérieur à celui des locomotives et des agents français qui vont à l'étranger et en particulier en Belgique."
1908-12-11,Defontaine,J'interviendrai de nouveau pour répondre au sentiment dont notre collègue s'est fait l'interprète.
1908-12-11,Je ne crois pas,"il y a lieu de pousser, comme il l'a dit, un cri d'alarme. Mais il est peut-être nécessaire de faire certaines observations à la compagnie du Nord. Je prends devant la Chambre l'engagement de les faire, non pour arriver à une prohibition absolue, qui serait dangereuse, ni pour provoquer des réformes redoutables, mais avec l'intention de ramener les échanges à une proportion plus égale: Si tel est le résultat que poursuit M. Defontaine, je m'efforcerai de l'atteindre. (Applaudissements.)"
1908-12-11,le président,Laparoleesataine.
1908-12-11,Defontaine,"Jevousreme,uier le ministre, décetterepoquencolj£nous aviez déjà faited'ailleurslorsgncoUraviezbien voulu nousrecevoir,laollM.gueetami,voisindecirconscr.;iptiQP,^thove et moi. Je suispersuade<1jieDgaè-ment que vousvenezdeP;dolrnera satisfaction auxouvriersqUIeDptdemandé d'intervenirpoureuxel,enicf."
1908-12-11,nom,"je vous remercie.t,tclos."
1908-12-11,le président,"L'incidentest-*D~UNPRC)JETDF,LolC'3.—ADOPTIOND'UNPROJETDEA1*NANT UNE CESSIONFAITEPAR1EVILLE DEFAVEHNEY1M. le président.L'ordredujour)fU'discussion du projet deloitendantio!lpa!ver l'acte 'de venterelatifalasSionPj,,iveriiey,desteIl'Etat, à la ville deFaverney,dei>tejraifl*bâtiments duquartierGuyodecetoplace.oUf13Personne nedemandelaparolePolîrediscussion générale?"
1908-12-11,Je consulte laChambresurlanuesti011savoir si elle entendpasseralaldesarticles.,"(La Chambre,consultée,décideUIIrà la discussion desarticles.)"
1908-12-11,M. le président,"'Art.fer.-Esare19-'6,l'acte de vente passé,le29sepentre l'Etat, représentéparleprefevilledepartement de laHaute-Saone,eepou*Faverney, représentéeparle1~p~'cession des terrains etbâtimendUqu~tier Guyot.tereS"
1908-12-11,Personne nedemandelaparole,"Je mets aux voixl'articlei•')(L'articleler,mis auxvoix,esta« Art. 2.—Lasommede10,000fr."
1908-12-11,Personne nedemandelaparole,"«Art. 3. - Il seraouvert,UII.IIIlaguerre, pour couvrirlesiraij¡¡IIlation des locaux duquartierguyûu crédit de 6,000 fr. autitredeiaodeu*1^*<(pc^,section du comptespécialsustkàQiilallation des servicesmIlItaIresJJ..PatM. le président. JemetsaUX.Ois,Pl,scrutin, l'ensemble duprojetde101."
1908-12-11,Le scrutin est ouvert.,lesstr(Les votes sontrecueillis.-V)crétaires en font ledépouiM. le président.Voicilerésultatdupouillement duscrutin:583Nombre desvotants292Majoritéabsolue1)
1908-12-11,La Chambre desdéputésaadop,14. - ADOPTION D'UNPRoJETDEo5APPROBATION D'UNECONVENTIFRANCE ET LEMEXIQUEf')pe]!8ourloior
1908-12-11,M. le présid nt.,L'ordredula lre délibération surlePitiontant approbation de laconverFraDcea
1908-12-11,M.leprésident,Personnene demande laparole')
1908-12-11,Jenièt'*auxvoixladéclaration d'urgence.,(L'urgenceestdéclarée.)hpàrffioprésident.
1908-12-11,J;onsultelaChambresur la question desavoir«iniuentendpasserà la discussionde1artIcleunique.,"(L'?rv1ro'consultée,décide de passeràladisJcuf,ssi•ondel'article.iPr"
1908-12-11,Je1^^?°nedemandela parole ?.,metsauxvoixl'articleunique.
1908-12-11,PoudreM.leministredes travaux publicsauxintérêt-au.,"gravepréjudicecauséTonaleeConomiquesde la région méri<lionalen?lamauvaiseorganisation desferdedelacompagnie,des chemins deie1duMidiIlestf,avisduGouvernementsur cette;PublicsBartîiou,minisiredes travauxsUisdé'i
P?stesetdestélégraphes.Jeme1U(^surladifférence qu'il yde1SIntrpellationdeM*Sénac et cellettlatlerpelltiondeM.Sarraut vise la siPagniGl'exploitationde la com1UnfouL'interpellationde M. SénacSOlles.JaIt."
1908-12-11,UexPubliée,J'estime que les deux interpellations de M. Pellat et M. Sarraute sont absolument connexes.
1908-12-11,viewai(mal,"l'interpellation de M. Sarraute, l'interpellation générale des chemins de Sn•MidifppdiuMidjquelamienne paraît viser catastrophe de Grisolles."
1908-12-11,sscetteo,"t^nSt.f0Phecomporte l'étude de devoir(d'fq':IestlOnsquej'ai le droit et ledents'esUdler..Ilyaun an, un grave accident est produit à Dieupentale. Deux malnesses sont élescopées. Toutes ces catastroplies Proviennent de causes analogues, queJetiproYIennent de causes analogues,"
1908-12-11,TrèsbWn!trèsbien!SU1,je suis d'accord!
1908-12-11,Trèsbien!trèsbien!SMrd~e~seraisdnlstredestravauxpublics,je serais d'accord!
1908-12-11,Jenac,J'ai reçu de M. ThierryCazes une demande d'interpellation sur les mesures que le ministre des travaux publics compte prendre pour mettre fin à la situation intolérable créée par la compagnie du Midi.
1908-12-11,M. Thierry-Cazes,"Pour remercier M. le ministre des travaux publics et la Chambre d'avoir bien voulu m'autoriser à joindre mon interpellation à celle de mon collègue et ami M. Albert Sarraut, je déclare, tout d'abord, que je m'efforcerai d'être très bref."
1908-12-11,M. Decker-David,Très bien !
1908-12-11,Decker-David,C'estlâplus détestable compagnie.
1908-12-11,Thierry-Cazes,Quelles objections pourraient-on opposer au transfert des bureaux des services centraux de la compagnie à Toulouse ou à Bordeaux?
1908-12-11,Thierry-Cazes,"Si l'on nous objectait que nous voulons nous immiscer dans les méthodes d'administration, nous répondrions qu'il s'agit simplement de rapprocher du réseau exploité, les chefs responsables de l'exploitation. L'objection ne porterait donc pas."
1908-12-11,Thierry-Cazes,"On peut dire encore : « Pour les relations avec les autres réseaux, avec les adminis-, trations centrales, qui sont toutes à Paris, il est plus commode d'avoir à Paris même les grands chefs des différents services de la compagnie du Midi. »"
1908-12-11,Thierry-Cazes,"Ce serait exact si ces relations étaient permanentes, continues, journalières. Mais elles se bornent à des échanges deviies à l'occasion de l'élaboration des tarifs communs, et il suffit, pour cela, qu'une fois par semaine, au plus, un fonctionnaire qualifié de la compagnie assiste à la conférence dite«de la ceinture de Paris ». Dans cette conférence sont examinées et discutées les répercussions que peuvent avoir sur les différents réseaux les concessions de tarifs spéciaux que peut être tentée de faire une compagnie déterminée qui ne se serait pas, au préalable, concertée avec les autres compagnies. Cette conférence sert surtout à l'édification des tarifs communs, et je crois savoir qu'elle ne se réunit guère qu'une fois par semaine."
1908-12-11,Thierry-Cazes,"Quant aux conférences techniques, aux consultations techniques, aux bons offices que se prêtent mutuellement les grands chefs des services techniques de la voie, du matériel, de l'exploitation et de la traction des différentes compagnies, tout cela se fait par voie de questionnaires, par correspondance. Ces conférences ont, au surplus, un caractère accidentel et non pas permanent."
1908-12-11,Thierry-Cazes,"Point n'est donc besoin, pour cela, d'installer à Paris tous les services centraux."
1908-12-11,Thierry-Cazes,"Quels seront, d'autre part, les avantages de la réforme ? Les services seront mieux surveillés, mieux tenus, beaucoup plus dans la main des grands chefs. Les agents, &0o.- '--.-- - -, - ; - s,c sentant mieux surveillés, produiront davantage. Les bons seront encouragés : car rien ne décourage les bons agents comme de ne voir jamais les grands chefs, ou de les apercevoir très rarement, entre deux trains. Les agents mauvais ou médiocres seront mieux stimulés."
1908-12-11,Thierry-Cazes,"D'autre part, les grands chefs, en raison de leur éloignement, ne connaissent guère les besoins de leurs différents services que par les correspondances, les rapports, les paperasseries qu'ils reçoivent de leurs chefs de service d'arrondissement qui, eux-mêmes, noyés dans cette paperasserie que l'éloignement des grands chefs leur occasionne, ne peuvent faire que de très rares tournées."
1908-12-11,Thierry-Cazes,"L'autre jour, M. Albert Sarraut demandait à M. le ministre des travaux publics de vouloir bien dans cette période d'intense activité économique hâter la constrution de la * seconde partie de la ligne de Quillan. Mais nous aussi, dans notre région, nous avons inauguré, il y a quatre ans, la première portion de la ligne de Castelsarrazin à Beaumont. Un représentant du Gouvernement était là. A nos populations, à ces vaillants cultivateurs des vallées fertiles et pittoresques de Miradoux, de Saint-Clar, de Mauvezin, qui attendent impatiemment l'achèvement de cette ligne, il dit : « Mes amis vous le voyez, la première partie est construite ; nous viendrons bientôt, l'an prochain, ou dans deux ans, inaugurer la deuxième partie. »"
1908-12-11,Decker-David,Il y a six ans de cela.
1908-12-11,Thierry-Cazes,"Nous avons demandé à M. le ministre des travaux publics de hâter cette construction ; voilà six ans que la promesse en a été faite ; tous les ans, je pose la même question."
1908-12-11,Ferdinand Bougère,"Demandez donc si la ligne de Chantenay à Cholet, sur le réseau de l'Etat, est décidée!"
1908-12-11,Thierry-Cazes,"Monsieur le ministre, ce n'est pas votre faute, je le sais. M. Gauthier, l'un de vos honorables prédécesseurs, a répondu d'abord : « En avril prochain — 1907 -- ce sera chose faite. »"
1908-12-11,le marquis de Pins,C'était un poisson d'avril. (On rit.)
1908-12-11,Emmanuel Brousse,Ce n'est pas la faute de la compagnie du Midi.
1908-12-11,Thierry-Cazes,Si! C'est sa faute et je vais vous le démontrer.
1908-12-11,Thierry-Cazes,"Nous avons dit à ces populations : Venez à la République, parce que la République c'est la chose de tous, parce que la République, après avoir secoué le joug de la féodalité seigneuriale, veut secouer le joug de la féodalité financière. (Très bien! très bien! à l'extrême gauche et à gauche.) M. Jean Durand (Aude). Consolez-vous!"
1908-12-11,Thierry-Cazes,"Si vous aviez eu cette ligne, il se serait produit d'autres catastrophes. (On rit.)"
1908-12-11,Thierry-Cazes,Je vous demande pardon; nous en aurions eu beaucoup moins.
1908-12-11,Thierry-Cazes,"Comme l'a fort bien fait remarquer M. Albert Sarraut dans sa récente intervention, l'achèvement rapide de nos lignes empêcherait les catastrophes de se produire."
1908-12-11,Thierry-Cazes,"L'une des causes des catastrophes, retenez-le bien, c'est le trop petit nombre de gares de triage ; si vous achevez de construire les lignes transversales, vous dégagerez les lignes principales, vous faciliterez le trafic régulier, normal, vous réduirez les chances d'accidents. (Applaudissements.) Dans tous les cas, il faut donner satisfaction à ces populations."
1908-12-11,Decker-David,Très bien!
1908-12-11,Decker-David,Très bien!
1908-12-11,Thierry-Cazes,"il faut leur permettre, aujourd'hui qu'elles soutirent de plus en plus de la crise économique, de transporter leurs produits et de se transporter elles-mêmes avec plus de facilité."
1908-12-11,Thierry-Cazes,Il reste à construire 40 kilomètres de ligne.
1908-12-11,Thierry-Cazes,Les habitants des cantons de la région où la ligne devrait être construite sont obligés de faire un détour de plus de 100 kilomètres pour expédier leurs produits.
1908-12-11,Thierry-Cazes,"Lorsque les représentants de ces populations vont trouver à Paris les mandarins, les grands chefs, ceux-ci commencent par se demander : «Le Gers? Où se trouve-t-il? Est-ce bien dans le Midi? C'est bien loin, c'est à 600 kilomètres ! »"
1908-12-11,Thierry-Cazes,"Puis ils répondent vaguement: « Oui, il y a une modification à apporter à la gare de X. ; nous attendons le rapport. Nous verrons ensuite. »"
1908-12-11,Thierry-Cazes,"Or, pour l'édification de la Chambre je tiens à lui donner connaissance de l'itinéraire que suit un projet de modification d'une gare : 1° Le directeur saisit le service central de l'exploitation ou inversement; 2° Le service central de l'exploitation (Paris) saisit le service local de l'exploitation (Béziers, par exemple) et lui demande un rapport, une étude ; 3° Envoi de cette étude à Paris au service central de l'exploitation;4°A Paris, le service central de l'exploitation remet l'étude, revue ou non, au directeur ; 5° Le directeur saisit le service central de la voie, qui est l'architecte au service de l'exploitation; 6° Le service central de la voie saisit le service local de la voie des desiderata exprimés par le service de l'exploitation, du programme - des travaux proposés et lui demande de dresser le projet desdits travaux ; 7° Le service local de la voie adresse cette étude au service central ; 8° Ce dernier service adresse cette étude au directeur ; 9° Le conseil d'administration examine le projet et voit s'il est possible d'engager la dépense."
1908-12-11,Thierry-Cazes,"Ordinairement le projet est amendé et alors recommence, de cascade en cascade, le jeu de navette du dossier, jusqu'à ce que le projet définitivement accepté par le conseil d'administration soit transmis au mitre des travaux publics, M. Emmanuel Brousse. 11 en est de même dans les autres compagnies. Cela n'est pas particulier au Midi."
1908-12-11,Thierry-Cazes,"Généralement, l'étude d'un projet un peu important dure à la compagnie plusieurs années. On en aëu de nombreux exemples."
1908-12-11,Thierry-Cazes,"Si les trois arrondissements entre lesquels les lignes du réseau du Midi sont réparties, Bordeaux, Toulouse, Béziers, n'étaient qu'à trois heures des services centraux — ce qui arriverait si ces derniers services étaient transférés à Toulouse — les questions seraient traitées beaucoup plus rapidement!"
1908-12-11,Thierry-Cazes,"Dolic, au point de vue de l'accélération des affaires, la mesure aurait encore un heureux effet."
1908-12-11,Thierry-Cazes,"Pour les tournées, il faut douze heures au moins à un grand chef pour se transporter de Paris sur un point quelconque du réseau."
1908-12-11,Thierry-Cazes,"J'ouvre ici une parenthèse. M. le ministre des travaux publics n'a pas rencontré leloillT'I""(>fI""HT'riflInp.nmnflOTHArln Miilià"
1908-12-11,Thierry-Cazes,"LV'-t..A..a.'-'VV"".A,'""'-LV.- --"",,""""-""-A.,.Grisolles. Un orateur le faisait remarquer en parlant de cet inconvénient d'avoir les grands chefs à Paris, à 600 kilomètres, à douze heures du réseau."
1908-12-11,Thierry-Cazes,"Voilà un argument de plus pour transférer les grands services au milieu du réseau; quand l'inspecteur, ou l'ingénieur, ou le directeur veut consacrer un jour ou deux à faire des tournées, il est obligé de quitter son service central pendant quatre ou cinq jours. Donc, voilà un déchet énorme au point de vue du rendement des tournées ; indépendamment du transfert des services, il est nécessaire, à mon avis, de créer un quatrième arrondissement, l'arrondisse-"
1908-12-11,Gayraud,C'estabtisif!beaUM.
1908-12-11,Thierry-Cazes,"C'est,enjegjugecouptrop;surlesautresnieursn'ontguèreque800àwkilofl^Tnieursn'ontguèreque800àtres à inspecter et c'estlargernntSU'éèonoMaisil fallait à toutprixjustitition,mie auprès du conseild'admllllSrdsserfallaitexpliquer laprésencedesç-rafcctarvicesà Paris ; aussia-t-onsUPPsécialrondissement, etsupprimélesenîjC@sp®c"
1908-12-11,Thierry-Cazes,"nonseulemej'eiitr®*tien de la voie, maislestravauxejagUr*cation des gares,l'étudedesùesogneveillance des travauxontaccabledcle"
1908-12-11,Thierry-Cazes,"ces fonctionnaires déjàs'tl,,Ule,Ilés.Letat, vous leconnaissez;ilaetPqua-déplorable. Il faudraitdonccréerun1ua'trièmearrondissement.quoineM. le baron deBoissieu.nIn0nrniiûidemandez-vous pas lerachatdu)'lidi?"
1908-12-11,Thierry-Cazes,"Jesuisparu:,cherchat du Midi, mais, enattendant,»'en'alcollègue, il faut aller aupluspressé,Jedépasà m'occuperd'autrechosequeI11éri-fendre les intérêts despopulatiOnsga~'dionales, les intérêtsdetous,pourindis-le réseau du Midi,j'estimequlDSquepensablederéaliserlesmod:îlic,nSqujevouspropose;c'estlàleflTl0yefljevouspropose;c'estlàlesel,,oyegdont nous disposions,cestsaniS.).,,notre devoir à tous.(APplaudtsSeffldecetteJ'espère que laChambre,àlafirdredUinterpellation, voudrabien,:ter:tçon.cetjour que je soumets àsad,ellih'î<.■1tion-.1clatabordredujourindiquelerenlèdeque,j.ejljla,ordre du jour indiqueleremedeq-0ju^nécessaire pour éviterdenouvelleaDctioIJàjj.1trophes; j'indiqueégalementunesàM.lequi, seule, à monavis,perrDttaligUeministre des travauxpublics,siavec fermeté,d'imposeràlaojjieavecfermeté,d'imposeràlaeMidi une méthoded'administratbieil.à et de bon sens. (Trèsbien.Ires.. gauche.),aaSfal!"
1908-12-11,Seffldecette,"J'espère que la Chambre, à la firdred U interpellation, voudra bien, :ter:tçon. cet jour que je soumets à sad, elle h'î<.■1tion-.1clatabordredujour indiquelerenlèdeque, j. ejljla, ordre du jour indiqueleremedeq-0ju^nécessaire pour éviter denouvelle aDctioIJàjj. 1trophes; j'indiqueégalementunes à M.lequi, seule, à monavis, perrDttaligUeministre des travauxpublics, siavec fermeté, d'imposer à laojjieavecfermeté, d'imposer à laeMidi une méthoded'administratbieil. à et de bon sens. (Trèsbien.Ires.. gauche.)"
1908-12-11,Sénac,"Jedésirerais Prtenter observation., vote M. leprésident. Monsieur Sé, naCvodt Jinterpellation n'a pasété JOllltesavOIrde M. Sarraut ; vous nepouvezinaSav01 laparole en ce moment."
1908-12-11,Sénac,J'aiditquejemeréservais pourroninterpellationetqueje renonçais acuellement àprendrelaparole.
1908-12-11,SARRAUT,"Il faut que certains wagons soient livrés aux expéditeurs sur des voies de débord, ou même sur des points qui n'ont pas été prévus pour cet usage1; enfin il en résulte un déplacement presque continuel de fûts pleins, déplacement extrêmement onéreux pour le commerce et qui est une cause permanente d'avaries."
1908-12-11,SARRAUT,"Ce quai, comme la plupart des quais des gares du Midi, dont on pouvait se contenter il y a quelque vingt ans, ne répond plus au tout aux besoins actuels."
1908-12-11,SARRAUT,"La question vous a été soumise il y a plus d'un an, monsieur le ministre, par la chambre de commerce de Béziers, dans une lettre du 5 novembre 1907. Vous avez répondu à la date du 5 mai 1908, mais vous me per: mettrez de penser que votre réponse a paru absolument insuffisante, puisque la chambre de commerce vous adresse de nouvelles réclamations."
1908-12-11,SARRAUT,"Vous vous êtes contenté, en effet, de faire sur ce point un calcul de moyennes qui me paraît mal placé. Vous avez dit : « Dans l'espace de quatre années vous avez expédié 5,185 wagons-réservoirs ; le mois le plus chargé de 1907 a été de 549 wagons, soit 18 ou 20 wagons par jour. »"
1908-12-11,SARRAUT,"Je crois qu'en ces matières il est tout à fait dangereux de raisonner sur des moyennes ; ce dont il faut surtout vous préoccuper, c'est de ne pas mettre le commerce dans-, l'embarras aux heures et aux jours où le travail est le plus intense, où les expéditions sont le plus chargées."
1908-12-11,LASIES,Je n'ajouterai rien au débat; je veux plutôt essayer très brièvement de le résumer.
1908-12-11,LASIES,"Dans sa discussion très nette et très précise, notre collègue M. Sarraut a imputé la mauvaise administration de la compagnie du Midi à deux causes principales : l'insuffisance du personnel et l'insuffisance du matériel."
1908-12-11,LASIES,Je parlerai seulement de la façon dont la compagnie du Midi entretient le matériel qu'elle a en ce moment à sa disposition.
1908-12-11,LASIES,Il y a un fait qui a dû frapper certaine ment ceux qui ont entendu le discours de M. Sarraut. Notre collègue nous a dit que la catastrophe de Grisolles était due à la rupture du rail de la fosse à piquer de la gare de Grisolles.
1908-12-11,LASIES,"Je demande à M. le ministre de s'informer si ce rail, qui datait de 1882 n'avait jamais servi, ou s'il ne figurait pas déjà dans le matériel de réforme."
1908-12-11,LASIES,"Si je pose cette question, c'est que j'ai assisté, sur la ligne transversale de mon département, à un spectacle étrange qui me laisse un peu inquiet, sous la menace de catastrophes futures."
1908-12-11,LASIES,"Sur la ligne d'Auch à Agen, les réparations, en effet, se font de la façon suivante. Il y a des traverses qui sont hors d'usage, pourries, vermoulues..Croyez-vous qu'on les remplace par des traverses neuves?"
1908-12-11,LASIES,"Non, messieurs; on les remplace par des traverses de réforme et il en est ainsi non seulement pour les traverses, mais pour les boulons et les manchons qu'on remplace également par des boulons et des manchons de réforme."
1908-12-11,LASIES,"Quand je dirai que de telles réparations sont faites sur une ligne qui présente les courbes les plus dangereuses, qui possède des travaux d'art hardis, tels que le viaduc de Saint-Maur, entre Mirande et àliélin, qui a 30 mètres de hauteur et qui est assez long, on comprendra que l'on puisse être un peu inquiet et qu'on se demande ce qui arriverait si par malheur une de ces traverses, un de ces boulons ou de ces manchons de réforme venait à céder dans un endroit dangereux."
1908-12-11,LASIES,"Je ne veux pas incriminer l'administration même de la compagnie, je crois qu'elle ignore ces façons de procéder. Les vrais coupables, ce sont les ingénieurs de la voie."
1908-12-11,SARRAUT,C'est une honte !
1908-12-11,LASIES,"Que se passe-t-il ? La compagnie dit à ses ingénieurs : Je vous ouvre un crédit pour l'entretien de la voie dont vous êtes chargés. Ne l'épuisez pas, et vous n'aurez pas à vous en plaindre; vous serez récompensés par des primes et des gratifications."
1908-12-11,LASIES,"Les ingénieurs ne sont pas des anges ; ce sont des hommes; il est très liumam qu'ils songent avant tout, dans ces conditions, à faire des économies sur l'entretien de la voie, puisqu'ils doivent en bénéficier."
1908-12-11,LASIES,"Tel est, à mon avis, le véritable danger, la véritable cause des catastrophes:"
1908-12-11,ritable,"cause des catastrophes:(TJ>èsbien! très'bien !) Sur cette même ligne où a eu lieu la catastrophe de Grisolles, la compagnie avait déjà eu des leçons. La catastrophe de Grisolles n'est pas le premier accident qui soit survenu par suite du mauvais état des rails au-dessus d'une fosse à piquer."
1908-12-11,ministre,"Il est un peu tard, monsieur le 92"
1908-12-11,ritable,Voilà pour le matériel et la façon d'entretenir la voie.
1908-12-11,ministre,"Quant au charbon, je ne sais pas qui le fournit à la compagnie du Midi, mais il est d'une qualité toute particulière."
1908-12-11,ritable,"Dans le courant du mois de septembre dernier, les voyageurs qui avaient le malheur de voyager sur la ligne d'Auch à Tarbes, ont été témoins de ce spectacle plutôt amusant : Arrivés à la gare deFleurance, à quelques kilomètres d'Agen, avec près d'une heure de retard, ils croyaient, sur la foi de l'indicateur, que le train allait repartir après une minute d'arrêt. La minute se passe ; les minutes succèdent aux minutes : le train ne repart pas. On descend; on demande ce qu'il y a. On s'approche de la locomotive, et que voit-on ? Le chef de gare était allé dans la maison voisine chercher des fagotins de bois. Pourquoi? Pour faire chauffer la machine. Le charbon s'était éteint; on ne pouvait plus le rallumer."
1908-12-11,ministre,Je demande à M. le ministre de vouloir bien insister pour éviter le retour d'un tel état de choses et veiller aussi à la façon dont la compagnie du Midi administre son personnel.
1908-12-11,ritable,"Les journaux ont cité l'exemple de ce qui se passait en gare de Villefranche-de-Laurauis ; j'en ai parlé moi-même, il y a une douzaine d'années.yVillefranche-de-Laurauis se trouve sur la ligne de Cette à Toulouse. Inutile de vous dire que de nombreux trains y passent ; tous les rapides de la ligne de Cette s'y arrêtent."
1908-12-11,ministre,Rien ne serait plus juste.
1908-12-11,Decker-David,Rien ne serait plus juste.
1908-12-11,Lasies,"Il y a plus. Un décret ministériel a décidé que, dans leurs douze heures de service de jour, les employés ont droit à une heure pour prendre un repos physique et aussi un repos moral, pour dégager un moment leur esprit de la responsabilité qui pèse sur eux. C'est une heure de repos bienfaisant et nécessaire. Mais sous prétexte que la circulaire ne spécifie que les services de jour et omet de parler des services de nuit, la compagnie refuse formellement tout repos aux employés qui font un service de douze heures la nuit. Ainsi, pendant douze heures consécutives, ces employés doivent travailler, exercer leur surveillance."
1908-12-11,Ministre,(Très bien ! très bien)
1908-12-11,Inconnu,"Les compagnies ont l'avantage d'être servies par un personnel admirable. J'ai vu ces employés à l'œuvre : tous, depuis le plus petit jusqu'au chef de station, font le possible .et l'impossible pour tâcher de bien faire leur service, malgré les exigences des voyageurs qui sont souvent grincheux—et vous le savez mieux que personne, monsieur le ministre, puisque le voyageur le plus grincheux, sur le réseau du Midi, c'est peut-être moi. (Rires.' Vous vous souvenez de l'époque où j'avais le soin d'envoyer des dépêches la nuit, avec la mention « officielle », pour être sûr qu'on réveillerait le ministre (Sourires) et dans lesquelles je signalais les retards dont nous avons été victimes pendant si longtemps. Je vous rends d'ailleurs cette justice que mes dépêches ne sont pas restées lettre morte et que vous avez donné des ordres tellement précis aux compagnies qu'en ce moment il n'y a plus à se plaindre et qu'en particulier, sur le réseau d'Orléans, cela marche aussi bien que c'est possible sur un réseau."
1908-12-11,Inconnu,Mais que voulez-vous que fassent ces employés avec le surcroît de travail qu'ils ont? Comment voulez-vous qu'ils s'acquittent convenablement de leurs multiples fonctions ?
1908-12-11,Ministre,"Le cahier des charges stipule que la manutention d'un employé est, en moyenne, de 15 tonnes par jour. Or, vos contrôleurs du travail, monsieur le ministre — vous devez avoir leur rapport dans votre dossier — vous disent que la moyenne de la manutention, sur le réseau du Midi, est non pas de 15 tonnes par jour - j'estime que c'est déjà un maximum—mais de-15tonnes."
1908-12-11,Inconnu,Voilà pourquoi les marchandises n'arrivent pas ou arrivent avariées.
1908-12-11,Ministre,Que faudrait-il fairepour porter à une pareille situation?
1908-12-11,Inconnu,"Pour ne jouir pas de me défaire de me semble bien simple;11~~msà imposer à lacompagnieduMidi,coffiluaà toutes les autres, unpersonneletcahiertériel conformes auxexigencesduilestdescharges.Sil'onnefaitPaSévident qu'on neréussirapasaalïl'élior?Jla situation. Le pluspressé,jecr0bienfait. Monsieur leministre,vousavezvousvoulu me communiquerla(*]Uevoitfavez envoyée à lacompagnie'jjidi.*"
1908-12-11,Ministre,"mon avis, elle résume'unefaçosaeSrable toutes lescritiquesqueou5ave*entenduesd0®Jereconnaisquevousavez)YeJe reconnais quevousavezOetéquJordres avec unefermetéetunenetne laissent place àaucunecriti.qu[e."
1908-12-11,Inconnu,"Je ne veux pasprolongerplusfonateiflP*ce débat. Je demandesimpletd'eministre,qui a déjàdonnédespleVoirbienl0jr])ie®nergie et de bonnevolonté,deirbienrappeler à la compagnieduMidiquvrespectd'une bonneadministration,CetleublicS,de la sécurité et del'intérêtPlies."
1908-12-11,Inconnu,(.Applaudissements.)
1908-12-11,Alicot,"Messieurs,jeseraitr~~quiTout a déjà été dit,parleson,-^ploi'm'ont précédé à latribune,suriln6tation de la. compagnieduMidi;-gj[fl®fautpasperdredevueque10)3'de l'interpellation quiestdébattu;dilv,la Chambre, c'est leretarddestra;<soli(-:limesduMidi,retardsqt"
1908-12-11,Inconnu,"Il a dit que lacompagniedudernierlancéàcertainsjoursetrop grand nombre detrainsde,unelsur son réseau.AssurémentIlj1^uîle51l.tsure à toute chose, et jereconn^c.uesinombre des trains depèlerin'1re."
1908-12-11,Inconnu,excessif et absorbaittoutesie
1908-12-11,Inconnu,"et la compagnie, il faudraiti:tMais il est certain aussiquelebcrégLlldletnernent du service etlarnYaidépeIllegdes trains sur les lignesdu-V^on}<<5en grande partie de lamanlsetdIrlotrains de pèlerinage sontor0asur la ville deLourdes.r."
1908-12-11,Inconnu,"Je crois, en effet,(lueSIPl1V'sigeux pour lacompagnieetpouieutaUsque les trains depèlerinagesanombreux que possible.tJe m'explique : #,njSse»1P8Lorsque des pèlerinsseréUilarfldegilvenireijgrand nombreaLoUrvintL1trop souvent que, s'ilsnetrouvel,t}3place dans les trainsdepyrinage<L,pett}'valussen t les trainsordina]ec'e,Zt.oqailperturbation dans leuriparrr0cea5oJ1&est arrivé surtout cetetea"
1908-12-11,Yraud,C'est très juste.
1908-12-11,Alicot,"Voici à cet exemple Ontav.ait demandé à la compagnie du Midi pour Agen et le Lot-et-Garonne. La compagnie du Midi, problèmes sur matériel ne l'aurait pas fait face à cette demande, qu'est-il C'est que les nombreux voyageurs qui s'étaient inscrits pour venir à Lourdes ont été refusés à la gare d'Agen, sur la foi d'être informés, pour mon élément le dans trains de pèlerinage déjà complétés."
1908-12-11,Alicot,"Il se sont alors Ilustrit, en dans la gare l'henet ont attendu"
1908-12-11,Plemetitaiîesî1afallUfaire- des trains,"C'est que les trains sont envahilestrains et trop grand nombre de wagons et que le matériel est excessif, les*?achint3*Ont remorqué ces trains dans escônriiM?nàdéfectueuseset avec unel,eQteiuM'-.na""lG>qu'ona été obligé de0rnierrir, nouyeauxtrainset que toutes désorJeratlOns'imprévuesont amené unsordcpdanstous les serJeCIl'è-8.blen!trèsbien1)epolesexemplus de cegenreet"
1908-12-11,"ciitt.Ilfaudrait,eneffet, canalisernchvidevoyageursqui se pré?ipitcu^tversTl","Lourdes,'soitpar groupes soitqU'onneellt,courantirrésistible etrèsb,tempecherde se produire."
1908-12-11,A.lb¿'?bien1)^Uelacom^Sarraut.,Il faudrait pour ce matériel nécessaire.
1908-12-11,taT'lrivé?,"C'est que los pèlearrivésà.OugalsontpartIsquand même ;SUrlaYO-dendaye,ilsse sont répandustésaux18.anslagareet se sont prccipiafindgUIChetspourprendreleurs hilletslIeureIllonterdanslestrains ordinaires."
1908-12-11,Los pèlerins n'ont qu'à aller à pied; ce sera plus mérituire !,(Rircs àVcxtrêmc.jcauche.)M. Alicot. Ce serait une perte de 7 à 8 millions nour le Trésornnhlic.
1908-12-11,le ministre des travaux publics,Il faut que je sois saisi des projets.
1908-12-11,Alicot,"car il arrive quelquefois qu'on critique les compagnies pour la non-exécution de travaux urgents alors que, très'souvent, si les compagnies n'ont pas fait ces travaux, c'est parce qu'elles n'ont pas été autorisées dans les délais voulus."
1908-12-11,le ministre des travaux publics,Je vous demande de prouver cette allégation à l'égard de mon administration et en ce qui concerne la compagnie du Midi.
1908-12-11,Alicot,"D'une façon générale, il est arrivé bien souvent que des travaux qui devaient être approuvés par le ministre dos travaux publics après avis du conseil d'Etat ont subi des retards quelquefois très longs qui ont empêché leur exécution dans les délais voulus. C'est un fait inévitable dans une grande administration — même dans la vôtre, monsieur le ministre, quelque bien dirigée qu'elle soit."
1908-12-11,Alicot,"'L_L--,,,- -,- je aemanae aonc aivi.le ministre a insister auprès de la compagnie du Midi pour que les voies'de garage nécessaires soient établies le plus tôt possible ; mais cela ne serait pas. suffisant, il faut que le personnel de la gare de Lourdes soit en rapport avec l'importance de cette gare."
1908-12-11,Alicot,"En effet, il arrive dans cette gare pendant l'hiver 22 trains seulement par jour; mais pendant l'été, il arrive 52 trains réglementaires en dehors des trains de pèlerinages."
1908-12-11,Alicot,Eh bien ! quel est le personnel affecté au service de cette gare en hiver et en été?
1908-12-11,Alicot,"Vous allez voir, messieurs, combien la proportion est insuffisante : En hiver, il y a deux receveurs, un chef d'équipe, un aiguilleur, un pointeur, qui sont là toute l'année, et, en outre, six comptables; en été, il y a huit comptables, soit deux seulement en sus, alors qu'il y a trente trains de plus par jour."
1908-12-11,Alicot,"Deux facteurs pendant l'hiver, cfnq' pendant l'été, trois journaliers pendant l'hiver, vingt pendant l'été; vingt hommes d'équipe pendant l'hiver, bente-clnq pendant l'été. C'est insuffisant dans une gare où il y a-un mouvement pareil de voyageurs motivé non seulement par les pèlerins qui se ren- dent en. foule à Lourdes, mais aussi par le service des stations d'eaux thermales, telles que Cauterets, Saint-Sauveur, etc., et par le passage, des innombrables touristes qui viennent dans les Pyrénées pendant la saison."
1908-12-11,Alicot,Je répète que ce personnel est tout à fait insuffisant et qu'il y aurait nécessité absolue à ce que la compagnie l'augmentât.
1908-12-11,Alicot,"[Trèsbien! 1res bien !) J'appelle sur ce point l'attention de M. le ministre, persuadé que la compagnie ellemême, éclairée par l'accroissement du trafic de cette année, est disposée à reconnaître la nécessité de ces augmentations."
1908-12-11,Alicot,"Mais ce n'est pas tout. Il y a, en outre, à Lourdes, indépendamment du service de voyageurs, des services de marchandises qui ont assez d'importance pour être mieux dotés qu'ils ne le sont en ce moment."
1908-12-11,Alicot,"Les quais sont insuffisants, mal placés."
1908-12-11,Alicot,"Il y a à Lourdes une industrie'do tailleurs do pierres assez importante, des fours à chaux et un important commerce-dû denrées alimentaires motivé par l'afflucnee des étrangers. L'expédition et la réception des marchandises s'effectue dans des conditions incommodes et défectueuses ; il faut qu'elle soit mise le plus tôt possible à la hauteur des nécessités qui s'imposent à elle."
1908-12-11,Redouce,M. Bedouce. M. Sarraut a ouvert le débat qui nous occupe actuellement en faisant passer sous les yeux de la Chambre des chiffres éminemment suggestifs que je demanderai la permission de rappeler très brièvement.
1908-12-11,Sarraut,"M. Bedouce. M. Sarraut a indiqué que dans le courant de l'été il y avait eu 31 accidents — j'en-le-nds des accidents graves, car les accidents qui ne portent pas atteinte à la vie humaine, on n'en parle plus depuis, longtemps à la compagnie du Midi; On considère que-cesont les petits inconvénients du métier, et l'on passe."
1908-12-11,SARRAUT,"Quelle est la conséquence de ce-tte disproportion? On nous l'a montrée par des chiffres. C'est que le montant des indemnités payées par la compagnie du Midi pour pertes, retards, accidents ou avaries - augmente tous les ans dans des proportions considérables, qui deviennent mêmeeî-frayantes. C'est ainsi qu'alors que la compagnie du Midi apaYlf1,876,000 fr. pour pertes et avaries en 1901, 1,790,000 fr. en 1905, nous voyons ce chiffre augmenter de 1 million en 1906, et de 1,200,000 fr. en 1907. Nous ne savons pas quel sera le chiffre pour 1908; mais, malheureusement, tout nous fait craindre que l'augmentation ne soit encore supérieure à celle de 1907, et que la compagnie du Midi n'atteigne un record qui n'est pas très enviable pour la population de la région et surtout pour le commerce si mal desservi. Le chiffre des indemnités payées par la compagnie du Midi dépassera 5 p. 100 de ses recettes, alors que le chiffre moyen des indemnités payées par l'ensemble des réseaux, y compris, bien entendu, la compagnie du Midi, qui fait remonter la moyenne de l'ensemble des compagnies, s'est élevé, jusqu'en 1906, à 1.29p. 100, et, depuis 1906, lors de la crise de 1907, au maximum de 2.28 p. 100. Ainsi la compagnie du Midi dépense, en indemnités pour pertes, retards et avaries, le double de ce que dépensent toutes les autres compagnies ! Il y a là une situation qui se passe de commentaires et qui indique au Parlement le devoir qu'il a à remplir."
1908-12-11,MINISTRE DES TRAVAUX PUBLICS,"Messieurs, cette situation vient surtout — je le disais tout à l'heure, et je le démontrerai; c'est sur ce point que je vous demande la permission d'insister quelques instants — à la pénurie de personnel."
1908-12-11,SARRAUT,"M. Sarraut vous a montré avec évidence quelle est la situation du matériel, la pénurie en machines, en wagons et pour tous les autres éléments du matériel."
1908-12-11,SARRAUT,"Devons-nous faire remonter au ministre des travaux publics la responsabilité d'une pareille situation? Nous ne pourrions le faire, sans injustice. En effet, M. le ministre des travaux publics, dès 1906 - à la suite, si je ne me trompe, d'une interpellation qui avait eu lieu au Sénat, et qui lui avait été adressée par M. Ley,det et M. Alfred Girard — avait envoyé -à la compagnie du Midi une lettre comminatoire, dont je me permettrai de faire passer sous vos yeux quelques extraits; ils préciseront d'une façon heureuse quelles étaient alors les intentions nettement affirmées du ministre à l'égard de cette compagnie."
1908-12-11,MINISTRE DES TRAVAUX PUBLICS,Je passe les paragraphes les moins importants pour ménager les instants de la Chambre.
1908-12-11,SARRAUT,"« En terminant, disait le ministre, j'appellerai votre attention sur les points suivants : « 1° Extension des aménagements de certaines gares, telles que Toulouse, Montauban, Agen et Bayonne, où le service des trains de voyageurs et de marchandises est gêné par l'insuffisance des voies ; « 2° Amélioration du combustible par l'allocation d'une plus forte proportion de gros et de briquettes aux mécaniciens des trains les plus chargés ; « 3° Institution d'un système de primes de régularité intéressant le personnel des gares à activer autant que possible le service des trains. « Veuillez m'accuser réception de la présente décision, qui ne préjuge en rien celle à intervenir à la suite de l'enquête en cours concernant le matériel, ainsi que l'insuffisance du personnel et des aménagements de certaines gares. , « Recevez, messieurs, l'assurance de ma considération très distinguée. « 29 novembre 1906. « Le ministre des travaux publics, des postes et des télégraphes, « LOUIS BARTIOU. »"
1908-12-11,SARRAUT,"Si ces injonctions avaient été suivies d'effet, je ne dis pas même en totalité, mais simplement en partie — au moins en ce qui concerne l'un des points essentiels que la vigilance de l'administration des travaux publics signalait en novembre 1906 à la compagnie du Midi — celle-ci ne se trouverait pas dans le désarroi où nous la voyons actuellement et nous n'aurions pas à demander au Parlement de consacrer l'une de ses séances à tenter de nouveaux efforts pour la ramener dans le droit chemin, à l'observation de règles administratives plus normales."
1908-12-11,SARRAUT,Comment la compagnie du Midi a-t-eile répondu au ministre des travaux publics?
1908-12-11,SARRAUT,"Du matériel, je ne dirai qu'un mot, mais il aura toute la précision voulue. Vous avez vu, messieurs, qu'en novembre 1906 le ministre réclamait une augmentation de matériel."
1908-12-11,Gayraud,M. Lasies nous a expliqué le mécanisme de cette opération.
1908-12-11,Bedcuce,"Aussi je n'y insiste pas ; je tiens simplement à dire que si le ministre et le Parlement, émus des faits signalés avec tous les détails nécessaires par M. Sarraut et les autres orateurs qui se sont succédé à cette tribune, ordonnaient une enquête, on constaterait que la quantité de matériel prévue et imposée par M. de Freycinet pour la mobilisation est loin de figurer dans les dépôts et qu'en tout cas, si le nombre s'y trouve, la partie utilisable est insuffisante."
1908-12-11,Albert Sarraut,C'est les « jalés de l'administration.
1908-12-11,Bedouce,"Parfaitement! mettr0 M. Lasies. Voulez-vous m'empêcher, mon cher coureur?"
1908-12-11,Bedouce,"Volontiers. él'd't1!1iieg^ M. Lasies. Je désirais apaiser votre argumentation/denotre; M. Bedouce. esontp, Je trouve que les compagnies sont peu connues à l'égard du Pneu iloque celui - ci se montre excepté."
1908-12-11,Bedouce,"En fait de remerciements, tr0trju M. ministère des finances une 18uelle Oflotr8che, brutale même, dans iliecIldevons, renjot disait : « Nous ne vousdevon¡¡D'fliCqL:. tresac était assuré. C'est lacioyCIIétait responsable."
1908-12-11,CCOmplilesien,Enl)CCOmplilesien-(Trèsbien!
1908-12-11,itainistredestravauxpublics,"est^c(itainistredestravauxpublics.11etcertaIn, monsieur Lasies, que M. le minIstredesfinancesn'apaspersonnellementconnucetincident."
1908-12-11,Lasies,Si! J'ais alettre!
1908-12-11,lui,'Ellen'est pas signée degé^rafdîfm Elle est signéedu directeur général du mouvement des fonds.
1908-12-11,duraitrrn~m*istre-M.leministredes finances,"Miraiteuunmeilleurmouvement (SouTires)qu'il n'eeitf~licitéCetemnptiii^Qi16doutepasqu'il n'eûtfélicitéctemployéauquelj'adresse, moi,"
1908-12-11,l¡asies,".Sivousvouschargiéz de la(Onr(t'
PourM.leministredes finances !"
1908-12-11,"î^entlaf>^Uce""N?usvenonsde voir comjonctlaCompagmes'estconformée aux mdeVIldduserviceducontrôle au pointPersannatérieletsousle rapport duPersonneCI,Ptrunedi~,,ninutionquo.sechiffreCestparunediminutionque sevezIllilitvuedescombustibles,","vous^ezrem^lLlequeleministreprescrivaite,npirji,i,bonet(lugros,c'est-à-diredu bon chartiré..etripeesbrimipttocminlncor,'n"
1908-12-11,"rlA""","ntifn.-tiûpffpti?-y;liucixiacoinnL^oiT;l'infél'iol'itédu chauffage dansduMidiprovientde ce qu'elleqUaliteCdesPoussiersdetrèsmauvaisequalité.On?^ez'YOusciu'011aaméliorélésfaitesetPjflenGeschimiquesqui ont étél'onvounr~11peutrenouvelerlorsqueVIrésultequela qualité desrésoudmoinslaqualité des aggloftuettesdim?^eslafabricationdes briqUetal.UIllnuetouslesans. C'est ainsiîiue,tandis5uyaquelquesannées lesenrû,"
1908-12-11,lJ.UClle-=.vJ.,".tacesujetlui adresser uni--licompâgûi0duMidi,entrantr?oïès^ji^^teiLtèap??esenFrance dans la voiecomripnxavecl'administrationnégociationsqui ont aboutitr.anSactiSPOlnts."
1908-12-11,"àsÂquoiattribuerce laisser-aller,Sectnedelacompagnie","cette inertietiAS?escoffinfor^mr-aiKdésirs,aux injoncV^UiTni^ig/.qiuluisonttransmises parle?Poa1011.compétenteet responP."
1908-12-11,arexemple,"y a-t-il uneilprDP°ïtion„lrss*'grandeentrele.chiffreeteBquecommandentles autreslafetlellombredelocomotives dontalisSIDI,5hlll
1idiaugmente tous lesancsonrnatérîai^idiaugmentetouslesdatcroîs-p;âefraction?cepen(lantcroistJeiesauraisl'affirmer cepenfSsaireâlacompétehceet l'autoritérnptebea-quelacompagnie du MidiilSurlélectrificationde ses]lOusIlèa.quelquesannées,en effet - et"
1908-12-11,-lJ.UClle-=.vJ.,".tacesujetlui adresser uni--licompâgûi0duMidi,entrantr?oïès^ji^^teiLtèap??esenFrance dans la voiecomripnxavecl'administrationnégociationsqui ont aboutitr.anSactiSPOlnts."
1908-12-11,r,"à ^'industrie l'excédent, à condition qu'une très faible partie du revenu de la location viendrait dans les caisses de l'Etat."
1908-12-11,Nous,"avons donc accordé à la compagnie, au fur et à mesure de ses demandes, toutes les facilités nécessaires."
1908-12-11,La compagnie,"aurait dû en manifester sa reconnaissance au pays en redoublant d'activité pour assurer un service régulier et irréprochable; au lieu de cela, elle a laissé tomber dans la plus complète anarchie tous les services du monopole qui lui est confié.."
1908-12-11,En ce qui concerne les gares,"en 1906 le ministre disait, aux compagnies : Vous avez sur tels et tels points des étranglements qui vous empêchent de- passer, qui retardent tout votre mouvement ; vous avez la gare l'Agen, celle de Narbonne, celle de Béziers, vous avez surtout la gare de Toulouse qui présente au milieu de votre réseau, au point de jonction, au point de contact de toutes vos lignes, un étranglement tel que tous les trains sont obligés de s'arrêter avant d'arriveràToulouse pendant quelquefois plusieurs heures-;- ces arrêts forcés modifient complètement l'horaire Je plus savamment et le plus habilement établi."
1908-12-11,Lorsqu'en 1906 M/le- ministre tenait ce langage,"il ne faisait que répéter ce qui avait été dit bien souvent avant lui. En voulez-vous la preuve, pour la gare de Toulouse seulement? En 1883 — il y a donc vingt-cinq ans- — la compagnie du Midi reconnaissait la nécessité inévitable de quadrupler les voies de traversée de Toulouse. A l'heure actuelle, ce quadruplement n'est pas encore exécuté."
1908-12-11,Déjà le Parlement,"en 1883, avait accordé à la compagnie du Midi la concession du chemin de fer de ceinture de Toulouse, qui eût permis, à la compagnie de dégager sa gare de marchandises de Matabiau- Toulouse en envoyant les excédents à la gare de Saint-Cyprien. Ainsi, dès 1883, on reconnaissait la nécessité d'organiser ce dégorgement, on reconnaissait le péril qui se reproduit et se multiplie tous les jours, qui est signalé et reconnu par tous.. Mais, les mesures réclamées en 1833, on les attend encore."
1908-12-11,Le résultat?,"Oli ! il est très simple. Il y a juste deux voies à Toulouse, l'une pour y entrer, l'autre pour en sortir. Sur chacune de ces deux.voies passeiit tous les trains des lignes de Cette à Bordeaux, de Bayonne à Toulouse, d'Auch, de Foix, tous les trains de l'Ariège et des Pyrénées. Ajoutez à ces trains tous les trains de pèlerinage, les trains extraordinaires et les quelques trains de luxe qui vont à Luchoir; ajoutezle,mouvement naturel des marchandises, et vous verrez qu'avec la meilleure volonté du monde et quel que soit le dévouement dont le petit personnel des gares intéressées peut faire preuve à l'égard de la compagnie, il est impossible que les trains passent en temps voulu."
1908-12-11,Quand on arrive à la gare de Toulouse,"— ceux de mes collègues qui ont visité cette année la région pyrénéenne ont pu s'en apercevoir, et ceux qui viendront l'an prochain seront peut-être malheureusement appelés à le constater encore — on attend une heure, une heure un quart, une heure et demie. La voie n'est pa-s ouverte, le disque est toujours fermé."
1908-12-11,M. Jourde,ironiquement. Sauf quand il y a du brouillard !
1908-12-11,M. Bedouce,Encore fait-on un traite- ment de faveur aux trains de voyageurs.
1908-12-11,Pour les trains de marchandises,"c'est bien autre chose. Je pourrais vous apporter des preuves, et une enquête pourrait provoquer des témoignages irréfutables que la compagnie elle-même ne saurait discuter. Il y a des trains de marchandises qui restent des heures, parfois des jours entiers, dans les gares des environs de Toulouse, Villefranche. Escalouens. Saint-Cvnrien."
1908-12-11,Un soir,"à Escalquens, un train de marchandises étant arrivé, et ne pouvant pas entrer en gare, télégraphie pour demander la voie. On ne répond pas. Il faut vous dire qu'à Toulouse on a pris depuis longtemps l'habitude de ne plus répondre aux appels télégraphiques. Les chefs"
1908-12-11,Les chefs,"' de train oudegare ont beau télégraphier, comme on ne sait pas ce qu'on pourrait dire aux agents qui appellent ou aux brigades qui demandent la voie lil/re pour entrer,- on prend le parti de ne pas répondre on répond: quand on a le temps, c'est-à-dire lorsquon peut ouvrir la voie."
1908-12-11,Le train s'arrête donc à Escalquens,". Au bout de cinq à six heures, le mécanicien constate qu'il va manquer d'eau, et comme il n'y a pas de poste d'eau à Escalquens, il demande, puisqu'il a juste encore le temps, qu'on lui permette d'aller jusqu'à Toulouse pour faire de l'eau. Il va à Toulouse, il fait de l'eau; et, lorsqu'il est prêt à rentrer à Escalquens pour aller chercher son train, on lui dit : Maintenant la voie n'est pas libre; vous aller rentrer au dépôt."
1908-12-11,Et on' oublie à Esc-alquens,", le train guiy-reste jusqu'au lendemain matin, qui y passe toute la nuit. Le personnel aussi a passé la nuit; lorsqu'il est rentré à Toulouse, il n'avait pas fait moins de trente-deux heures de service !"
1908-12-11,Il n'est pas rare que les mécaniciens,"qui rentrent à Toulouse, convoyant des trains de marchandises, après avoir fait les douze heures de travail qui sont le maximum imposé par les règlements ministériels, soient arrêtés au disque pendant trois, quatre et cinq heures."
1908-12-11,De ces abus,", pas plus que des autres, le ministre ne peut être rendu responsable."
1908-12-11,Comme il vous le disait la semaine dernière,", il a pris toutes les mesures nécessaires pour obtenir le quadruplemcnt des voies. C'est la compagnie qui ne répond pas plus en cette affaire qu'en aucune autre aux indications du ministre."
1908-12-11,La compagnie du Midi nous accule à des catastrophes,", bien certaine qu'ensuite — c'est là le principal mobile de ses atermoiements — le Parlement, pour les éviter, consentira tous les sacrifices nécessaires à l'amélioration du réseau. C'est ainsi que, dès l'an dernier, nous avons concédp à la compagnie du Midi, par une convention que nous a soumise le ministre des travaux publics, une subvention de 2,500,000 fr. pour l'agrandissement de la gare de Toulouse."
1908-12-11,Brousse,La municipalité ne répondait même pas à la compagnie.
1908-12-11,Bedouce,"J'ai dit plusieurs fois à l'ingénieur en chef de la compagnie que j'ai eu l’honneur de voir dans mes bureaux à la mairie que je était tout disposé à hâter ce mouvement le plus possible. Mais des raisons politiques, le désir peut-être que de tels travaux ne fussent pas exécutés pendant qu'une municipalité socialiste était à la mairie, les ont fait retarder."
1908-12-11,Brousse,L'administration socialiste a perdu les lettres adressées par la compagnie à la mairie de Toulouse. Je le prouverai.
1908-12-11,Bedouce,"Mais cela ne prouvera pas que l'administration des chemins de fer du Midi ait eu raison de différer depuis 1883 l'amélioration de l'accès de la gare de Toulouse. Et d'ailleurs les lettres en question ne peuvent avoir causé aucun retard à l'affaire, puisque jamais la compagnie n'a soumis ses plans à la municipalité, puisqu'elle ne les a même pas fait approuver par le ministre."
1908-12-11,Brousse,"La convention par laquelle nous accordions 2,500,000 fr. à la compagnie du Midi .pour ces travaux, disait : «Ils comprendront l’élargissement, du pont de l’école vétérinaire, l'extension de la plateforme et des voies, le transfert des dépôts de machines, des installations pour la manutention mécaniquc des bagages et des messageries, et la transformation de la halte de Sainte-Agne en station. »"
1908-12-11,Brousse,"Dans une question que j'ai posée à M. le ministre des travaux publics au sujet de cette transformation ; je disais : il ne suffit pas de transformer la halte de Sainte-Agne en station. Vous savez qu'il n'est pas possible d'agrandir suffisamment la gare Matabiau, parce qu'elle entourée de dépôts, de constructions, d'usines qui ne peuvent être expropriés sans de grosses dépenses ; il faudra donc procéder comme on l'a fait à Paris et dans toutes les autres grandes villes ; il faudra avoir une gare d’évacuation qu'il est possible de créer à Sainte-Agne, située à une très petite distance de la gare Matabiau, dans un quartier où on peut acquérir dans d'excellentes conditions la surface de terrains nécessaire pour les voies et pour l’installation des dépôts. Cette gare deviendra l’exutoire de la gare Matabiau, lorsque sera établi le quadruplement des voies qui permettra une circulation intense entre la gare Matabiau et les dépôts, les ateliers et les installations qu'on pourra créer dans le quartier de Sainte-Agne. M. le ministre a eu l’obligeance de me répondre ce jour-là qu'il était entièrement de mon avis."
1908-12-11,Brousse,Mais pour cela il faut que la compagnie ne retarde plus désormais la soumission des plans d'agrandissement de la gare Matabiau et de création de la gare Sainte-Agne.
1908-12-11,Brousse,"Grâce aux fonds qu'avec beaucoup de largesse et de générosité le Parlement avait mis à sa disposition, la compagnie du Midi avait depuis 1883 le moyen d'améliorer la situation d'entrée de la gare de Toulouse ; dans tous les cas, elle a maintenant le moyen de le faire et l’on ne saurait comprendre pourquoi la compagnie ne se hâte pas désormais puisque c'est le principal moyen pour elle de réparer le désordre actuel de son mouvement!"
1908-12-11,Brousse,"J’en aurais terminé si je ne tenais à dire qu'il n’est pas possible de faire porter, comme le fait la compagnie, la responsabilité du désarroi que tout le monde déplore sur son petit personnel."
1908-12-11,Brousse,"Toutes les fois qu'on parle à de hauts fonctionnaires de la compagnie, à des ingénieurs, à des actionnaires ou à des administrateurs, ils n'hésitent pas à dire d’un air dédaigneux que le personnel n’est pas à la hauteur de la situation, que le recrutement est très mauvais."
1908-12-11,Brousse,"Si le recrutement du personnel était vraiment mauvais, à qui la compagnie pourrait-elle s'en prendre, sinon à elle-même ?"
1908-12-11,NON DÉTERMINÉ,"Si le recrutement du personnel était vraiment mauvais, à qui la compagnie pourrait-elle s'en prendre, sinon à elle-même ?"
1908-12-11,NON DÉTERMINÉ,"Cela prouverait qu'elle ne met pas à la disposition du personnel ce qui lui est nécessaire pour faire un bon service et qu'elle ne paye pas assez pour avoir de bons serviteurs. Cela prouverait que les hommes compétents se gardent d'entrer dans cette compagnie où l'on est sûr de ne pas avoir de quoi manger, malgré qu'on soit certain aussi d'être surchargé de besogne."
1908-12-11,NON DÉTERMINÉ,"La preuve que le personnel n'est pas responsable, c'est que dans la plupart des accidents ce sont les retards, le mauvais état du matériel ou le surmenage qui sont la cause initiale."
1908-12-11,NON DÉTERMINÉ,"Le surlendemain du tamponnement de Pezens, par exemple, on a constaté le même encombrement sur la voie; on passait sur la voie montante pour aller vers Narbonne; et personnellement ce jour-là ayant affaire du côté de Narbonne, jo suis arrivé avec cinq heures de retard!"
1908-12-11,NON DÉTERMINÉ,"Dans une autre circonstance, à Toulouse, il s'est produit un tamponnement. Savez-vous comment était en gare, obstruant la voie pour le train 506, qui arrivait de Bayonne dû entrer et venir se garer, de l'un à onze heures, l'autre, qui s'était dépêché, que dix! {Sourires.)"
1908-12-11,NON DÉTERMINÉ,Il était fermé? Trente-deux heures.^isrmalions.)M. Albert Sarraut.
1908-12-11,ALBERT SARRAUT,"Et encore, on l'a laissé sans nourriture!"
1908-12-11,NON DÉTERMINÉ,Ce mécanicien à Vait trente-deux heures de travail.
1908-12-11,NON DÉTERMINÉ,Grave—pendant ces trente-deux heures il avait pas laissé le temps de manger.
1908-12-11,MELIN,Il est inadmissible(fulcàsespagnic impose un servicesemblable à ce personnel:
1908-12-11,ALBERT-POULAIN,C'est laquelle devrait être poursuivie.
1908-12-11,GAYRAUD,L'acquittement(lui impose..
1908-12-11,BEDOUCE,"L'acquittement, pourrait être prononcé en faveur du personnel qui, après un travail si pénible qu'il pouvait plus avoir la force nécessaire et les moyens de le faire."
1908-12-11,Dau7n,"exact, cela est rigoureusement M. Dau7n « ? ut ce la est rigoureusement lent sera à Agen le jour où ces événements sont passés."
1908-12-11,éner'O'iqyraud,Il faut prendre des mesures ^nero Uiurenoveiei S Pourquoi faites ne se-ant pas.
1908-12-11,Un'yadoncpas de conM.,rùle-) Ucle^®-
1908-12-11,raÜ;'(edouce,Pourraisciter d'autres nitse CteU en nature; il ssont malheureusement en grand nombre.
1908-12-11,leministre,"s'inspis unirest ItiOlis non équivoques du Plusahn, voudrabien opper le veto leFe? saWluÏpadministration à toutes 05 SMesures prises en contredes mécanici-cetnes autres agents pour des faits de Jweîiature ptraPPeler à la compagnie lat.leIlrIOrnent.(Applaudissements.)1lePetitnepeutpas êtreJ?lushautonsable, nouspourrionsregarderïtïfhaut; noiio^P^erions des faits peutneXciteront Plusblàmablesqui, en tous cas,lllent.erc)ntPnasol'admirationdu ParleestainsindeDieupenttue,lejourdu tamponnementi/.euPentalSpi01ernovembre,on a vu cefSbfedetrainsde marchan-(lisesdont1esnléeanicienss'obstinaient àtrainilPssagesurla voie obstruée."
1908-12-11,M. leministre,"Je pourrais vous citer l'incident de SaintPaul-Saint-Antoine, qui égayerait peut-être ce débat un peu triste et dont M. Sarraut a déjà parlé."
1908-12-11,M. Bedouce,"Dans tous les cas, toutes les fosses à piquer de la ligne ont été réparée avec une extraordinaire rapidité, de la part d'une compagnie qui ne nous a pas habitués à tant d'activité. Si l'on peut incriminer le rail brisé, peut-être aussi la maçonnerie de la fosse n'était-elle pas irréprochable."
1908-12-11,M. le ministre,"Je n'ai pas interrompu sur ce point M. Sarraut. Je ne puis m'expliquer dès maintenant sur la catastrophe de Grisolles; mais, pour que l'opinion publique ne soit pas émue à tort, je vous demande la permission de rectifier une erreur."
1908-12-11,le ministre,"Je n'ai pas interrompu sur ce point M. Sarraut. Je ne puis m'expliquer dès maintenant sur la catastrophe de Grisolles; mais, pour que l'opinion publique ne soit pas émue à tort, je vous demande la permission de rectifier une erreur."
1908-12-11,Bedouce,"Ce travail a été fait si vite que les populations intéressées étaient en droit de supposer qu'on avait quelque chose à cacher, d'autant que vous arriviez, monsieur le ministre, le soir même."
1908-12-11,le ministre,Vous pensez avec moi qu'il y a trop de raisons de se plaindre de la gestion de la compagnie du Midi pournapas y ajouter inexactement une raison do cette nature.
1908-12-11,Bedouce,"Bien entendu. D'ailleurs, il faut féliciter îa compagnie de l'empressement qu'elle a mis à obéir aux injonctions du contrôle en cette matière,parce que, de sa part, la précipitation n'est pas coutumière."
1908-12-11,Bedouce,"C'est ainsi qu'au lendemain de l'interpellation de M. Srraut, c'est-à-dire quinze ou seize jours après la catastrophe de Grisolles, tous les voyageurs de la ligne do Bordeaux à Toulouse pouvaient constater que le matériel détruit ou détérioré par suite de la catastrophe était resté sur le remblai au bord de la voie. La compagnie n'avait pas encore trouvé le temps nécessaire pour le déblayer. Pourquoi?"
1908-12-11,Bedouce,Pare qu'elle n'a pas le personnelsuuisuui.
1908-12-11,"Depuis la catastrophe de Grisolles, on a trouvé sur un très grand nombre de points — et cela prouve peut-être qu'à partir de ce moment on a apporté à l'inspection des' voies un peu plus d'attention — des rails de'même longueur que celui de Grisolles, des rails de 11 mètres, qui étaient brisés et' dont certains fragments étaient retombés' sur la voie. Pourquoi jusque-là l'inspection de la voie n'avait-elle pas été faite régulièrement?",Toujours pour les raisons (l'économio sordide dont je vous parlais tout à l'heure.
1908-12-11,"Vous croyez, par exemple, que le cantonnier qui est chargé de l'inspection des voies prend son travaii à une heure déterminée, à partir de laquelle il devra inspecter la voie?","Pas du tout. La compagnie trouve l'occasion de gagner sur le repos de ce travailleur quelques heures, quelques quarts d'heure, ne flit-cc que quelques minutes."
1908-12-11,M. Albert Sarraut,Cela n'empêche pas les ingénieurs de toucher les primes.
1908-12-11,Bedouce,"J'y arrive. A ce propos, mon cher collègue, la compagnie du Midi a cru de bonne guerre, elle a cru très habile, équivoquant volontairement sur un terme que- vous aviez employé,loterme d' « admir nistrateurs M, d'envoyer à la presse un démenti aux termes duquel elle affirmait que les administrateurs ne touchaient pas de primes."
1908-12-11,M. Albert Sarraut,Voulez-vous me permettre un mot?
1908-12-11,Bedouce,Volontiers.
1908-12-11,M. Albert Sarraut,"Je me réservais — et c'était ma seule intervention nouvelle — d'apporter ici cette lettre, de la verser au débat, pour qu'il soit absolument loyal. Mais vous pouvez dire ce que vous savez et exprimer à ce sujet votre sentiment."
1908-12-11,Bedouce,"Ce qu'a dit notre honorable collègue M. Sarraut au sujet/des primes était absolument exact, mais il avait employé le mot « administrateurs » dans le sens cl' « employés chargés de l'administration », c'est-à-dire hauts fonctionnaires. S'il est vrai, peut-être, que les administrateurs, au sens juridique du mot, ceux qui sont nommés par l'assemblée des actionnaires, ne participent pas à la répartition des primes, il n'en est pas moins vrai, ainsi que l'affirmait M. Sarraut, que les grands chefs et le directeur de la compagnie, particulièrement, touchent des primes dont le chiffre est parfois scandaleux."
1908-12-11,Sarraut,"ceux qui sont nommés par l'assemblée des actionnaires, ne participent pas à la répartition des primes, il n'en est pas moins vrai, ainsi que l'affirmait M. Sarraut,"
1908-12-11,Bouyssou,Elles sont données arbitrairement.
1908-12-11,Bedouce,"Je suppose qu'elles sont données d'après les notes des agents, à moins ce ne soit le caprice des chefs qui préside à leur attribution. En dehors_J'uncontrôle extrêmement minutieux,"
1908-12-11,Reinach,Sur quoi sont calculées ces primes.
1908-12-11,Albert Sarraut,Cent sous !
1908-12-11,Bedouce,M. Albert Sarraut. Cent sous !
1908-12-11,Jourde,"Danslesateliersdeltla compagnie du MidiPar',r;ersinsoucieusedesoustrairelescht¡;.':dicat des employés et0ade fer français et deles.faCasie'"
1908-12-11,ndicat jaune,quelesdlredernt
1908-12-11,vices,"de la compagnie^aV<^.ut""manièrescandaleuse.LeSotlvriersjcle»nêtes,ceuxquiontconsciendignité, ont à souffrirtouslesJ0repression intolérable.Jevousassure'."
1908-12-11,sieur le ministre,"quevousvousavCZsieurleministre,quevousv~o""g~ti~coimillevousalrez9'leur reconnaissance,commevos1le faire dansd'autresoccasion>el1ar;,envoyiez à Bordeauxunmspectettfrid'ouvrir uneenquête-surcePbien! 1res bien!)aC..V,i,Il verrait que, danscesatelieriado>gnie détruit les effetsdelasurvClUyrieJ."
1908-12-11,contrôleurs du travail,"etquelesuvrier^sont mis en couperéglée,souestence, sous letzarismedlralsJC,dteurs desservices.t'c'ÇiIJevoussignalecetteaJe vous signalecettesituatIonPMe3lprie de vousrenseigner,parceq-ycrllgttdes abusscandaleux.(1pplmJ,rhssgauche.)1l;1iM. le ministredestravauiJ'ignorais, monsieurJourde,las'tu"
1908-12-11,le ministre de travail,"j'ignorais, monsieur Jourde, laquelle vous faites allusion;nIa)cetpuis pas refuserd'ouvriruneeliquicte,eteprends l'engagementdevousenc0lïiO#'quer les résultats.(Trèsbien.»bieiz-itM., Jourde. Je vouseuremerci»mon3*leministre..011W9fM. Bedouce. JeremercieareIlM. Jourae de sonintervention;repsrgnemont qu'ilcommuniqueàlaar.le"
1908-12-11,donne encore plus deforce,"aulesfileJesignaleégalement,enpassan,mministre, que c'estsurtoutdansleselaé-et dans les dépôtsquelepelSOTJIIconsidérablementdiminuéencannées et c'est l'unedesraisonsdo délabrementdelapluparUleslOGù01oti'i*des chemins de ferduMidi.Jern'1Je vous signaleaussicefai.t,q.qll:,en moins oncommissionnc,aIè:¡lflsemble qu'un bonouyriermérldessettraitement qu'unemployé;ilrpnddsevices équivalents, ilassumedpsre,pOibà,bilités aussilourdes.J'estimetv0us^d'ailleurstraité cepointdansVo-sCissiOJJ- qu'on devraitdonnerleeOPment a tous ceuxqui,parleUprouvé à leurcompagniequ,.ii,navoir confiance oneux.(1resbi<<trèsUn dernier mot,messieurs-LSonlp^a»'jcpeut-elle,ainsiqu'onl'apeut-elle,ainsiqu'onl'a*irflricreIn,-prétexte dureposnscr¡Cl';:pour justifier ledésarroi(jeSesAu cours de l'annéeprécedei11■'„urn*1&juin 1907, M. leministreclostrablics, par unedépêche,deniandreppagnies où en étaitl'organisatO!ls'etlOF'tli,hebdomadaire dansleursserlt/Ollàt."
1908-12-11,que les compagnies de PaI?. des Méditerranée et l'administra,l6t mins de fer de l'EtataffirmaircP^leurs agentsbénéficiaientnont
1908-12-11,1er,"alors que lesamn:;;:>.'ntayi';'rftammentFEst etl'Ouest,av^eUrsun régime de mêmenntu^iI]S."
1908-12-11,seaux,"la compagnieapdestrSeaux,lacornp-,Ig-,IiedLi~fidirégime uniquement àsesaêfVSI,lcp,UlSlc12juin1907,elleun_cep(l'e-Jesignale ce faitàM.le^^nrelesqu'en violant avecilTIPudenceal'I.J'stments qui avaient étéimposésKr.ce11reSdin,votrehonorableprédécesseo;pr$qu'en violant avecimpudence-:deigtcirculaires relativesauxneceet au reposhebdomadaire.Ste5<JIplus que sur toutautre,unellapre,pose parce qu'ellevousappreUle dairenum-?prispOllrlerepos liebdoinadalrequelacOmpagnieest censée donner àl'atoutsimplement prisengranùepartiesurlerepos qu'elle devaitdonneràsonpersonnelaprès les heures detravailItrvail,d'aprèslespre¿criptionsdescircu.lairesministérielles."
1908-12-11,r4,"Louespouvoir??megauche.),SOntPasdontdisposele ministre neqUenousPourcelauté-êtreaussi largeseffortsrISe.SOuhaiterions,puisque sesannéesEstentim™yiSSantsdepuis plusieursrésolutaIS11noussemblequ'une actionêtrelueténergiquede sa part pourraitipprdesapartpourraitrePlusefflcipps'ilétaitmieux servi parradeluidire que si son attiBas-lNEXTENSO."
1908-12-11,wèsten!t¡'èsbien!àl'extrêmegauche.)RudÂii,Alorsvousauriez dû com^efteerm-iracllatduNord!
1908-12-11,"0, Moncher collègue","je suisiCeuxnnfnei?sen^e^tétépréférabledefa1qlpesntqu'ileût été préférablecornae.experlancedu rachat sur uneCoPagilierospère,aulieu d'essayer deqUin'otesvIeuxsabotsdes compagniesDansnpassulesmettreen état."
1908-12-11,e.xtr'rncas,",partisansdu rachat, àelie,nousn'avions pas la maiorité;ilIlelnousétaitpermisde le réaliserquedans1îïîiesureoùnous trouverions,1denos collègues d'ac*Ouest^trouvéunemajoritépour racheterapportèrlousavonsétéheureux de luiSemanifesteau plus tôt uneJíaJoritévérHvki*enientdémocratique déciVisescoleGr,-passeulementlesmau-rX1*'toutes8rnies>mais,ce qui vaudraitrapPortereslescompagniesqui peuventfhuaiblles.AuîîftaetbénéficesauxcontrienCeCompritJemegarderaide conclureCOrnpagnieentaurachatimmédiat de ladesCOntribubhdi,nevoulantpas, aux fraisparerlesdéaes,racheterses fautes etréJ'enresterastresqu'ellea accumulés, maisàCOnditiolle,PartIsanrésoluetdéterminé,àf,IrlagesCagueUefasselesfraisdesdomdonteUeîesparsonincurieau réseau qUeU^acllat'certes,autant et plusqueautres,ecôtéde la Chambreresteroue.gauçhe),nousle sommes et leparUsas,aaIsnoussommes avant toutfpjsaiis,'à1hurePré,sente,des sanctionsgnieduer-iquespourobliger la compaestresphdiàréparerledésordre dont leurresponsahio tfcatwcheelàVp^'èsbien! très bien! à"
1908-12-11,Pré,"'à1hurePré,sente,des sanctionsgnieduer-iquespourobliger la compaestresphdiàréparerledésordre dont elderesponsahio"
1908-12-11,Vp,'èsbien! très bien! à
1908-12-11,oLes,"espouvoir??megauche.),SONTPasdontdisposele ministre neqUenousPourcelauté-êtreaussi largeseffortsrISe.SOuhaiterions,puisque sesannéesEstim™yiSSantsdepuis plusieursrésolutaIS11noussemblequ'une actionêtrelueténergiquede sa part pourraitipprdesapartpourraitrePlusefflcipps'ilétaitmieux servi parradeluidire que si son attiBas-lNEXTENSO."
1908-12-11,tfcatwchee,"le ministre parlant au nom du Parlement,au lieu de répondre à ces agents : « Vous devez signaler le fait au contrôle pour qu'il punisse les auteurs responsables », leur dit cette parole monstrueuse : « Vous devez continuer. » Je dis, moi : « Non, ils ne doivent pas continuer. » (Très bien! très bien! à Vextrême gauche.) Ils sont"
1908-12-11,Vextrême gauche.,"protégés par des circulaires, par des règlements, par la volonté de la démocratie souveraine qui nous a envoyés ici pour faire des lois équitables sur la réglementation du travail; nous ne devons pas permettre la violation des règlements établis, soit par voie de circulaire ministérielle, soit par voie législative, pour apporter plus d'équité dans l'organisation du travail, nous ne devons pas permettre que toute notre œuvre démocratique soit sans cesse mise en échec par le caprice de je ne sais quels fonctionnaires. (Très bien ! très bien ! à l'extrême gauche.) Nous, devons exiger que, de plus en plus, derrière le ministre qui ne peut pas tout voir, qui ne peut pas être partout, il y ait des hommes fermement résolus à faire valoir les volontés qu'il a imposées à la suite des volontés que nous, mandataires de la démocratie, nous avons affirmées ici par des lois ou par des décisions irrévocables; nous devons demander que, de plus en plus, le contrôle soit l'émanation exacte de la volonté administrative et de la volonté du Parlement."
1908-12-11,Evidemment,"il ne m'appartient pas d'établir en ce moment-ci les bases d'un nouveau service de contrôle ; mais il me semble que si l'on introduisait là le régime démocratique qui a amélioré les conditions politiques, on pourrait peut-être obtenir de ce contrôle de meilleurs résultats, en ne se bornant pas, par exemple, à nommer dans ce contrôle des fonctionnaires qui, quelquefois, sont assez disposés à écouter d'une oreille bienveillante les suggestions de la compagnie lui disant : « Vous êtes jeune, vous êtes ingénieur, vous avez de grandesqualités,vous êtes appelé à un brillant qualités, l'administration vous donne des avenir;l'administrationvousdonnedesappointements qui ne sont pas à la hauteur de votre mérite, venez à la compagnie, vous aurez un avenir plus brillant, de plus larges compensations et vous deviendrez un haut fonctionnaire. »"
1908-12-11,Je sais,"que dans l'administration française il y a de braves gens sur lesquels ces suggestions ne peuvent avoir prise, mais il suffit que quelques-uns y succombent pour que le contrôle soit compromis et disloqué."
1908-12-11,Si donc,"le contrôle était recruté par voie d'élection, il donnerait de meilleurs résultats."
1908-12-11,Le contrôle,"est composé de comités techniques. J'admets qu'il soit sous la responsabilité du ministre des travaux publics et du ministre de la guerre, en raison des conditions de mobilisation qui rendent nécessaire le bon état du matériel; mais en ce qui concerne la commission des comptes, la commission commerciale, ne serait-il pas possible d'y faire entrer par la voie des élec-»tions des négociants, des industriels? (Très bien très bien!à Vextrême gauche.) A Vextrême gauche. Et des agriculteurs."
1908-12-11,M. Bedouce,"ils pourraient apporter, eux qui y sont intéressés, de bons renseignements, des idées ; ils rendraient compte de ce qui se passe dans les services du contrôle à ceux qui les auraient chargés de cette mission."
1908-12-11,Bedouce,"Ils pourraient apporter, eux qui y sont intéressés, de bons renseignements, des idées ; ils rendraient compte de ce qui se passe dans les services du contrôle à ceux qui les auraient chargés de cette mission. (Très bien! très bien!) Ne serait-il pas possible, en ce qui concerne les conditions du travail dans les chemins de fer, de permettre aux ouvriers, comme vous l'avez fait pour les mines, d'être leurs propres contrôleurs au moyen de délégués nommés par eux?"
1908-12-11,Président,Vous savez combien dans les mines la situation des travailleurs était pénible avant l'institution des délégués mineurs qui a fait honneur à la République et au Parlement qui l'a édictée. Ces conditions précaires ont été singulièrement améliorées par les délégués mineurs élus par leurs camarades.
1908-12-11,Louis Barthou,"Je préciserai, dès mes premiers mots, la portée générale de ma réponse et je marquerai mon accord avec les interpellateurs en disant que la situation créée par la compagnie du Midi au cours de la dernière campagne d'été a été véritablement intolérable."
1908-12-11,Rabier,"J'aurais expliqué à notre collègue — et je lui expliquerai par lettre, s'il le permet — que, comme l'a dit M. Lasies, cette situation s'est, dans l'ensemble, sensiblement améliorée de 1907 à 1908."
1908-12-11,Lasies,"Cela va très bien, maintenant!"
1908-12-11,Jourde,De combien la garantie d'intérêts a-t-elle augmenté cette année-là ?
1908-12-11,Bedouce,De 4 millions !
1908-12-11,Bedouce,De 4 millions !
1908-12-11,le ministre,"Ces chiffres me paraissent suffisants pour indiquer à la Chambre les conditions et la gravité de la crise. Mon ami M. Sarraut et les orateurs qui l'ont suivi n'ont rien exagéré quand ils se sont plaints de cette situation exceptionnelle et fâcheuse de la compagnie du Midi; mais ce n'est pas tout de constater le mal, il faut essayer d'en déterminer très exactement les causes et d'en indiquer les remèdes."
1908-12-11,Thierry-Cazes,Ou à Toulouse.
1908-12-11,le ministre,"A Bordeaux ou à Toulouse, mon cher collègue. Et voici que déjà commencerait une difficulté pour le ministre des travaux publics ; car il serait singulièrement embarrassé pour choisir entre ces deux capitales du Sud-Ouest. (Sourire.) Mais ce n'est pas là la seule objection que je fais au projet de résolutiorn de M. Thierry-Cazes."
1908-12-11,le ministre,Il en est de beaucoup plus graves.
1908-12-11,le ministre,"Autrefois, les services de la compagnie du Midi étaient presque tous à Bordeaux. Mais on a constaté qu'étant données les exigences mêmes du service et de l'administration, étant donnés les rapports presque quotidiens avec les autres compagnies de chemins de fer, les relations avec le comité de l'exploitation technique et avec le comité consultatif des chemins de fer, les négociations avec les ministres de la guerre, de l'agriculture et des travaux publics, il y avait plus d'inconvénients que d'avantages à maintenir le service à Bordeaux. Il en a été pour la compagnie du Midi comme pour les chemins de fer de l'Etat — car l'expérience a été faite également pour le réseau de l'Etat — on a considéré que, dans l'intérêt même du service, l'administration centrale devait se trouver à Paris."
1908-12-11,le ministre,"D'ailleurs, en admettant que je fusse d'accord avec mon ami M. Thierry-Cazes, je devrais constater devant la Chambre que si le remède qu'il propose était efficace, je me verrais dans l'impossibilité légale de l'imposer à la compagnie du Midi."
1908-12-11,Thierry-Cazes,Il demande à la Chambre de refuser à la compagnie du Midi les sommes qui lui sont dues dans le cas où celle-ci ne se conformerait pas à l'ordre du jour qu'il a déposé.
1908-12-11,le ministre,Je ne pourrais m'associer à un procédé de cette nature. Mais je ne méconnais pas qu'il peut y avoir et qu'il y a sans doute une large part de vérité dans les observations de M. Thierry-Cazes.
1908-12-11,le ministre,"L'accident de Grisolles, sur lequel je n'ai pas à m'expliquer en ce moment, mais dont je peux dire pourtant qu'il comporte plusieurs leçons, m'a démontré que, peut-être, les représentants de la compagnie du Midi sont en nombre insuffisant à Bordeaux. Il peut donc y avoir lieu, sinon au transfert complet de tous les services, du moins à une augmentation des services de Bordeaux et de Toulouse. Dans cette mesure, je ne me refuserai pas à entrer dans la voie proposée, j'inviterai la compagnie du Midi à effectuer dans ce sens les améliorations qui me paraîtront nécessaires et que je lui imposerai au besoin. (Très bien! très bien!)"
1908-12-11,le ministre,"Si je ne peux accepter de me rallier complètement à la proposition de M. Thierry-Cazes, je dois à mon tour rechercher quelles sont les causes de la crise intense qui sévit sur le réseau du Midi."
1908-12-11,le ministre,"Je dois reconnaître d'abord que, dans le courant de l'année 1908 — ceci est, dans une certaine mesure, à la décharge de la compagnie du Midi — le trafic a augmenté dans des conditions inattendues. Si je considère les dernières années, je constate que l'augmentation moyenne est de 2 p. 100. Or, pendant les dix premiers mois de l'année 1908, l'accroissement a été de 8 p. 100. Personne ne méconnaîtra donc que la compagnie du Midi se soit trouvée, à ce point de vue, dans une situation imprévue."
1908-12-11,le ministre,"La crise a d'autre causes - et ici j'aborde un point particulier, déjà traité par M. Sarraut dans l'interpellation à laquelle je réponds. Il me serait peut-être possible de relever dans l'important discours qu'il a prononcé quelques inexactitudes de détail, mais j'indique tout de suite que ces inexactitudes, sur lesquelles je ne veux pas insister, n'entament en rien la valeur de la documentation ni la force del'ar£ul?c^0.•gUT]jcisive qu'il a apportées àlatribnc;UlalaM. Albert Sarrauts'esteSéqllillsquestion des pèlerinages;ilaavaient atteint, dans lecourantaj.l1908, une importanceexcep«lieleèttlU,COD'l'affluence des voyageursavaitéteplsidérable que les annéesprVoici, messieurs, deschiffresqUIvouséclaireront sur ce point."
1908-12-11,Sarraut,"inexactitudes de détail, mais j'indique tout de suite que ces inexactitudes, sur lesquelles je ne veux pas insister, n'entament en rien la valeur de la documentation ni la force del'ar£ul?gUT]jcisive qu'il a apportées à l'affaire des pèlerinages; ille avait atteint, dans le courant de 1908, une importance exceptionnelle et l'affluence des voyageurs était tellement étonnante que les années précédentes, elle organisa 465 trains qui ont transporté 259 000 voyageurs."
1908-12-11,le ministre,Je ne m'arrête qu'à ces trains spéciaux qui altèrent les services et sur M. Sarraut et M. Alicot ont appelé à la Chambre.
1908-12-11,Sarraut,"Il a déclaré avec une j, faite qu'il n'y avait pas de raison politique pour demander la suppression des trains de pèlerins. Il appela en clair qu'étant lui-même ministre d'État de l'intérieur il avait donné des instructions à la compagnie du Midi."
1908-12-11,Sarraut,"Toutefois, je suis d'accord avec M. Sarraut. Mais je pense que les pas dans mes intentions des trains de pèlerins, mais je pense qu'il faut pas que des trains servant à des étrangers dont quelques-uns bénéficient de réduction de 70 p. 100 gênent les services des trains dont les voyageurs payent place entière."
1908-12-11,Pelisse,Il ne faut pas que ces voyageurs gênent la circulation normale.
1908-12-11,le ministre,Est-il possible et nécessaire de fixer l'organisation des trains de pèlerins à une époque qui est celle des vacances dans les départements Pyrénées. Il est évident que les plus compliqué et difficile sera le mise en marche de ces trains.
1908-12-11,Alicot,"On peut, je crois, faire partir des pèlerins aux vacances de Pâques."
1908-12-11,le ministre,Je n'y suis pas opposé.
1908-12-11,Alicot,"Nous n'avons pas d'intérêts que vous représentent, mon collègue. Dans votre région la mienne, j'ai lu beaucoup de articles de journaux, et l'idée qu'il est ici égère a été indiquée parceux-là qui défendent les mêmes intérêts que ont trouvé dans cette affaire un surcroît de clientèle pour les otations pyrénéennes."
1908-12-11,Alicot,"Nous n'avons pas d'intérêts que vous représentent, mon collègue. Dans votre région la mienne, j'ai lu beaucoup de articles de journaux, et l'idée qu'il est ici égère a été indiquée parceux-là qui défendent les mêmes intérêts que ont trouvé dans cette affaire un surcroît de clientèle pour les otations pyrénéennes."
1908-12-11,le ministre,Sur ce point il sera nécessaire des observations présentées par M. Sarraut.
1908-12-11,Sarraut,Et à suive M. Bedouce ainsi que plusieurs autres ont parlé du matériel suffisant et du personnel trop peu nombreux de la compagnie du Midi.
1908-12-11,Bedouce,Il est suffisant et du personnel.
1908-12-11,Sarraut,Mais je dois protester devant la Chambre contre une campagne qui a été faite de la part de la presse pour défendre les mêmes intérêts que ont trouvé dans cette affaire un surcroît de clientèle pour les otations pyrénéennes.
1908-12-11,Sarraut,C'est très juste.
1908-12-11,le ministre,"Inexcact. J'ai été absolument mauvais de l'expression dont sous toutes les deductions il a été faites à la compagnie du Midi, je n'en ai pas eu seule."
1908-12-11,le ministre,"Entre les demandes de l'autorisation même, il s'est produit. En coulé une durée de 1 mois, une fois. Savez-vous pour refuser la compagnie du Midi les renseignements qui lui étaient nécessaires?"
1908-12-11,Alicot,"Une demande était soumise, j'intendais la compagnie à mesure qu'elle avait l'in-ses commandes à l'industrie étrangère."
1908-12-11,III,Hais III
1908-12-11,un membre de la Chambre,"'cunedemandem'étaitsoumise, j'intenUonelOrnpagnieàmediresi elle avait l'in-sescommandesà l'indus(l'J'èsbl,aISe.ouàl'industrieétrangèretriei"
1908-12-11,un membre de la Chambre,"'n•'/■,lavnhn?'^parceque, me pénéSntirnéntaVolontédelaChambre et dutlserlescdemîofn,devoir,jene puis auto3l'étrangerque lorscomrn<l'unepart, que ces(iIn'd"
1908-12-11,un membre de la Chambre,'d
1908-12-11,un membre de la Chambre,"serontfaitesàun prix très indesUCilaiSrl„F~dustriefrançaise,desd?Part'qXu'e^iUeasSPrnntnvAni,"
1908-12-11,ni,"rlonc.:.,<.1ariL"
1908-12-11,aison,beaucoupplusraa'Mr'~sbiel»ï^Wen/)NirtijHeurs'
1908-12-11,un membre de la Chambre,"'hdls'estrtr}plses,lacompagnie dugnenlentetseeamefournirce renseian::tnlO1ntàl'occasiond'uneSimavaitsoumise lePassô?aipuluidonner l'autoPassét1(illehuitmoisaprès,c'estqu'elleatvois,"
1908-12-11,un membre de la Chambre,"'rnIS.sansrépondreà la com{Tr(>*•munic10np'-eoien30MaVaîSfaite'Celad't'.t¡'e.sbien!)ase^actquela compaPaisVl11lVddin'nHn?asJaituneffort,il n'estquela<si,"
1908-12-11,et,"llestlatiolines'améliore past<lieiM'iir?-s'estconf^ntmCer<La compagnieSestonforHlceàl'avisducomitél'e1I-titioriteelliliqueetauxinjonctions(lueje1et aux injoncMjehiialadressées,Seulementdp.enùrecec°Il!Pendraqu'ilne peut pasdénppenIlnimA^re?ai011111nepeutPasministdes,travaux publicsJOUr,auIede}leXloitantqu'ilse propre dus°ntwendeniîUnleslocomotivesqui luijePui«afrirnieràinpJePUislensables.Mais,dès maintenant,couradtellrnleràlaChambreque, dans leIrantdel'alinée1909etd'icià la fin deqUéParlestlélaiemequi a été indiquéPnarlecommittécfdie1rexpiloitationtechnique"
1908-12-11,la compagnie du Midi,"— la compagnie du Midi aura acquis, tant en wagons qu'en locomotives, l'ensemble du matériel qui a été déterminé par l'avis du comité."
1908-12-11,M. Bedouce,"Nous n'avons les comptes que jusqu'à la fin de 1907; à cette date, nos chiffres sont exacts."
1908-12-11,le ministre,"Je ne mets pas en doute l'exactitude des chiffres que vous avez apportés à la tribune ; vous n'avez pas les moyens de renseignements dont je dispose ; mais mon devoir consiste à renseigner la Chambre ; et si je dois être très sévère pour la compagnie du Midi — et vous verrez par quelles mesures s'est traduite cette sévérité nécessaire — je lui dois aussi la justice impartiale que l'on doit à tout le monde (Très bien! très bien!) et je ne puis pas pas constater que, pendant cetteériode d'un an et demi, le nombre de ses agents, s'est élevé d'environ 2,000, c'est-à-dire de 13 p. 100."
1908-12-11,M. Bedouce,Mes chiffres sont ceux indiqués dans le rapport de M. Aimond. C'est depuis le 1er janvier 1908 que s'est produite l'augmentation que vous signalez.
1908-12-11,le ministre,"Au fur et à mesure que je parle, j'indique, en même temps que les causes de la crise, certains des remèdes que j'ai imposés à la compagnie ; pour les gares et en particulier pour les voies de garage, la Chambre comprendra que je ne puisse insister sur les mesures que j'ai prescrites."
1908-12-11,le ministre,"Je ferai pourtant trois exceptions : Pour la gare de Lourdes, j'affirme à M. Alicot que j'ai demandé à la compagnie de me saisir d'un projet en vue des agrandissements qui sont indispensables."
1908-12-11,M. Alicot,remarquait que l'administration ne devrait pas retarder l'autorisation. Il avait raison.
1908-12-11,M. le ministre,"Seulement, je ne puis autoriser que les projets dont j'ai été saisi. J'espère que la compagnie ne tardera pas à me les soumettre."
1908-12-11,M. Alicot,Je serais très heureux que vous l'invitiez à le faire.
1908-12-11,M. le ministre,C'est précisément ce que je viens de faire.
1908-12-11,M. Lafferre,a parlé de la situation de la gare de Béziers et il a renouvelé les plaintes dont il s'était fait précédemment l'interprète auprès de moi.
1908-12-11,M. Lafferre,Notre honorable collègue n'a pas paru satisfait de la réponse que je lui ai adressée et dans laquelle je m'appuyais sur des moyennes.
1908-12-11,M. Lafferre,cependant comprendra qu'il ne m'est pas possible d'obliger les compagnies à mesurer exactement leur matériel au chiffre le plus élevé atteint par le trafic dans une période d'activité particulière.
1908-12-11,M. Lafferre,Je ne me refuse pas à examiner de nouveau la question qui m'a été soumise et à en rechercher les solutions.
1908-12-11,M. Bedouce,(Rires)
1908-12-11,M. le ministre,"en ce qui concerne la situation de la gare de Toulouse, M. Bedouce nous a parlé de deux questions : la question du quadruplement des voies et la question de l'agrandissement général."
1908-12-11,M. le ministre,"En ce qui concerne le quadruplement des voies, je ne veux pas rouvrir une polémique rétrospective avec la compagnie du Midi."
1908-12-11,M. le ministre,Je me borne à constater qu'il y a eu entre elle et mon administration une divergence d'appréciation au point de vue de l'imputation des dépenses.
1908-12-11,M. le ministre,"Mais sur mes instances pressantes, la compagnie, pour se conformer au vote de la Chambre, a accepté dès maintenant de traiter avec un entrepreneur — c'est chose faite — et d'exécuter les travaux à une date très rapprochée."
1908-12-11,M. le ministre,"Je ne veux pas davantage, en ce qui concerne l'agrandissement de la gare, prolonger la polémique qui s'est établie entre M. Emmanuel Brousse et M. Bedouce ; je ne veux pas non plus rechercher ce qui s'est fait dans le passé ; il ne m'appartient pas d'établir quelles sont les responsabilités incombant à telle ou telle municipalité de Toulouse et à la compagnie du Midi."
1908-12-11,M. Bedouce,"'cependant, pour les plans, c'est la compagnie du Midi qui est responsable."
1908-12-11,le ministre,les travaux à une date très rapprochée.
1908-12-11,Emmanuel Brousse,"J'ai été saisi par votre successeur à la mairie de Toulouse, par M. le sénateur Leygue, à la date du 24 novembre,"
1908-12-11,le ministre,"Il est impossible, en effet, d'agrandir la gare de Toulouse sans acquérir une partie au moins des terrains sur lesquels est construite l'école vétérinaire ; des négociations doivent être poursuivies avec le ministre des finances et le ministre de l'agriculture."
1908-12-11,le ministre,"J'insiste, parce que l'agrandissement de la gare de Toulouse constituera une amélioration considérable du service du Midi,"
1908-12-11,Bedouce,"Il ne faudrait pas qu'on oublie la gare de Sainte-Agne qui est prévue dans la convention,"
1908-12-11,le ministre,"Si vite que j'aime d'aller il est, dans cet examen d'ensemble de la crise, deux autres causes que je dois indiquer à la Chambre,"
1908-12-11,le ministre,"Cette situation a pris fin. J'ai déterminé les trois compagnies intéressées à passer une convention de partage de trafic,"
1908-12-11,le ministre,"J'en ai ainsi fini, messieurs, avec les questions relatives au matériel de la compagnie du Midi."
1908-12-11,le ministre,"Avant d'indiquer les sanctions que j'ai cru devoir prendre et les mesures que j'ai arrêtées pour éviter le renouvellement de la crise,"
1908-12-11,Bedouce,Voulez-vous depermettre une courte observation ?
1908-12-11,le ministre,Très volontiers.
1908-12-11,Jourde,"Je ne m'inscris pas en faux contre ce que vous dites à propos de M. Maison. M. Maison, que je n'ai pas l'honneur de connaître,"
1908-12-11,MAISON,"que je n'ai pas l'honneur de connaître, est sans doute un fonctionnaire parfait. Mais il y a un fait dont tout le personnel peut témoigner — et surtout les chauffeurs et les mécaniciens — c'est qu'à l'heure présente, pour se faire bien venir les agents de la catégorie à laquelle je fais allusion, les mécaniciens et les chauffeurs, perdent sur leur repos : ils demandent à partir avant que leur repos soit terminé, de manière à éviter de mauvaises notes ou à en mériter de meilleures."
1908-12-11,BERTEAUX,"Sur aucun réseau, à l'heure qu'il est, les conditions de travail des mécaniciens, des chauffeurs et des autres agents du service actif ne sont observées. Il se produit en ce moment des abus scandaleux, qui doivent cesser."
1908-12-11,BEDOUCE,M. Maison n'a qu'à rappeler à l'ordre son personnel.
1908-12-11,LE MINISTRE,"Je ne veux pas passionner ce débat; mais je vais renseigner tout de suite mon ami M. Berteaux, et lui prouver par des actes que, conformément à sa promesse, il ne pourra pas retirer sa confiance au Gouvernement."
1908-12-11,BERTEAUX,"Monsieur le ministre, je viens de recevoir à l'instant une délégation des chauffeurs et des mécaniciens. Il n'y a pas de ma part, croyez-le bien, l'intention de prononcer des paroles comminatoires; mais je vous préviens que les circonstances deviennent graves et qu'il faut enfin quelle Gouvernement obtienne de la commission du Sénat qu'elle aboutisse."
1908-12-11,LE MINISTRE,"Il faut que la proposition de loi réglementant la retraite et les conditions du travail des employés et ouvriers des chemins de fer, votée à l'unanimité par deux fois par la Chambre, devienne enfin une réalité vivante."
1908-12-11,BERTEAUX,"Je ne veux pas, vous l'entendez, qu'on insinue, comme cela a été fait aux chauffeurs et aux mécaniciens dans certaines circonstances récentes, que la Chambre se désintéresse de la loi qu'elle a votée. La Chambre veut que cette loi aboutisse, et elle aboutira, je vous en donne ma parole."
1908-12-11,LE MINISTRE,"M. Maurice Berteaux. Monsieur le ministre, je viens de recevoir à l'instant une délégation des chauffeurs et des mécaniciens. Il n'y a pas de ma part, croyez-le bien, l'intention de prononcer des paroles comminatoires; mais je vous préviens que les circonstances deviennent graves et qu'il faut enfin quelle Gouvernement obtienne de la commission du Sénat qu'elle aboutisse."
1908-12-11,LE MINISTRE,"Au moment où j'ai été interrompu — et je ne me plains pas des interruptions — j'expliquais à la Chambre qu'on avait injustement attaqué un fonctionnaire qui faisait son devoir. Est-ce à dire que bien que le contrôle tout entier, depuis M. Maison jusqu'au plus modeste de ses collaborateurs, exerce la surveillance la plus attentive, il ne peut se produire aucun abus ?"
1908-12-11,BEDOUCE,Non !Cequejaiditnéra1.
1908-12-11,LE MINISTRE,"pas l'homme, mais lecontrôleengéjenBM. le ministre. JevousassurH^,unCaveuxpas établir iciunediscuSsIonàtilies,ractèrer-personnel. Jesaisquevousavezfoiinduit en erreur; jeconnaisvotrebollilefoiap"
1908-12-11,BEDOUCE,"LecontrôlenefnnctioHIiepas.octobreM. le ministre. Aladateduoiocto^J®gdttdernier, le chef duservicedujyiidiu11travailécrivait à lacompagniedu1"
1908-12-11,Mulac,"C'est trop! dites-^Jr M.le ministre. C'est trop, et pourtant cela n'a pas été la coII'et pourtant cela n'a été écv, «"
1908-12-11,Lenoir,Assurément!
1908-12-11,Stre,"Je veux vous donner connaissanced'une, %cttre ou des éléments de la chambre syndicale de l'auc, l'auffeur et des mécaniciens à Borueaux. et des mécaniciens à Bordelon: méditant sur le sujet de l'accident LanO'on «"
1908-12-11,Bed,"UlSsont ceux de mécanicien lonné Unayntétésurmenés, ont occaeA, A identnaître. aae'C'est intéressant à conAI. le ministre parait que bre dOittenrdescas Particuliers, la Chambre de l'itre doit surtout à connaître les insritables pour mettre fin à ces véltf. Bed Usdexploitation. ps Bed° Ucep-malheureusement Il alt spart Iculiers monsieur le miltt. les généralisent.'jurleminiof®m6^°r cedé m'explien*avec une clarté entière, sans passion."
1908-12-11,jurleminiof®m6^°rcede,ur le miltt.lssegénéralisent.
1908-12-11,jurleminiof®m6^°rcede,"'jurleminiof®m6^°rcede m'explien*avecuneclartéentière,sans passion."
1908-12-11,jeliedisPasquecesfaitssoient,"JeliedisPasquecesfaitssoient isolés,mondevoir si, pourémmXoirlaChambre"
1908-12-11,ce,«*îaltss°ntjeprétendais queIrlenttropnomgénéralisés.Ils sont assuréVOUsponombreux.Jesuisd'accord avecVOILISpoury
1908-12-11,Le service du contrôle du travail,"Le service du contrôle du travail a invité la compagnie à prendre les mesures suivantes : augmenter l'effectif du cadre fixe des mécaniciens et des chauffeurs ; réaliser des avancements qui, à l'heure actuelle, sont tout à fait insuffisants ; augmenter et régulariser les primes ; améliorer le combustible ; couper les grands trains de marchandises ; scinder le service de remorque des trains de pèlerins — ici, j'ai un fait qui donne absolument raison à l'honorable M. Sarraut, puisqu'il en résulte qu'il s'est rencontré, au moins pendant l'été dernier, un mécanicien qui a passé peut-être une vingtaine d'heures sans avoir la possibilité de prendre un repos. En outre la, compagnie a été invitée à détendre les roulements, qui sont beaucoup trop serrés, et en particulier à ne plus laisser subsister de journées n'admettant dans la durée du travail qu'un temps de présence tooo réduit pour la préparation du service soit avant le départ, soit après l'arrivée des trains, enfin à organiser un service de réserve."
1908-12-11,J'ai indiqué,"J'ai indiqué à la Chambre l'ensemble de mesures qui ont été prescrites à la compagnie du Midi pour maintenir ou pour ramener dans les limites des règlements le travail des mécaniciens et des chauffeurs, et aussi des mesures que je lui ai prescrites pour améliorer la situation de son personnel."
1908-12-11,La lettre,"La lettre ne se contente pas d'indiquer ces mesures ; elle les précise. Que puis-je affirmer à la Chambre, sinon que j'ai la volonté d'en surveiller l'exécution, d'en exiger l'application et de leur donner une suite ?"
1908-12-11,Et pour résumer,"Et pour résumer mon attitude à l'égard de la compagnie du Midi, pour marquer devant vous dans quel sentiment j'exerce les pouvoirs que je tiens de la volonté du Parlement, je vous demande la permission de vous lire la lettre que j'ai adressée à la compagnie du Midi, à la date du 18 novem-"
1908-12-11,non identifié,"corriger avec une volonté résolue, et qu'on ne tienne compte ni des observations du service du contrôle, ni des plaintes répétées d'une clientèle légitimement mécontente.v« Cette situation ne peut pas se prolonger et je ne saurais admettre que, bénéficiaire d'un monopole et responsable d'un service public, une compagnie de chemins de fer soit aussi fâcheusement inférieure aux obligations qui découlent de son cahier des charges. Il est indispensable et urgent de mettre fin à cet état de choses."
1908-12-11,non identifié,"« M. le directeur du contrôle technique vous a indiqué les diverses améliorations qui lui paraissent promptement nécessaires en ce qui concerne le matériel, les installations et l'organisation générale ; M. le chef de service du contrôle du travail vous a demandé des modifications au service des mécaniciens et chauffeurs. Pour résumer ces observations, faites sur ma demande et avec mon entière approbation, je vous invite :-i« 1° A présenter, dès le commencement de mars 1909, le programme de la marche des trains à partir du 1er juillet ; « 2° A faire connaître, dans le même délai, les mesures de toute nature que vous comptez prendre pour assurer la régularité et la sécurité de l'exploitation, parmi lesquelles devront figurer : « L'augmentation du nombre des machines puissantes pour trains de voyageurs rapides et charges ; « L'amélioration du combustible attribué aux locomotives dès trains qui suivent difficilement leur horaire ; « L'augmentation du nombre des trains de voyageurs sur les parcours les plus chargés ;«Le recrutement en temps utile du personnel supplémentaire pour avoir, lors de la période de fort trafic, un nombre suffisant d'agents expérimentés tant au service de l'exploitation qu'à celui de la traction, avec des cadres renforcés dans certaines gares et sans qu'il soit besoin de continuer à imposer aux équipes, surtout à celles de la traction, des durées de travail véritablement excessives ; « 3° A présenter les projets d'installation du block-system sur les parties ci-après de la ligne de Bordeaux à Cette :«Dans un délai de deux mois pour les sections de Carcassonne à Béziers. « Dans un délai de six mois pour les sections de Montauban à Carcassonne ;«4° A présenter dans le délai d'un mois le projet d'agrandissement de la gare de Lourdes ; « 5° A présenter à bref délai les projets d'agrandissement des gares de Carcassonne, Cette, Toulouse, Béziers, Marmande et Bordeaux."
1908-12-11,non identifié,"« Je tiens essentiellement à ce que l'exécution de ce programme, qui concerne l'avenir, s'opère sans aucun retard. Mais il ne saurait faire obstacle aux mesures qu'il convient de prendre immédiatement pour rétablir la sécurité et la régularité de la circulation."
1908-12-11,non identifié,« Je veux croire que votre compagnie comprendra et secondera ma volonté de remédier à une situation qui est véritablement intolérable.
1908-12-11,non identifié,"Cette lettre me semble' pouvoir se passer de commentaires, et je n'ai rien à y ajouter, car elle me paraît traduire avec une portée suffisante mes intentions et expose nettement les actes que j'ai accomplis en même temps que ceux que j'ai la volonté de réaliser."
1908-12-11,non identifié,A gauche. Où sont les sanctions ?
1908-12-11,non identifié,"M. le ministre. On me demande : Où sont les sanctions? Qu'il s'agisse de l'augmentation du matériel, qu'il s'agisse de l'augmentation du personnel ou de mesures de sécurité comme celles qui consiste dans le développement dublock-system, je ne suis pas dépourvu de moyens d'action ni à l'égard de la compagnie du Midi ni à l'égard des autres compagnies."
1908-12-11,non identifié,"J'entendais dire il y a quelques instants, et on avait tort d'affirmer que peut-être les droits du ministre, des travaux publics ne sont pas suffisants, mais je tiens à dire, pour engager ma responsabilité tout entière, que du moins ils suffisent pour assurer, soit au point de vue du matériel, soit au point de vue du personnel, l'exécution du programme que je viens d'indiquer à la Chambre."
1908-12-11,non identifié,"J'ai la certitude qu'il me sera possible, même si elle ne s'y résignait pas avec une complaisance suffisante, d'obtenir de la compagnie du Midi les améliorations que je lui ai imposées."
1908-12-11,non identifié,"Si d'ailleurs j'avais l'impression que ces moyens d'action ne suffisent pas, que les sanctions inscrites dans la loi ne me permettent pas d'amener la compagnie du Midi à la réalisation des mesures que je lui ai imposées dans l'intérêt public, je serais disposé à aviser et je rechercherai dans quelle mesure et sous quelle forme je peux demander au Parlement de m'armer, contre une compagnie de chemins de fer qui n'assure pas le service public dont elle a le monopole et la responsablilité. (Très bien! très bien!) Mais j'ai la conviction que ce débat suffira à éclairer et à renseigner la, compagnie du Midi. J'ai dit sans passion, sans faiblesse, et, je crois, sans parti pris, quelle était sa situation. Je demande à là Chambre de fortifier la mienne. Je veux que ma lettre ait une suite. La Chambre y aura vu, je l'espère, non pas une affirmation de droits théoriques, mais l'expression de moyens d'action que j'imposerai à la compagnie. Si la collaboration et la confiance du Parlement me donnent une force plus grande, j'espère réussir à mettre fin à cette situation dont je répète qu'elle est véritablement intolérable."
1908-12-11,Emmanuel Brousse,"Messieurs, pour agir et pour réussir, je demande l'approbation de la Chambre. (Vifs applaudissements.) M. le président. La parole est à M. Emmanuel Brousse."
1908-12-11,BROUSSE,"La Chambre y aura vu, je l'espère, non pas une affirmation de droits théoriques, mais l'expression de moyens d'action que j'imposerai à la compagnie. Si la collaboration et la confiance du Parlement me donnent une force plus grande, j'espère réussir à mettre fin à cette situation dont je répète qu'elle est véritablement intolérable."
1908-12-11,BROUSSE,"Messieurs, pour agir et pour réussir, je demande l'approbation de la Chambre. (Vifs applaudissements.) M. le président. La parole est à M. Emmanuel Brousse."
1908-12-11,BROUSSE,"M. Emmanuel Brousse. Messieurs, je ne viens pas contester la légitimité des plaintes qui ont été formulées contre la compagnie du Midi, ni essayer d'en atténuer la portée. Moi-même je me suis associé pleinement, et par mes applaudissements et par toute mon approbation, à la lettre si énergique et si précise qui a été adressée récemment à M. le directeur de la compagnie du Midi par l'honorable ministre des travaux publics dont nous apprécions tous la vigilance et la bonne volonté. En ce qui me concerne personnellement, j'ai, à maintes reprises, formulé des réclamations identiques à celles qui ont été apportées à cette tribune, non seulement auprès de la compagnie du Midi, mais encore auprès de M. le ministre des travaux publics, notamment au sujet de l'insuffisance des gares de Perpignan, de Vinça et d'Ille, du manque de matériel pour le transport des minerais, des retards considérables qui se produiscent, et des tarifs excessifs imposés par la compagnie du Midi, soit pour les vins, soit pour les autres produits du département que j'ai l'honneur de représenter."
1908-12-11,AURIOL,Très bien! Vous avez raison.
1908-12-11,BROUSSE,"On a beaucoup insisté sur des retards considérables, sur l'insuffisance du matériel et du personnel, mais les critiques qui ont, à cet égard, été formulées à cette tribune contre la compagnie du Midi avaient été formulées déjà ici contre les autres réseaux et vous pouvez en avoir la preuve dans le texte même des lettres que M. Barthou, ministre des travaux publics, a adressées au mois de novembre 1906, à la suite de la crise des transports, non seulement à la compagnie du Midi, mais encore à toutes les autres compagnies de chemins de fer."
1908-12-11,BROUSSE,"Les récriminations qui ont été présentées contre la compagnie du Midi s'appliquent aussi bien à l'Ouest, à l'Est, au Paris-LyonMéditerranée, à l'Orléans et à l'Etat. Nous avons entendu notammênt en ce qui concerne l'Orléans, des réclamations très vives exposées par notre honorable collègue M.Betoulle sur l'insuffisance de la gare de Limoges, et par notre honorable collègue M. Benazet sur le mauvais état et l'insuffisance des locomotives."
1908-12-11,BROUSSE,"Je ne parlerai pas de tout ce qui a été dit par de nombreux collègues au sujet de l'exploitation défectueuse de l'Ouest et de l'Etat. Cela montre que la situation fâcheuse que l'on critique avec raison n'est pas particulière au réseau du Midi, mais s'applique à toutes les compagnies de chemins de fer."
1908-12-11,BROUSSE,"Les orateurs qui m'ont précédé ont plus particulièrement fait porter leurs observations sur les retards considérables qui se produiscent sur le réseau du Midi. Mais je crois qu'il faut tenir compte de la situation particulière du réseau du Midi, réseau transversal placé à l'extrémité de la France, et chargé d'assurer les correspondances de cinq grands réseaux, trois réseaux français, le Paris-Lyon-Méditerranée, l'Orléans et l'Etat, et deux réseaux espagnols, le MadridSarragosse-Alicante et le Nord de l'Espagne."
1908-12-11,BROUSSE,"Très souvent, aux gares de correspondance les trains provenant des autres réseaux arrivent avec des retards déjà assez importants, qui se répercutent sur tous les trains de la compagnie du Midi. De là une cause de retards importants, indéniables pour cette compagnie."
1908-12-11,BEDOUCE,"Il y a là une cause d'encombrement constant, perpétuel, analogue à celui qui se produit à Paris sur le réseau de l'Ouest au goulet des Batignolles, précédant la gare Saint-Lazare."
1908-12-11,BROUSSE,"L'honorable M. Bedouce a eu tout à fait raison de signaler qu'à chaque instant, avant leur entrée en gare de Toulouse, la plupart des trains venant de ces directions étaient obligés de s'arrêter pour permettre le passage des trains précédents. Mais nous allons voir, ce qui répondra à une objection formulée par M. Bedouce, que la cause.de cette situation défectueuse n'incombe pas tout entière à la compagnie du Midi et que la ville de Toulouse et ses municipalités ont une grande part de responsabilité dans la non-exécution de travaux si nécessaires, si urgents."
1908-12-11,BROUSSE,"En ce qui concerne lesretars,m-Sarrau*a signalé fort justementleprCJugiCMididudérablecauséauxviticulteursduj^idufait des lenteurs que lacompadgllIevendJJ1à ses transports aumomentdesimputa"
1908-12-11,Bedouce,"on formulée par M. Bedouce, que la cause.de cette situation défectueuse n'incombe pas tout entière à la compagnie du Midi et que la ville de Toulouse et ses municipalités ont une grande part de responsabilité dans la non-exécution de travaux si nécessaires, si urgents."
1908-12-11,Sarrau,"Monsieur le président, je souhaite répondre à cette question."
1908-12-11,Sarrau,"Mais ces retards nes-ontpasdnIidi.bles Mais ces retards ne sont pas dues uniquement au réseau de Perpignan, de la frontière à Stuttgart. Les problèmes se présentent en aussi grande quantité et avec autant de fréquence sur les autres réseaux."
1908-12-11,Brousse,"Jenep&sencemomentdesmeetings, surt;n1ÍIl-je, taires faits en 1902 àl'occasiondes2ra11(,manœuvres des 16, 17e et18eer-LacnUpagnie du Midi a eualorsàfaireeoÙsetrafic considérable aumomentme""ther-produisait l'exode verslessta-parmales des Pyrénées. Les services ont été organisé sans aucune erreur dans la marche des trains -depèlerins;o(Ul'Jichiffre de trente et untrainslan,gUl.jamême ligne, dans ladirection""(:e[te*Toulouse."
1908-12-11,Barthou,"cri.vitauxadministrateursde laInlld,"
1908-12-11,Brousse,"Il y a un an àpeine, en effet, de grandsmeetings ont eu lieu dans le Midi; des mouvements dus à la population sont protransàcernoment; en même temps que des transports sont nécessaires. L'honorable ministre des travaux publics, M. Barthou lui-même, a crié."
1908-12-11,Brousse,"Je vous ai dit Monsieur le ministre, que j'ai déclaré que l'administration de la compagnie du Midi joignait avec raison les conseils de l'administration du Midi."
1908-12-11,BROUSSE,"Je vous ai dit il était urgent M. le ministre, que les fautes commises"
1908-12-11,JOURDE,Ceux de la compagnie d'Orléans ne versent rien!
1908-12-11,BROUSSE,"Monsieur Jourde, vous n'avez pas eu les considérations qui précédaient. La compagnie d'Orléans est, en effet, la seule à ne demander aucun versement à ses agents pour la caisse de retraites, mais son minimum de retraite n'est que de 300 fr., alors que le minimum de retraite à la compagnie du Midi est de 600 fr. Il ne faut pas l'oublier."
1908-12-11,JAURÈS,Ils'agit de la pension minimum?
1908-12-11,BROUSSE,Oui.
1908-12-11,JAURÈS,Quelle est la moyenne?
1908-12-11,IDI,"celle qui consent le plus d'avantages à son petit personnel. Alors que la pension « normale»est de 100 fr. sur le Nord, réseau réputé le plus riche, de 300 fr. sur l'Orléans, de 360 fr. sur l'Etat, de 500 fr. sur l'Ouest, de 450 à 600 fr. sur l'Est, elle est de 600 fr. sur le réseau du MidL"
1908-12-11,JAURès,M. Jaurès. Ils'agit de la pension minU mum?
1908-12-11,"BROUSSE, EMANUEL",Oui.
1908-12-11,JAURès,Quelle est la moyenne?
1908-12-11,"BROUSSE, EMANUEL","Je vais y venir, mon cher collègue. Je ne puis pas tout dire à la fois."
1908-12-11,JOURDE,Dites pourquoi?
1908-12-11,"SARRAUT, ALBERT","Nous nous expliquerons un jour sur cette situation qui, pour le moment, n'est pas en jeu. Nous aurons à dire des choses très intéressantes, précisément sur ce versement de 16 p. 100."
1908-12-11,"BROUSSE, EMANUEL",J'extrais ces chiffres du rapport de M. Aimond.
1908-12-11,JOURDE,"Si la compagnie du Midi verse autant, c'est parce qu'elle ne payait rien au début, quand elle a créé les retraites pour ses agents. Ses agents ont versé dès le premier jour; en ce moment, la compagnie du Midi doit regagner le temps perdu."
1908-12-11,"BROUSSE, EMANUEL",La compagnie du Nord est dans le même cas. Lisez le rapport de M. Aimond; la compagnie du Nord a versé 11 millions et demi en 1907 pour diminuer l'arriéré.
1908-12-11,PELISSe,"Sauf quand il y a, comme en ce moment, pression de la part de l'administration."
1908-12-11,"BROUSSE, EMANUEL",ou d'administration (Etat). (Très bien! très bien! au centre. )
1908-12-11,"SARRAUT, ALBERT","Si nous examinons maintenant, pour l'exercice 1907, l'ensemble des sacrifices consentis par les grandes compagnies en faveur des caisses de retraites et de prévoyance établies par elles, nous constatons encore que c'est la compagnie du Midi qui fait les sacrifices de beaucoup les plus considérables pour son personnel."
1908-12-11,"SARRAUT, ALBERT","Je parlais, tout à l'heure, des versements importants faits par la compagnie du Nord; le réseau du Nord a un pourcentage plus grand, il vèrse 8.50 p. 100 du produit brut et 16 p. 100 du produit net."
1908-12-11,"SARRAUT, ALBERT","Mais ce pourcentage élevé ne porte pas, puisqu'il tient à des causes passagères que M. Aimond explique en ces termes :uOn remarquera avec surprise que la compagnie du Nord figure ici avec un coefficient de participation très élevé, le plus élevé de tous, alors que, dans le tableau précédent, elle reste bien en dessous des autres compagnies en ce qui concerne la pension moyenne allouée aux agents. Cela tientà-ce que, depuis quelques années, cette compagnie a dû verser à la caisse des retraites qu'elle gère des allocations supplémentaires, qui se sont élevées, en particulicrn 1907, à la somme de 11 millions et demi, de façon à constituer un capital de réserve correspondant aux engagements de cette caisse : le rapport aux actionnaires avoue qu'il faudra encore 40 millions avant que cette correspondance soit établie."
1908-12-11,"BROUSSE, EMANUEL","La compagnie du Midi verse 6.5 p. 100 sur le produit brut et 12.5 sur le produit net, l'Est ne verse que 5 et 12; l'Ouest 4 et 11, le Paris-Lyon-Méditerranée 4 et 10, l'Orléans 3.8 p. 100 sur le produit brut et 7 p. 100 sur le produit net, presque la moitié moins que la compagnie du Midi."
1908-12-11,"BROUSSE, EMANUEL","L'a compagnie du Midi a versé en 1907 à la caisse des retraites de ses agents 5,598,002 fr."
1908-12-11,"BROUSSE, EMANUEL","findit aussi que le haut personnel est favorisé d'une façon scandaleuse au détriment des petits agents. Là encore, les chiffres démontrent le contraire."
1908-12-11,"SARRAUT, ALBERT",C'est un point sur lequel nous nous expliquerons.
1908-12-11,Albert Sarraut,C'est un point sur lequel nous nous expliquerons.
1908-12-11,Emmanuel Brousse,"Par contre, les gratifications et primes pour le petit personnel étaient de 1,988,068 fr. en 1905, de 2,103,551 fr. en 1906, de 2,252,693 fr. en 1907, sans compter 5,598,002 fr. versés à la caisse des retraites."
1908-12-11,Albert Sarraut,Elle l'exploite d'une façon scandaleuse.
1908-12-11,Emmanuel Brousse,"Pour comparer la situation des employés de la compagnie du Midi et celle des agents de l'Etat, nous parlerons des primes dont il était question tout à l'heure."
1908-12-11,Emmanuel Brousse,"Nous voyons que, pour la caisse de prévoyance, moyennant une retenue infime de 2 p. 100, les agents reçoivent les frais médicaux et pharmaceutiques et d'autres avantages accessoires. La compagnie verse à la caisse de prévoyance une somme égale à 1. 05 p. 100 du traitement de ce personnel."
1908-12-11,Emmanuel Brousse,"Je ne crois pas que, sur son réseau, l'Etat fasse des sacrifices analogues."
1908-12-11,Emmanuel Brousse,"En ce qui concerne les retraites, je le disais tout à l'heure, la compagnie du Midi ne prélève que 3 p. 100 du traitement, alors que l'Etat prélève 5 p. 100."
1908-12-11,Emmanuel Brousse,Les allocations pour cherté de vie sont accordées aux deux tiers du personnel ; il n'y a pas d'allocation semblable sur le réseau de l'Etat.
1908-12-11,Emmanuel Brousse,Les hommes d'équipe très bien notés et chargés de services spéciaux reçoivent une prime de 20 à 50 fr. ; cette prime est également allouée sur le réseau de l'Etat.
1908-12-11,Emmanuel Brousse,"Pour les charges de famille dont il a été question si souvent pendant la discussion du budget, tout homme d'équipe de la compagnie get, Midi ayant plus de trois personnes à sa charge touche 5 fr. par mois pour chaque personne, à partir de la quatrième inclusivement. Voilà un excellent exemple à imiter."
1908-12-11,Emmanuel Brousse,Je ne sache pas que sur le réseau de l'Etat les agents jouissent d'avantages analogues.
1908-12-11,Emmanuel Brousse,Il est accordé 5 p. 100 de son traitement à tout homme d'équipe affecté au service de la manœuvre des machines pendant plus de cinq heures par jour ; cette prime est portée à 10 p. 100 pour les hommes d'équipe affectés en permanence à ce service.
1908-12-11,Emmanuel Brousse,"Les hommes d'équipe chargés d'un service temporaire d'aiguillage reçoivent, tous les quatre mois, une prime égale au tiers de leur traitement mensuel. Il n'existe pas d'avantage analogue sur le réseau de l'Etat."
1908-12-11,Dubois,Et cela justifie vingt ou trente heures consécutives de services ou le retard des trains ?
1908-12-11,Emmanuel Brousse,"Ceci va vous intéresser, mon cher collègue, vous qui êtes mécanicien."
1908-12-11,Emmanuel Brousse,"En ce qui concerne les mécaniciens et les chauffeurs — je tire les renseignements du Journal de la fédération des mécaniciens et chauffeurs — nous voyons que, sur le Midi, la moyenne du traitement est de 3,591 fr. ;"
1908-12-11,Emmanuel Brousse,"elle est sur l'Etat de 3,431 fr., sur l'Ouest de 3,360 fr., sur l'Orléans de 3,349 fr."
1908-12-11,Emmanuel Brousse,"Si nous passons aux chauffeurs titulaires, nous voyons que le maximum est atteint par la compagnie du Midi; même avantage pour les traitements moyens qui sont, pour le Midi de 2,222 fr., pour l'Etat de 2,133 fr., pour l'Ouest de 2,080 fr., pour l'Orléans de 2,082 fr."
1908-12-11,Emmanuel Brousse,"Pour la moyenne des émoluments de toute nature reçus en 1906 par les mécaniciens et chauffeurs, nous voyons que le Midi 'arrive en troisième ligne après le Paris-Lyon-Méditerranée et l'Etat, tandis que les réseaux de l'Ouest, de l'Etat, du Nord et de l'Orléans viennent ensuite."
1908-12-11,Emmanuel Brousse,"En ce qui concerne la prime payée aux mécaniciens, dont il a été parlé l'autre jour, elle est passée sur le réseau du Midi de 4 centimes par kilomètre de train en 1906 à 4 centimes 3 en 1907 et à 4 centimes 4 pour les neuf premiers mois de 1908."
1908-12-11,Albert Sarraut,Elle n'est jamais touchée.
1908-12-11,Emmanuel Brousse,"Cette augmentation représente pour la compagnie un sur-croît de dépenses de 127,000 fr."
1908-12-11,Jourde,"Et les amendes Pour compensent, et au delà, cettedépense,"
1908-12-11,Emmanuel Brousse,"Onaulitou, avait augmenté considérablement n'petitdes chefs et diminué lenombredesl'aIl"
1908-12-11,Bedouce,C'est pour ce que le peuple est obligé de travailler treize heures.
1908-12-11,Emmanuel Brousse,"Je ne juge pas l'augmentation suffisante, mais je constate le fait."
1908-12-11,Albert Sarraut,Alors il y a des interviews?
1908-12-11,Brousse,Vous avez cité le nombre de wagons.
1908-12-11,Sarraut,Savez-vous quel est le nombre de wagons de la compagnie du Midi?
1908-12-11,Brousse,"Je n'ai donné aucun chiffre, mais je ne peux pas expliquer."
1908-12-11,Bedouce,"En sept années, de 1900 à 1908, l'augmentation des recettes sur le réseau du Midi n'a été que de 1.96 p. 100 P."
1908-12-11,Brousse,"En 1907 à 1908, en une seule année, l'augmentation de recettes est de 7.50 p. 100 P."
1908-12-11,Bedouce,"En août 1908, on avait 18,460 tonnes, capacité de plus qu'en 1900."
1908-12-11,Albert Sarraut,Alors il y a eu une crise dont vous connaissez.
1908-12-11,Brousse,La compagnie du Midi n'a pas pris de mesure pour augmenter le service.
1908-12-11,Bedouce,"Oui, on se fait applaudir en parlant contre elle."
1908-12-11,Brousse,Je la vois dans mon arrondissement. Je constate qu'elle fait dans l'intérêt des nations.
1908-12-11,Bedouce,"Dans toutes les catastrophes, elle est défendable."
1908-12-11,Brousse,Je voudrais tout de même parler du matériel.
1908-12-11,Bedouce,On a reproché à la compagnie du Midi d'avoir fait du matériel étranger.
1908-12-11,Sarraut,Dont se plaignent-M:
1908-12-11,Brousse,Je la vois à Toulouse.
1908-12-11,Bedouce,"Au sujet des wagons à voyageurs, voici ce que dit M. Moffre lui-même dans l'interview publiée ce matin par le Petit Parisien :«En ce qui touche le service des voyageurs, c'est vers l'amélioration des voitures de 3e classe que nous avons porté surtout nos efforts. Nous avons été les premiers à faire circuler, dans les grands rapides, des voitures de toutes classes. Nos voitures de 3e classe à couloirs sont plus nombreuses que sur les réseaux de l'Etat, de l'Ouest, de l'Orléans et du Nord. »"
1908-12-11,Auriol,C'est parfaitement exact.
1908-12-11,Brousse,"Depuis 1899, alors que nous n'avons fait construire que 8 nouvelles voitures de 1re et 53 de 2e classe nous avons mis en service 234 voitures nouvelles de 3e classe des plus confortables."
1908-12-11,Brousse,J'arrive à la question des gares.
1908-12-11,Bedouce,Cela n'empêchait pas la compagnie du Midi de quadrupler la voie.
1908-12-11,Emmanuel Brousse,"Si, car vous savez que les deux opérations sont liées et , que l'on ne peut pas faire l'une sans faire l'autre."
1908-12-11,Bedouce,Pas du tout ! On n'a pas encore présenté de plan au ministre.
1908-12-11,Emmanuel Brousse,"M. le ministre vous a dit qu'on était enfin arrivé avec la nouvelle municipalité, qui ne perd plus les lettres, à un accord définitif."
1908-12-11,Hausser,"Le 14 novembre 1908, M. Hausser, ingénieur en chef de la voie, rappelle l'affaire à M. le directeur de l'agriculture qui, le 21 novembre 1908, répond que le ministre de l'agriculture a accepté le déplacement de l'école vétérinaire et que l'affaire sera traitée par le ministre des finances. L'accord est complet à cette heure. Des ordres ont été donnés à l'entrepreneur; je crois que les travaux sont déjà commencés."
1908-12-11,Lasies,Cela n'irait pas trop mal si l'on arrivait à l'heure et si l'on ne déraillait pas.
1908-12-11,Emmanuel Brousse,"En ce qui concerne le block-system on a mis beaucoup de temps à l'appliquer sur le réseau du Midi, mais c'est parce qu'on a voulu avoir un appareil perfectionné qui ne présentât pas les inconvénients des appareils à main utilisés sur les autres réseaux. On va employer un appareil très perfectionné, mû automatiquement par l'électricité grâce aux recherches et études du jeune et distingué ingénieur en chef de la compagnie, adjoint au directeur, M. Paul, dont la valeur et l'esprit d'initiative sont très appréciés."
1908-12-11,Bedouce,"On va employer un appareil très perfectionné, mû automatiquement par l'électricité grâce aux recherches et études du jeune et distingué ingénieur en chef de la compagnie, adjoint au directeur, M. Paul, dont la valeur et l'esprit d'initiative sont très appréciés."
1908-12-11,Bedouce,"La compagnie ne se charge pas de l'exploitation de cette seule ligne électrique; il y a très peu de temps, vous l'avez chargée de l'exploitation de diverses lignes électriques dans les Basses-Pyrénées et dans les Hautes-Pyrénées ; la compagnie ne se bornera pas seulement à exploiter les lignes qui lui ont été concédées, elle se propose, comme l'a dit tout à l'heure l'honorable M. Bedouce, de procéder à l'électrification des grandes lignes, ce qui rendra d'immenses services aux populations des départements pyrénéens, Les retards seront alors moins considérables, la marche des trains plus rapide et moins coûteuse."
1908-12-11,Emmanuel Brousse,Je l'ai dit en commençant. Je me suis associé à vos sentiments et à ceux exprimés par M. Sarraut.
1908-12-11,Balitrand,"J'avais à appeler sur plusieurs points l'attention de la Chambre ; mais les orateurs précédents ont dit beaucoup mieux que je ne saurais le faire la plupart de ce que j'avais à dire ; et, d'autre part, les énergiques déclarations de M. le ministre m'ont par avance donné satisfaction."
1908-12-11,Balitrand,"Il ne me reste plus qu'à signaler un point particulier, mais qui touche de très près aux intérêts du commerce de la région que je représente et qui apportera en même temps une contribution utile au tableau qui a été tracé par mes collègues des procédés d'exploitation de la compagnie du Midi."
1908-12-11,CI,"Aucune restriction semblable n'a été prévue lors de l'établissement des quais, qui doivent dès lors être considérés comme affectés aux expéditions dont la manutention est effectuée aussi bien par le public que par la compagnie. Il ne saurait donc être question de retirer au public la faculté de se servir des quais pour la manutention des marchandises."
1908-12-11,Vous,"Je vous invite donc, tout en laissant au commerce l'usage de vos quais, à cesser immédiatement de percevoir aucune taxe ou redevance."
1908-12-11,Naturellement,"Vous voyez, dès maintenant, messieurs, que nous sommes complètement d'accord avec M. le ministre sur la question de droit."
1908-12-11,Compagnie,"Elle fit une réponse d'une ironie vraiment charmante ; elle dit au ministre : « Vous prétendez que la taxe est illégale ; soit, nous ne la percevrons plus ; mais à partir d'aujourd'hui, nous refuserons d'une manière complète aux commerçants intéressés l'accès des quais d'embarquement. »"
1908-12-11,Il,C'est ce qui fut fait.
1908-12-11,Nous,"Il faut convenir que c'était là une véritable dérision, puisqu'à une taxe qui était illégale, mais qui tout au moins n'était pas prohibitive, on substituait une interdiction totale qui équivalait — et c'est ici que j'appelle l'attention de la Chambre — à l'impossibilité complète pour certains commerçants d'exercer leur commerce."
1908-12-11,Nous,"Les réclamations redoublèrent. J'en avais été saisi par divers commerçants de la région intéressée et l'année dernière, à l'occasion de la discussion du budget des conventions, je les avais apportées à la tribune. Mais auparavant j'en avais saisi M. le ministre des travaux publics, et voici la réponse qu'il voulut bien me faire le 12 novembre 1907 : « Vous avez bien voulu signaler à toute mon attention des réclamations de certains commerçants de Millau, concernant le refus, par la compagnie du Midi, de laisser aux expéditeurs l'accès des quais de certaines gares, pour effectuer les opérations de manutention qui incombent au commerce. « Ainsi que le rappellent les intéressés^ mon administrationavaitinvité^Ci)IIIFgnie, par dépêche du 10lUVtnbe190Ô1cesser de percevoir toutetaxeoUreesgaresà raison de l'usage desquaisdetsesgafpar les expéditeurs pourlamanutielltionmarchandises.u'elIcnlai=« La compagnie m'afaitconnaîtrenlaÍ5se conformait à cetteprescrIptlonàl'aYc:elle a émis la prétentionderefuseri'qlllnir aux intéressésl'usagedesqauais,î111jaseraient,d'après elle,exc1usivel11OI1I1éeStinés aux marchandisesmanuteni"
1908-12-11,Compagnie,"elle a émis la prétentionderefuseri'qlllnir aux intéressésl'usagedesqauais,î111jaseraient,d'après elle,exc1usivel11OI1I1éeStinés aux marchandisesmanuteni"
1908-12-11,Mon administration,"afaitt,o..1fVeràcompagnie qu'unesemblablePréteiltioaétait inadmissible ; car lerefusd,tisagedesquais découvertséquivaudraitàLbilité absolue de lapartdesexplbeau'd'effectuer leurschargementsdiliscoup de cas, notammentpourlesaili.ll~let voitures, pour lespierresdetaIldeplLces de bois, en l'absenced'appare-vage, et pour toutes lesmarchandIsdnperlemauvais état des voiesdedéboreSper,met pas aux voituriersd'approcherd"
1908-12-11,J'ai,"en conséquence,réitéréaladernier,gnie, par dépêche du18octobrernefCCl'invitation formelle delaisseraucamquandle libre accès des quaisdécouverts,"
1908-12-11,Vous,"vous êtes trompé,monsieur10m1'nistre.115siLesdifficultés que jeviensdevfinuéeslieesgnaler non seulementsesonteOlitillliéesmais se sontconsidérablementaoër1avtK15,et,pour vous en donnerunexempleeqLltJsuffit de vous indiquer cefait61qitfcertains commerçants sesonttroU'ffectUCfl'impossibilité complètedefaireaffectif1°10leurs transports, à cepoint,monsIlcnt,;1ministre, que lun d'entreeux,notaiaf-dû fermer ses chantiers,suspenargessarlfaires dans toute unerégionetliceng0npersonnel,J'ai notamment ici unelettredonttécritOvous lire quelqueslignes;elleestn'ilpar un commerçant quivavousdireaucesser son commerceparceque0111,pagnie du Midi refuse deluilaIsserditcCporter ses marchandises.Voicicequeditcecommerçant : « Le21nove-mbre1907,j'airOÇ"
1908-12-11,Le,"Le21nove-mbre1907,j'airOÇ""ladécisiondeM.leministrequevousavcZsionbienvoulu m'envoyer, et jevousrelliercl.eti.coup de votredévouementpourilol«La compagnie netientaucunc011ii)ft?jusqu'àprésent, de cettedécision,etinue à me refuser l'accèsdes<ï~6ial« Avant-hier encore, lerefusI?a(LOZèfC
par M. le chef de gare deBalsieges(Lozerc,,où j'ai environ sixwagonsdebo.gS}er<-Hdier. J'ai fait constater lefaitparhUÙjoins à ma lettre unecopiede1eVFcO0«J'ai été obligé desuspendren&■merce dans cetterégionouJdfa-tdesachats importants, ce quimeniejaIlsi111gêne considérable.»raisen1"
1908-12-11,Lorsque,Lorsque j'ai signalécefaitln
1908-12-11,Je,J'enfournislaprChambre.antdO.
1908-12-11,Phsse,"Il s'agit, dites-vous, d'une Atérahndelachambrede commerce?"
1908-12-11,cr^u?,"'fialitra^fr""Hn111>dela chambre deamercequi, parsacomposition, ne peut être àaucundegréd'hostilitésYstésusneà, aucundegré d'hostilitéMidiIrlahqueàl'égarddela compagnie duSce':Pelise.VoilàprécisémentpourquoiJttlfestationestsignificative."
1908-12-11,rationtrand,"Elleadoncpris ladélibéSUIVante: donnelecturede quatreleÜreprésidentdonnelècturedequatreMn/0S6nianlaTmi-®dlverscommerçants deesmuUinLiettressignalentà la chamquelaUltlPlesinconvénientsque provo(luelaréernesureprisepar la compagnipcf^iclii?i0?rd,lsantl'accèsdes quaisûimdetoutesortepour lechargerésumelerapporteurdemandela parole; illedommeurdemandelaparole; ilC?nstruc{lennejustifie, puisquelors de lasurSrien?Jllsti, Cie>aucunerestrictionIllaétéfaiteselllernealeàleursujetet qu elle VIentclnsion8td'êtrepriseparleMidi, àl'ex-seniû^aiteàcompagnies."
1908-12-11,lescharessortirquecertainesmatières,"Véritablons,, Prexemple, subissent unePOidsedéerlOrationetune perte dedévelaSUItedesPOÜssièresenvolées oubereauPesparledéchargementdes tomhereetunlongetpéniblechargement«D'éPUiséutresmatières, tels que les tansPendantledéchetsdetannerie, répandent, Pendant1Jedéchargementetle rechargeuneodeaPlIeimposéparla compagnie, geurs0UrqUIpeutincommoderles voyageursoulesgersonneshabitantà proximitédesgares,-deplus,-leurprixdeventeesttelleSmntmInIme(souventinféPieuràceluidutansport)>queipcimpOSéeport), que1eRfraisde manutentioncertainscaslaCompagnie, Suppriment enPerte0saventecesdéchets, d'oùPertePourlefabrictIltetpourla compagnie«Enfin1d'unemanièregénérale, cette mesure es. préjudiciable à la compagnie, car elle immobilise pendant longtemps un matériel déjà insuffisant, en quadruplant le temps nécessaire au chargement des wagons."
1908-12-11,Un fait cité par l'un des intéressés,prouve l'arbitraire absolu d'une mesure que les inspecteurs de la compagnie mettent un acharnement inexplicable à faire appliquer.
1908-12-11,Cet industriel,"fit monter ses charrettes sur le quai, malgré l'injonction formelle de l'inspecteur; celui-ci,ne pouvant verbaliser, donna l'ordre d'éloigner les wagons du quai, afin que l'intéressé, s'il les manœuvrait pour les en approcher, donnât prise à un procès-verbal."
1908-12-11,Ce fait seul,prouve le manque de sanction existant à l'égard d'une mesure qu'on ne peut que qualifier de vexatoire.
1908-12-11,La chambre approuve l'exposé de son rapporteur,"et décide à l'unanimité qu'il sera communiqué aux pouvoirs publics et aux représentants de la population intéressée, pour faire rapporter une décision absolument préjudiciable aux intérêts du public et à ceux de la compagnie."
1908-12-11,Il faut que cette situation prenne fin.,"Jusqu'ici les réclamations des intéressés, les vœux des chambres de commerce, les injonctions du Gouvernement ont été dédaigneusement repoussées par la compagnie. Il s'agit de savoir si elle se dérobera de la même façon à la volonté de la Chambre et c'est pourquoi j'ai déposé un ordre du jour qui lui permettra de l'exprimer."
1908-12-11,LE PRESIDENT,Il faut que cette situation prenne fin.
1908-12-11,LE MINISTRE DES TRAVAUX PUBLFFCS,"Je suis déjà intervenu sur le désir pressant de M. Balitrand. A la suite des faits qu'il vient d'exposer, j'interviendrai de. nouveau très énergiquement auprès de la compagnie du Midi."
1908-12-11,BOUYSSOU,"J'ai peu de chose à ajouter au formidable réquisitoire qui a été dressé par les précédents orateurs contre la compagnie du Midi ; mais je représente une région desservie par des filiales de la compagnie du Midi, où les abus se produisent peut-être en plus grand nombre encore que sur les grandes lignes, et c'est sur ces abus que je voudrais appeler l'attention de M. le ministre des travaux publics et de la Chambre."
1908-12-11,LE PRESIDENT,La parole est à M.'Bouvssou.
1908-12-11,BOUYSSOU,"Je tiens à attirer votre attention, monsieur le ministre, sur la situation des agents de cette compagnie."
1908-12-11,président,La parole est à M. Sarraut.
1908-12-11,Sarraut,"Je demande la permission de faire à la Chambre une simple et courte déclaration qu'elle accueillera, jepense,avec satisfaction ; c'est que je repense, à l'interpellation prochaine de mon porte collègue et ami M. Sénac, qui vise aussi la gestion générale de la compagnie du Midi, les observations que j'avais à présenter à la suite tant des déclarations de M. le ministre des travaux publics que de celles de certains de nos collègues.
J'aurai notamment les réserves les plus formelles et les plus expresses à faire sur les affirmations apportées tout à l'heure à la tribune par notre collège M. Brousse. Je tiens essentiellement à faire la Chambre juge du procédé qui consiste, de la part de la compagnie du Midi, à alléguer qu'elle favorise son petit personnel en le faisant bénéficier du système des primes. J'ai à cœur d'apporter ici la démonstration que toute la mauvaise organisation de la compagnie du Midi gravite autour de ce système scandaleux des primes, dont le résultat est de disperser sur le petit personnel, le plus méritant, le plus courageux, le plus dévoué, une poussière de gratifications dérisoires, alors que ceux qui sont véritablement responsables de toutes les catastrophes qui se sont produites depuis plusieurs mois encaissent des centaines de mille francs. (Applaudissements à Vextrême gauche et sur divers bancs à gauche.) Je ne veux pas que cette démonstration soit étrangère à la fin d'un débat qui se produit à une heure tardive. Je me réserve donc de l'apporter lorsque l'interpellation de notre collègue M. Sénac m'en fournira

Pour aujourd'hui, je veux simplement remercier M. le ministre des travaux publics des déclarations qu'il a bien voulu formuler tout à l'heure à la tribune en réponse à mon interpellation. Je résumerai mon sentiment d'un mot : M. le ministre a été beaucoup plus sévère que moi pour la compagnie du Midi. J'ai la conviction qu'il ne se bornera pas à des paroles ; j'ai confiance en sa fermeté, et je suis persuadé qu'il tiendra à sanctionner par des actes énergiques les observations qu'il a formulées. (Très bien ! très bien!)

M. le président. La parole est à M. Bedouce."
1908-12-11,Bedouce,"L'incident dont M. Brousse a essayé de tirer parti en ce qui concerne les retards de la gare de Toulouse n'a aucune portée. De la parole même de M. le ministre, que personne ne saurait mettre en doute, il résulte que les plans des aménagements nécessaires pour l'amélioration de cette gare ne lui ont pas encore été soumis, puisqu'il les réclame à la compagnie.
En ce qui concerne le personnel, je me borne à dire que le personnel féminin employé par la compagnie du Midi est payé 30ïr.par mois, alors que le même personnel sur le réseau de l'Etat gagne 1,200 fr. par an.
J'ai déposé un ordre du jour et je me réserve, comme mon collègue M. Sarraut, d'intervenir dans l'interpellation de M. Sénac sur la catastrophe de Grisolles."
1908-12-11,président,Personne ne demande plus la parole ?
1908-12-11,président,La discussion générale est close.
1908-12-11,président,Je suis saisi de cinq ordres du jour motivés pour chacun desquels la priorité a été demandée dans l'ordre où je vais en donner lecture.
1908-12-11,Sauzède,"La Chambre, confiante dans le Gouvernement pour exiger de la compagnie du Midi l'accomplissement sans délai de toutes les mesures nécessaires pour assurer la sécurité publique et la régularité des transports, passe à l'ordre du jour."
1908-12-11,Lasies,"La Chambre invite le Gouvernement à mettre la compagnie du Midi en demeure de se pourvoir du matériel et personnel exigés par le cahier des charges, et passe à l'ordre du jour"
1908-12-11,Thierry-Cazes,"La Chambre, résolue à exiger un changement complet dans les méthodes d'administration de la compagnie du Midi,
Considérant que la gare du réseau du Midi la plus rapprochée de Paris en est à 588 kilomètres et qu'il faut de douze à quinze heures pour se rendre de Paris aux grandes gares du réseau du Midi situées sur la ligne de Bayonne à Toulouse ou sur la ligne de Cette au delà de Toulouse ;
Considérant que, depuis une quinzaine d'années, tous les services centraux de la compagnie, autrefois installés à Bordeaux, ont été transférés à Paris ;
Que cet éloignement empêche les chefs de service d'exercer sur les affaires de leur ressort une action permanente, continue et personnelle ;
Que, notamment, cette situation a pour conséquence de rendre beaucoup plus difficiles, plus rares et moins efficaces les tournées desdits chefs de service sur le réseau;
Décide qu'elle se refusera à inscrire au budget les sommes à verser à la compagnie du Midi à titre d'avance pour garantie d'intérêts, et plus généralement à examiner les affaires intéressant la compagnie du Midi, qui pourront lui être soumises;
Tant que les grands services centraux de la voie, du matériel, de la traction et de l'exploitation n'auront pas été transférés, soit à Bordeaux, soit, de préférence, à Toulouse, centre du réseau ;
Compte sur la fermeté de M. le ministre des travaux publics pour décider M. le directeur et M. le président du conseil d'administration de la compagnie à accepter cette réforme nécessaire qui sera un retour à la logique et au bon sens, et dont la compagnie sera la première à recueillir les bénéfices."
1908-12-11,Mestainsi,"G(
'er« La Chambre, confiant dans l'inéligibilité pour imposer à la compagnie du Midi l'exécution de ses obligations qui concernent tant la sécurité des voies qu'il faut de fibre le transport des marchandises, passe à l'ordre du jour."
1908-12-11,Boulle,"La Chambre, considérant que l'incident dont M. Brousse a essayé de tirer parti en ce qui concerne les retards de la gare de Toulouse n'a aucune portée.
De la parole même de M. le ministre, que personne ne saurait mettre en doute, il résulte que les plans des aménagements nécessaires pour l'amélioration de cette gare ne lui ont pas encore été soumis, puisqu'il les réclame à la compagnie.
En ce qui concerne le personnel, je me borne à dire que le personnel féminin employé par la compagnie du Midi est payé 30ïr.par mois, alors que le même personnel sur le réseau de l'Etat gagne 1,200 fr. par an.
J'ai déposé un ordre du jour et je me réserve, comme mon collègue M. Sarraut, d'intervenir dans l'interpellation de M. Sénac sur la catastrophe de Grisolles."
1908-12-11,Allemane,"La Chambre, considérant que l'incident dont M. Brousse a essayé de tirer parti en ce qui concerne les retards de la gare de Toulouse n'a aucune portée.
De la parole même de M. le ministre, que personne ne saurait mettre en doute, il résulte que les plans des aménagements nécessaires pour l'amélioration de cette gare ne lui ont pas encore été soumis, puisqu'il les réclame à la compagnie.
En ce qui concerne le personnel, je me borne à dire que le personnel féminin employé par la compagnie du Midi est payé 30ïr.par mois, alors que le même personnel sur le réseau de l'Etat gagne 1,200 fr. par an.
J'ai déposé un ordre du jour et je me réserve, comme mon collègue M. Sarraut, d'intervenir dans l'interpellation de M. Sénac sur la catastrophe de Grisolles."
1908-12-11,le président,"Il n'y a pas lieu de fixer à jeudi. Si, par impossible, le débat sur l'artillerie ne prenait pas toute la séance de mardi."
1908-12-11,Jaurès,"Ne me découragez pas, monsieur Jaurès."
1908-12-11,Jaurès,Ce qui est impossible c'est que ce débat ne prenne que la séance de mardi !
1908-12-11,"Maurice Berteaux, président de la commission de l'armée",La discussion du projet relatif à l'artillerie prendra certainement les séances de mardi et de jeudi.
1908-12-11,le ministre des travaux publics,Quel inconvénient voit-on à ce que le projet concernant la convention de l'Ouenza soit inscrit immédiatement après le projet 'relatif à l'artillerie?'
1908-12-11,Maurice Allard,"Et l'mpôtsur.le revenu? (Mouvements divers.) Vous vous rappelez, messieurs, dans quelles conditions le projet dont on demande l'inscription a été ajourné par la Chambre."
1908-12-11,Nous,"Nous demandons qu'on attende, avant de le discuter, que l'on ait examiné les questions actuellement pendantes devant la Chambre, qui sont autrement intéressantes que cette concession donnée à une compagnie financière dans laquelle se trouve M. Krupp.Nous demandons que les questions inscrites à à l'ordre du jour soient examinées avant celle-là."
1908-12-11,le ministre de l'agriculture,Je demande la permission d'ajouter un mot.
1908-12-11,Allard peut être convaincu que s'il s'agissait uniquement d'une concession à une compagnie financière le Gouvernement ne serait pas en ce moment à la tribune pour la défendre. Le débat est àutre et se lie intimement au développement de la richesse de* notre plus belle colonie.,Mais cependant.
1908-12-11,le ministre de l'agriculture,"Je vous demande pardon ! La concession dont il s'agit a été examinée successivement par deux hommes qui sont, je puis1erdire, l'honneur de ce pays, M. Revoil et M. Jonnart. (Très bien! très bien!) Ils ont reçu l'approbation sans réserve des conseils autorisés de l'Algérie."
1908-12-11,Jaurès,Et cependant.
1908-12-11,le ministre de l'agriculture,"Il est absolument indispensable que l'Algérie sorte de l'incertitude. (Très bien! très bien!) Il s'agit de savoir si l'on veut, oui ou non, accorder cette concession. Le Parlement est libre; la discussion sera complet soyez-en certain, et le débat prendra, grâceàM. Jonnart, toute son ampleur. (Très bien ! très bien 1) - -. - Dans ces conditions, au nom du Gouvernement, je demande instamment rinscrip- tion de cette discussion aussitôt après l'exa- men du projet de réorganisation de l'artillerie."
1908-12-11,Maurice Allard,"Nous demandons le maintien de l'ordre du jour, et je dépose une demande de scrutin."
1908-12-11,"Georges Clemenceau, président du conseil, ministre de l'intérieur",Comment pourra-t-on discuter ici l'impôt sur le revenu pendant que M. le ministre des finances sera au Sénat?
1908-12-11,Maurice Allard,"Nous pourrions discuter le projet de loi sur les conseils de guerre, monsieur le président du conseil."
1908-12-11,"Camille Pelletan, président de la commission de la législation fiscale",Il est bien entendu que la séance de lundi reste consacrée à l'impôt sur le revenu ?
1908-12-11,le président,Insiste-t-on pour le maintien de l'ordre du jour ? (Non! non!) M. Sénac. Je demande que la discussion de mon interpellation sur.la catastrophe de Grisolles reste fixée à vendredi prochain.
1908-12-11,le président,"C'est entendu, monsieur Sénac.11n'est touché en rien à votre droit."
1908-12-11,president,Il n'y a pas d'observation ?
1908-12-11,president,L'ordre du jour est ainsi fixé.
1908-12-11,president. J'ai reçu de M. le ministre des finances,un projet de loi autorisant la perception d'une surtaxe sur l'alcool à l'octroi de Mortagne (Orne).
1908-12-11,president,"Le projet de loi sera imprimé, distribué, et, s'il n'y a pas d'opposition, renvoyé à la commission des octrois. (Assentiment.)"
1908-12-11,president,"J'ai reçu de M. le ministre des travaux publics deux projets de roi : Le1er,"
1908-12-11,president,"ayant pour objet de déclarer d'utilité publique l'établissement, dans le département des Landes, d'un chemin de fer d'intérêt local, à voie normale, entre Labenne et Seignosse;"
1908-12-11,president,"'déclarerd'utiLe2e,"
1908-12-11,president,"ayant pour oDjet de déclarer d'utilité publique l'établissement, dans le département du Cher, d'un chemin de fer d'intérêt local à voie de 1 mètre, destiné à raccorder le chemin de fer d'Argent à la Guerche et le canal latéral à la Loire à Marseille-lèsAubigny."
1908-12-11,president,"Les projets de loi seront imprimés, distribués, et, s'il n'y a pas d'opposition, renvoyés à la commission des travaux publics."
1908-12-11,president,(Assentiment.)
1908-12-11,president. J'ai reçu de M. Vandameun,"rapport, fait au nom de la 15e commission d'intérêt local, sur le projet de loi tendant à rattacher la commune de Villetaneuse au canton de Saint-Denis (Seine)."
1908-12-11,president,"J'ai reçu de M. Marcel Régnier un rapport, fait au nom de la commission des travaux publics et des chemins de fer, sur le projet de loi concernant l'établissement, dans le département de la Loire,"
1908-12-11,president,"d'un chemin de fer d'intérêt local, à voie de 1 mètre, entre la limite du département de l'Allier vers Cusset et Saint-Germain-Laval."
1908-12-11,president,"J'ai reçu de M. Vigouroux un rapport, fait au nom de la commission de l'agriculture,"
1908-12-11,president,sur le projet de loi autorisant des avances aux sociétés coopératives agricoles de l'Algérie.
1908-12-11,president,"J'ai reçu de M. Carpot un rapport, fait au nom de la commission des affaires extérieures,"
1908-12-11,president,"sur le projet de loi, adopté par le Sénat, portant modification à la loi du 9 décembre 1884 sur l'organisation du Sénat et 'l'élection des sénateurs."
1908-12-11,president,Les rapports seront imprimés et distribués.
1908-12-11,M. le président. J'ai reçu de M. Massé et plusieurs de ses collègues une proposition de loi portant modification du conseil supérieur de l'instruction publique et des conseils académiques.,"La proposition de loi sera imprimée, distribuée et, s'il n'y a pas d'opposition, renvoyée à la commission de l'enseignement."
1908-12-11,J'ai reçu de M. Auriol une proposition de loi concernant l'admission en non-valeur des contingents arriérés des communes pour l'instruction primaire.,"La proposition de loi sera imprimée, distribuée et, s'il n'y a pas d'opposition, renvoyée à la commission du budget."
1908-12-11,J'ai reçu de M. Jules-Louis Breton et plusieurs de ses collègues une proposition de loi ayant pour objet l'extension aux exploitations forestières des dispositions de la loi du 9 avril 1898 sur les accidents du travail.,"La proposition de loi sera imprimée, distribuée et, s'il n'y a pas d'opposition, renvoyée à la commission du travait."
1908-12-11,"M. le président. La commissson des congés est d'avis d'accorder à MM. Gast, Pradet-Balade et Léon Archimbaud des congés de quelques jours.",Il n'y a pas d'opposition ?
1908-12-11,president,Les congés sont accordés.
1908-12-11,"Le Chef chh service sténographique de la Chambre des députés, ALEXANDRE GAUDET.",Erratum au compte rendu in extenso de la Ire séance du mardi 17 novembre.
1908-12-11,president,"Page 2344, colonne 2, lignes 19 et 20."
1908-12-11,president,"Lire : ,<c.petite île de l'archipel des Tuamotu ans l'océan Pacifique. »"
1908-12-11,Annexe au procès-verbal de la séance du vendredi 11 décembre.,"SCRUTIN (N° 677) Sur l'ensemble du projet de loi relatif à la cession, à la ville dePaverney,"
1908-12-11,president,des terrains et bâtiments du quartier Guyot de cette place.
1908-12-11,"nombre des votants,",". 455 Majorité absolue. 228 Pour l'adoption,. 455 Contre. , 0"
1908-12-11,Brousse,(Emmanuel)
1908-12-11,Buisson,(Ferdinand)
1908-12-11,Carnot,(François)
1908-12-11,Castellane,(comte Boni de)
1908-12-11,Castelnau,(de)
1908-12-11,Cère,(Emile)
1908-12-11,Chambrun,(marquis de)
1908-12-11,Chanoz,(Edmond) (Jura)
1908-12-11,Chapuis,(Gustave) (Meurthe-et-Moselle)
1908-12-11,Chastenet,(Guillaume)
1908-12-11,Chaumié,(Jacques)
1908-12-11,Chautemps,(Alphonse) (Indre-et-Loire)
1908-12-11,Chautemps,(Félix) (Savoie)
1908-12-11,Chéron,(Henry'
1908-12-11,Cibiel,(Oscar) (Vienne)
1908-12-11,Clament,(Clément)
1908-12-11,Cochin,(Denys) (Seine)
1908-12-11,Cochin,"(Henry) Nord,"
1908-12-11,Constant,(Emile) (Gironde)
1908-12-11,Cornet,(Lucien)
1908-12-11,Cornudet,(vicomte)
1908-12-11,Couesnon,(Amédée)
1908-12-11,Dansette,(Jules)
1908-12-11,David,(Fernand)
1908-12-11,Dcbaunc,(Louis)
1908-12-11,Delaune,(Marcel)
1908-12-11,Deloncle,(Charles) (Seine)
1908-12-11,Dcloncle,(François) (Cochinchine)
1908-12-11,Desfarges,(Antoine)
1908-12-11,Desjardins,(Jules)
1908-12-11,Doumergue,(Gaston)
1908-12-11,Dulau,(Constant)
1908-12-11,Dumont,(Louis) (Drôme)
1908-12-11,Dumont Charles,(Jura)
1908-12-11,Dupuy,(Pierre)
1908-12-11,Durand,(Aude)
1908-12-11,Durand,(Joseph) (Haute-Loire)
1908-12-11,Fabre,(Antoine)
1908-12-11,"Guislain(LOUlS),de Villeneuve",FinisHaguenin.
1908-12-11,Laniel(Henri),(L3.ctÜ'princcpail-polyte)
1908-12-11,LaTrémoïlle(L.a-,nail.de Tarente.
1908-12-11,Lefas.,é.
1908-12-11,LeHérisse,"j,"
1908-12-11,Leroy(Modestelirrc,Roy (Alfred) (Nord)
1908-12-11,Lhopiteati.Dreyfus,. Loup.
1908-12-11,Magnaúd.Çri,Mahieu.
1908-12-11,Maille (Isidore)(SI-il,Mairat.
1908-12-11,"MuJn,!¡erlc,(Louis).",Massé.
1908-12-11,Maujajj-1qerlcSpronck.,Menier(Gaston).
1908-12-11,MillevoyerI)o':,p]¡;'Minier (Albert). Mons.Monsservi.n•Morel (Victor)(Pas-de-Calais)
1908-12-11,Mun(comteAJe,Munin-Bourdin.
1908-12-11,PaHl7epér^.p~,Péchadre.
1908-12-11,Pelletan(Camille-pe,Péret(Raoul). Périer(Saône-et-LonJ-pio-ronnet. Perroche.
1908-12-11,Picnei.-pierrorangeli.,Pierre Bergeroir-et-lier
1908-12-11,Pourteyro;ôfie,Prache.
1908-12-11,"pUJad,",Quesnel.
1908-12-11,"Raiberti.Bajon(Claude),",mvic*'-Raynaud. Razimbaud(Jules).
1908-12-11,René,"R,veillaud (Eugène)"
1908-12-11,iléville(Niareroc'1;bot.,Ridouard.
1908-12-11,R°'(,(Maurice)(Charente-Inférieure)
1908-12-11,"Saint-Martin,","Saint-PolÙJl.:'t),"
1908-12-11,Sarrau,"""::hnli,]t,Sarrazin."
1908-12-11,"Sauzè,de.Ai/neuL0.'",Schneider (Charles)(Haut-Rhin)
1908-12-11,Sénac.,iC'jol.
1908-12-11,gjrcyj0,Steeg.
1908-12-11,Suchetet.'crr',ns0ri.
1908-12-11,"ThrOor,",Thierry-Cazes.
1908-12-11,"T'[;ir"",",Torchut.
1908-12-11,Pradet-Balade.,"empêché d'assister à la fin de la séance du 8 décembre 1908, il n'a pu prendre part aux scrutins (nos 674 et 675) sur la priorité et le fond de l'ordre du jour de M. Grosdidier et plusieurs de ses collègues (Interpellations relatives à l'amiral Germinet)."
1908-12-11,Les nombres annoncés en séance avaient été de :,Nombre des votants. 583 Majorité absolue. 292 Pour l'adoption. 583 Contre. 0
1909-12-07,Gabriel Baron,"Messieurs, au lendemain d'une discussion économique aussi tristeque'retentissante dont vous avez gardé le souvenir, il serait certainement superflu d'appeler votre attention sur la crise viticole qui désole depuis plusieurs années notre région méridionale, et qui fait même sentir ses tristes effets dans toutes les autres régions de notre pays. Si les viticulteurs méridionaux, ceux de l'Aude, du Gard, de l'Héraul, des Pyrénées-Orientales auxquels il faut joindre ceux des Bouches-du-Rhône et du Var ont eu particulièrement à souffrir de la mévente des vins, c'est à cause de la nature de leurs terrains et de leur climat — aussi, il faut bien l'avouer, à cause de l'engouement irréfléchi qu'ils ont eu pour la vigne. Ils se sont livrés à la monoculture, sacrifiant à la vigne toutes les plantes qui pouvaient leur donner quelque profit. Or, depuis si longtemps que l'on discute passionnément sur les causes de la crise agricole, la lumière n'a pas encore jailli."
1909-12-07,Baron,"Que consommonsnous? Au grand maximum, 47 millions d'hectolitres taxés. Qu'exportons - nous ? 4 millions. Je crois même que si nous prenions la moyenne des dix dernières années, il s'agirait seulement de 2 millions."
1909-12-07,Baron,"J'ai parlé de 47 millions d'hectolitres taxés, mais je me suis bien gardé de comprendre ceux qui ne le sont pas, pour la raison bien simple, qu'il n'est aucun moyen d'évaluer la consommation non taxée, et il serait aussi difficile à vous qu'à moi-même, mon cher collègue, de la chiffrer."
1909-12-07,Baron,La surproduction existe véritablement et personne ne peut la nier.
1909-12-07,Baron,"Je ne prétends pas, car il ne faudrait pas me faire dire ce que je ne pense pas, que cette surproduction est la seule cause de la crise méridionale. Non, certes, mais elle n'en existe pas moins et cela me suffit pour dire qu'elle est le premier ennemi de la viticulture que nous devrions combattre."
1909-12-07,Baron,"Ce qui vient à l'appui de la thèse, que je soutiens, c'est que, malgré toutes les mesures prises jusqu'ici en faveur de la viticulture jet réclamées par les producteurs euxmêmes, mesures que je ne rappellerai pas, la culture de la vigne est toujours aussi précaire et la situation des viticulteurs toujours aussi critique."
1909-12-07,Baron,"Grâce à M. le ministre de l'agriculture, la fraude — qui, disait-on, était l'unique cause de la crise — a été énergiquement réprimée. Or, nous sommes bien obligés de constater que l'application rigoureuse de la loi de 1905 n'a pas fait monter le cours des vins.."
1909-12-07,Brousse,Mais si !
1909-12-07,Baron,"Laissez-moi achever ma pensée, je vous en prie."
1909-12-07,Brousse,Le chiffre est supérieur.
1909-12-07,Astier (Hérault),Il faudrait ajouter à la consommation non taxée de 20 millions d'hectolitres...
1909-12-07,Emmanuel Brousse,"Messieurs, j'estime qu'il serait puéril de supposer que ces nouveaux remèdes, même appliqués sérieusement, pourraient être suffisamment efficaces pour enrayer le mal. Je crois, tout au contraire, qu'il faut un remède plus énergique qui attaque le mal à sa racine. Ce remède a déjà été énoncé."
1909-12-07,Gabriel Baron,"Mon cher collègue, je m'occupe en ce moment de la culture méridionale ; souffrez donc que je parle surtout du Midi; je suis ici pour défendre ses intérêts."
1909-12-07,Emmanuel Brousse,"J'estime que c'est dans tous ces terrains susceptibles de porter d'autres cultures que la vigne, que l'arrachage doit s'exercer; il faut diminuer la surface de notre vignoble,, réduire notre production .et améliorer la qualité de nos vins : voilà ce qui constitue, ou doit constituer notre premier travail."
1909-12-07,Emmanuel Brousse,Et les terrains qui seront ainsi devenus. libres pourront alors être soumis à d'autres cultures.
1909-12-07,Emmanuel Brousse,"L'arrachage partiel, tel que je le comprends, tel que le comprennent ceux qui se rendent à l'évidence, permettra d'arriver — c'est l'objet principal de ma discussion — à ce qu'on appelle la polyculture ; la polyculture, que nous considéron's comme le véritable remède, comme le remède indispensable à la rénovation, non pas seulement des départements méridionaux si éprouvés, mais de la viticulture elle-même."
1909-12-07,Emmanuel Brousse,Certains ont prétendu que la polyculture^ n'était pas possible partout en l'état actuel des choses et que la plupart des terrains du Midi se refusaient à recevoir d'autres plantes que la vigne.
1909-12-07,Emmanuel Brousse,"J'estime, au contraire, qu'on a exagéré singulièrement, de même que l'on a exagéré — je crois que M. le ministre de l'agriculture voudra bien confirmer ce que j'avance — la mauvaise qualité des sols méridionaux."
1909-12-07,a,exagéré — je crois que M. le ministre de l'agriculture voudra bien confirmer ce que j'avance — la mauvaise qualité des sols meridionaux.
1909-12-07,Méridionaux,"Sans nier que toutes les plantes n'y pourraient pas trouver les conditions nécessaires pour se développer et pour fructifier normalement avec quelque profit pour les agriculteurs, il faut reconnaître que plusieurs cultures peuvent être faites avec chances de succès et devenir une source de revenus importants. Et les examples ne sont pas loin."
1909-12-07,Plissonnier,"point n'est besoin d'avoir de l'eau pour certaines cultures fruitières, dont parlait hier, dans un discours auquel je rends*hommage volontiers, parce qu'il était marqué au coin d'une précision extrême et d'un lumineux bon sens, mon collègue"
1909-12-07,Baron,C'est entendu. Je ne puis pas tout dire à la fois. C'est la conclusion rigoureuse. à laquelle je vais arriver.
1909-12-07,Bouveri,Vous avez du vin de reste et c'est l'eau qui vous manque ! (On rit.)
1909-12-07,Gabriel Baron,Et l'on nous accuse pourtant de mettre de l'eau dans notre vin!...
1909-12-07,François Astier (Hérault),A la condition d'avoir de l'eau.
1909-12-07,NON IDENTIFIABLE,"e pourront pas en profiter, reconnaissons-le, et devront, par conséquent, chercher à s'en passer et à trouver d'autres moyens de sortir de leur, triste situation!"
1909-12-07,PLISSONNIER,"Il est de toute urgence, messieurs, pour nos populations méridionales, d'augmenter le plus possible la culture fruitière. D'autant plus que celle-ci trouve dans nos départements des terrains et un climat exceptionnellement convenables pour en assurer la réussite. Même, la culture fruitière a sur les autres cultures l'immense avantage d'avoir fait ses preuves. Les essences fruitières pouvant être répandues sont parfaitement connues et les agriculteurs n'ont donc aucune crainte à avoir sur leur réussite qui est certaine. Nous n'avons même pas à craindre pour nos fruits le manque de débouchés. Ceux-ci sont nombreux, non seulement sur certains marchés étrangers, où nos produits sont très appréciés et recherchés grâce à leur qualité bien supérieure à celle des produits similaires de l'étranger, mais aussi sur nos marchés de l'intérieur, où la demande est très supérieure à l'offre nationale."
1909-12-07,NON IDENTIFIABLE,"C'est ainsi qu'en 1907, nous avons dû importer, sans compter les raisins de table, 1,208,877 quintaux de fruits frais représentant une valeur de plus de 20 millions de francs. Ces chiffres se passent de tout commentaire ; mais si nous supposons un instant que par suite de plantations nouvelles d'arbres fruitiers, un encombrement sur le marché vienne à se produire, les producteurs, à ce moment, auraient encore la ressource de transformer ces fruits en fruits secs, tapés et confits."
1909-12-07,NON IDENTIFIABLE,"L'industrie de la transformation des fruits, notamment le séchage, est presque totalement inconnue en France. Elle donne à l'étranger des résultats considérables et y constitue une source de bénéfices très importants."
1909-12-07,NON IDENTIFIABLE,"La plus grande partie des fruits secs que nous consommons en France en effet vient de l'étranger, notamment de cette Californie qui nous inonde d'abricots secs, de pommes et de poires tapées, et même de pruneaux."
1909-12-07,NON IDENTIFIABLE,"Je ne crois pas me tromper en disant que nous avons importé en 1907 une quantité de plus de 300,000 kilogr. de fruits secs, représentant une valeur de 16 millions de francs."
1909-12-07,NON IDENTIFIABLE,"Dans ces conditions, messieurs, vous voudrez bien reconnaître avec moi qu'il est de toute urgence, non seulement pour faire cesser une situation intolérable pour les viticulteurs, mais aussi pour donner à notre pays la place qui lui revient, quant à sa production fruitière, de développer les plantations d'arbres à fruits."
1909-12-07,NON IDENTIFIABLE,"Mais à côté de la création de toutes pièces de plantations fruitières, il ne faudrait point laisser disparaître certaines espèces fruitières qui sont encore debout et qui, soignées et cultivées, seraient pour nos agriculteurs une source de revenus importants. (Très bien! très bien!) Parmi ces essences formant stilles dans nombre de nos régions des plantations importantes, je citerai deux exemples, l'amandier et l'olivier."
1909-12-07,NON IDENTIFIABLE,"L'amandier est un arbre essentiellement rustique, indifférent au terrain et qui donne de très bons résultats dans les expositions à l'abri des gelées du printemps. L'amande est un fruit très recherché et pour lequel l'offre est chez nous singulièrement inférieure à la demande. C'est ainsi que nous avons importé en 1907 près de 3,000 quintaux, d'une valeur de près de 70,000 fr."
1909-12-07,NON IDENTIFIABLE,"Mais si l'amandier, cependant, n'a qu'une importance restreinte par suite de sa faible résistance au froid, au moment de sa floraison, il n'en est pas de même de l'olivier qui, lui, a une importance considérable que vous connaissez depuis longtemps."
1909-12-07,NON IDENTIFIABLE,"Je ne veux pas parler de cette question, comme le faisait hier un de nos collègues, sur le mode lyrique. Tout le monde sait que l'olivier est l'arbre méditerranéen par excellence ; tous les auteurs de l'antiquité témoignent de la faveur dans laquelle il était tenu ; nul n'ignore que pour toute la Provence, pour le comtat Venaissin, pour le comté de Nice, pour tous les départements actuellement grands producteurs de vins, l'olivier a été une source de grands revenus et une cause de grande prospérité. La vérité, c'est que la vigne lui a porté un préjudice considérable, et les agriculteurs n'ont pas hésité à le sacrifier et à faire tomber sous la hache du bûcheron de magnifiques oliveraies séculaires."
1909-12-07,NON IDENTIFIABLE,"Si vous voulez des chiffres, je puis vous dire combien d'hectares de terrains sont complantés en oliviers : à l'heure actuelle, il ne reste plus que 100,000 hectares environ d'oliveraies, et, sur ce nombre, plus des trois quarts sont dans un tel état d'abandon que notre production oléicole est d'environ 260,000 quintaux d'huile d'olive annuellement, alors qu'elle devrait et qu'elle pourrait être de 1 million de quintaux, si tous les oliviers encore existants, étaient cultivés convenablement."
1909-12-07,NON IDENTIFIABLE,"J'expose à traits rapides une question qui demanderait à être traitée avec une ampleur plus grande, mais l'heure à laquelle je parle et les nombreux orateurs que vous avez déjà entendus sur ce sujet ne sauraient me permettre de m'étendre davantage."
1909-12-07,NON IDENTIFIABLE,"Je ne veux pas rechercher les différentes causes de la crise oléicole ; j'ai la seule prétention d'examiner rapidement avec vous, sans entrer dans de trop longs développements, les principaux moyens d'y remédier et qui sont susceptibles de décider nos oléiculteurs à ne plus sacrifier un arbre aussi intéressant; ces moyens ont été préconisés à nouveau par le premier congrès international d'oléiculture qui s'est tenu à Toulon en décembre dernier et que le syndicat national de défense de l'oléiculture fran-"
1909-12-07,RECHERCHEUR,"pas rechercher les différentes causes de la crise oléicole ; j'ai la seule prétention d'examiner rapidement avec vous, sans entrer dans de trop longs développements, les principaux moyens d'y remédier et qui sont susceptibles de décider nos oléiculteurs à ne plus sacrifier un arbre aussi intéressant; ces moyens ont été préconisés à nouveau par le premier congrès international d'oléiculture qui s'est tenu à Toulon en décembre dernier et que le syndicat national de défense de l'oléiculture fran-çaise, que j'ai l'honneur de présider, avait organisé. Plus de 200 oléiculteurs délégués des communes et des principales 'associations agricoles ont fait connaître leurs desiderata en desvvœux très brefs et très clairs qui, je veux l'espérer, seront pris en considération par le ministre de l'agriculture et le Gouvernement. (Très bien! très bien!)"
1909-12-07,CRISE OLÉICOLE,"La crise oléicole cessera le jour ou la fraude dans les huiles d'olives sera énergiquement réprimée, ou l'huile mélangée devra être vendue sous son véritable nom, c'est-à-dire en faisant connaître la composition exacte du mélange. Le règlement d'administration publique du 11 mars 1908 ne nous a nullement donné satisfaction sur ce point. La production et le commerce honnête sont unanimes à réclamer la modification de l'article 4 de ce règlement qui autorise la vente des huiles mélangées sous un nom vague d'huile extra, huile surfine et huile de table."
1909-12-07,CONSOMMATEUR,"Il faut à mon avis que le consommateur sache très exactement la nature de l'huile qu'il achète et il ne faut pas qu'il s'imagine consommer de l'huile d'olive, alors qu'on lui vend un mélange d'huile de coton et d'huile d'arachides."
1909-12-07,COMMERÇANT,"Une industrie, un commerce se fondent sur la fraude. Au début, c'est parfait, iî est incontestable que le. commerçant ou l'industriel fraudeur va pendant quelques mois quelques années si vous voulez réaliser peut-étre une fortune considérable. Il est certain que, par contre-coup, la région dans laquelle il exercera son industrie verra sa prospérité s'accroître singulièrement. Mais demain, lorsque le consommateur aura reconnu la fraude, ou lorsque devant le commerçant fraudeur se dressera le commerçant honnête, les rôles seront renversés. Nous verrons en quelques mois' disparaître une fortune qu'on avait mis tant d'années à constituer et nous verrons en même temps pour la région succéder à la période de prospérité une période de discrédit et de défaveur. Pour tous les deux, ce sera la ruine."
1909-12-07,INDUSTRIEL,"Ainsi donc, vous voyez qu'en réclamant la suppression de la fraude, je. le fais aussi bien dans l'intérêt du commerçant, de l'industriel, du producteur, que dans celui du consommateur."
1909-12-07,DEGREVER,"Il faut aussi, pour faire cesser la crise et pour venir en aide à nos oléiculteurs, dégrever les terrains complantés en oliviers -qui sont encore taxés comme terrains de première catégorie, alors que leur valeur est dix fois moindre qu'autrefois."
1909-12-07,CONGRES DE TOULON,"Le congrès de Toulon a aussi demandé avec juste raison que des stations oléicoles soient créées, non seulement pour l'étude des parasites de l'olivier mais aussi pour l'étude et l'expérimentation des meilleurs procédés d'extraction des huiles d'olive."
1909-12-07,TURBINE ESSOREUSE,"De temps immémorial on se sert-dans nos moulins à huile de scourtins, sorte de poches en alfa pour emmagasiner la pâte"
1909-12-07,SUPPRIMER SCOURTINS,"C'est ainsi que l'on a préconisé l'emploi de la turbine essoreuse pour l'extraction de l'huile, la méthode de diffusion et même un procédé d'extraction par le vide."
1909-12-07,OLÉICULTEURS,Nos oléiculteurs auraient le plus grand intérêt à être fixés sur la valeur de ces différentes méthodes et les stations oléicoles pourraient expérimenter celles-ci et faire connaître les résultats qu'elles obtiendraient.
1909-12-07,FILTRAGE DES HUILES,Une autre question des plus importantes est celle qui a trait aux analyses d'huiles d'olive.
1909-12-07,FRAUDEURS,"S'il est de toute justice de poursuivre les fraudeurs avec la dernière rigueur, il faut au moins mettre notre commerce honnête à l'abri des méprises et des ennuis dus à des analyses effectuées par des chimistes n'ayant pas toute la compétence voulue."
1909-12-07,CHIMISTES,Il a été reconnu à différentes reprises qu'un même échantillon d'huile d'olive analysé par différents laboratoires peut donner lieu à des appréciations différentes.
1909-12-07,VUE,M. Emmanuel Brousse. Il en est de même pour les vins.
1909-12-07,GABRIÈL BARON,J'applique mon raisonnement à tous les produits.
1909-12-07,RAZIMBAUD,Cela vient de ce qu'on n'a pas les échantillons d'origine.
1909-12-07,Razimbaud,Cela vient de ce qu'on n'a pas les échantillons d'origine.
1909-12-07,Baron,"On prétend, au laboratoire du ministère de l'agriculture, que le service des fraudes a indiqué des méthodes d'analyse d'huiles d'olive qu'il considère comme infaillibles. C'est parfait; mais je ne suis pas si exigeant, et si je ne réclame pas que les chimistes soient infaillibles, je voudrais seulement qu'ils se trompent moins grossièrement dans leurs analyses, pour que les parquets n'hésitent plus à poursuivre et que la loi ne reste plus lettre morte. Il est inadmissible-que l'on puisse poursuivre un négociant qui n'est pas coupable, par la faute d'un chimiste maladroit et ignorant."
1909-12-07,J'arrive à une question,"Je veux parler de la coopération. J'estime, en effet, que la coopération peut rendre à l'oléiculture les plus grands services. Nous avons chez nous, dans le Midi, des moulins coopératifs qui donnent les résultats les plus appréciables. Il n'y a qu'à les multiplier."
1909-12-07,Je considère la coopération,"comme le plus sûr moyen pour combattre les crises, agricoles, qui sont dues toujours à la mé_vente des produits du sol."
1909-12-07,Nous pouvons l'appliquer,"en effet, à tous nos produits. Les coopératives de production qu'elles intéressent, le vin, l'huile, les fruits, doivent se créer dans toutes nos communes, diminuant ainsi dans une large mesure le prix de revient, facilitant l'écoùlement des produits en garantissant l'authenticité et la valeur du produit vendu, et élevant notablement les bénéfices."
1909-12-07,"Malgré les avantages incontestables de ces 'différentes associations que le Gouvernement de la République a encouragé de toutes ses forces,","je le reconnais, nous constatons une certaine hésitation dans toutes nos campagnes à utiliser le crédit agricole, sur les bienfaits desquels on fondait tant de légitimes espérances..."
1909-12-07,"Oui, monsieur le ministre","chez nous, nous avons la plus grande peine pour constituer des caisses de crédit agricole. Et celles qui existent sont dans un véritable état léthargique, elles se développent avec la plus grande"
1909-12-07,"M. Ruau, ministre de Vagriculture",Nos paysans sont très individualistes en effet.
1909-12-07,M. Gabriel Baron,"C'est tout ce que je veux dire, monsieur le ministre."
1909-12-07,Mais cette difficulté de constituer des caisses de crédit,"il faut l'attribuer encore à autre chose et je crois que cela vaut d'être dit. Elle tient surtout à ce que le paysan, chez nous, n'ose pas aller frapper à la porte de la caisse de crédit agricole, parce qu'il a peur, le jour où il ira y frapper, que l'on dise que ses affaires sont dans un mauvais état et qu'il est à la veille de sombrer."
1909-12-07,Ce que je dis à propos de la caisse de crédit agricole,"je puis le dire des coopératives agricoles. Nous sommes obligés de faire des efforts surhumains pour constituer des coopératives agricoles, et j'avoue que nous n'y arrivons souvent qu'en groupant un nombre infime de cultivateurs, si je le compare au nombre considérable de ceux qui pourraient et qui devraient en faire partie."
1909-12-07,"Mais, alors que je saisis mal les mobiles qui empêchent les agriculteurs de bénéficier du crédit agricole","- je comprends parfaitement les difficultés que rencontrent les coopératives. Le paysan n'aime pas à remplir un trop grand nombre de formalités; or, il est inouï, le nombre des formalités exigées pour qu'une coopérative puisse profiter des avances de la Banque de France."
1909-12-07,François Astier,C'est qu'elle est responsable.
1909-12-07,Gabriel Baron,"Vous qui m'interrompez, mon cher collègue, pouvez-vous garantir l'impartialité de tous les membres de la caisse régionale? Ne savez-vous pas comme moi que trop souvent la politique intervient dans des questions où elle n'a. absolument rien à faire, et que, de ce chef, l'agriculteur n'a pas toutes les garanties voulues ?"
1909-12-07,Gabriel Baron,"J'admets très bien que cette caisse, qui se trouvera engagée demain, puisse donner son avis, mais je voudrais au moins que la société coopérative-, lorsqu'on ne lui fournit aucune raison du rejet de sa demande, ait le droit d'en appeler—je dis d'en appeler seulement — comme partout, soit au ministre, soit à la commission de répartition."
1909-12-07,Jules-Armand Razimbaud,Il y a évidemment quelque chose à faire.
1909-12-07,le ministre de l'agriculture,"Elle y vient, mon cher collègue, je vous en donne l'assurance. Je ne connais pas jusqu'ici un seul exemple de rejet non motivé d'une demande adressée par une société coopérative à une caisse régionale. Quand il y a eu des difficultés, elles m'ont été signalées, et j'ai prié les fonctionnaires du ministère de l'agriculture d'y mettre fin."
1909-12-07,Gabriel Baron,"Je ne doute, certes, pas de votre bonne volonté, monsieur le ministre ; mais j'ai des exemples dans mon dossier."
1909-12-07,le ministre de l'agriculture,Vous voudrez bien me les signaler. Je ne les connais pas.
1909-12-07,Gabriel Baron,"Je n'ai pas voulu les citer, car je tiens toujours à m'écarter autant que possible des personnalités; je pré. fère rester dans les généralités."
1909-12-07,le ministre de l'agriculture,"Ce qui met obstacle à la constitution des coopératives, c'est la difficulté qu'on éprouve à décider les agriculteurs à s'engager solidairement. Voilà la vérité."
1909-12-07,le ministre de l'agriculture,"Mais, pour la paperasserie administrative, comme vous dites, c'est un peu la nécessité qui nous y pousse ; nous sommes obligés d'exiger des garanties de la part des sociétés coopératives. II serait désastreux — c'est une préoccupation que j'ai depuis que je suis au ministère de l'agriculture — de voir une .caisse de crédit ou une coopérative sombrer dans la faillite."
1909-12-07,le ministre de l'agriculture,"Pour éviter ce danger, il est tout naturel que, dans une matière où le crédit se donne non sur un gage, mais sur la situation morale, nous exigions des garanties. (Très bien! très bjène!)"
1909-12-07,Gabriel Baron,"Sans doute me suis-je mal exprimé et mal fait comprendre; je ne demande nullement que les garanties soient diminuées pour la caisse régionale, mais je demande les mêmes garanties pour les coopératives."
1909-12-07,le ministre de l'agriculture,L'erreur est humaine !
1909-12-07,Gabriel Baron,C'est pourquoi je demande qu'on donne à ces sociétés une faculté d'appel dont on n'a le droit de priver aucun justiciable.
1909-12-07,le ministre de l'agriculture,C'est très juste.
1909-12-07,Gabriel Baron,"Eh! bien, il faut mettre absolument à l'abri d'un accès de mauvaise humeur, d'une rancune personnelle ou de représailles politiques toutes les bonnes volontés dignes d'encouragement."
1909-12-07,Gabriel Baron,"Et j'aurai terminé sur ce point quand j'aurai rappelé un voeu qui fut, l'année dernière, voté à l'unanimité au congrès international de l'oléiculture de Toulon; le voici: « Dans le cas où plusieurs coopératives viendraient à se créer dans une même commune, elles devraient être traitées sur le même pied par la caisse régionale. » C'est là, ce me semble, de la simple justice,"
1909-12-07,Gabriel Baron,"Tout coopérateur, ai-je dit, doit être membre d'un syndicat agricole. Pourquoi cette obligation? Quelle en est la cause?"
1909-12-07,Gabriel Baron,"Je pourrais citer de nombreux exemples, d'agriculteurs ayant formellement refusé d'entrer dans une coopérative pourvue pas être membres du syndicat local."
1909-12-07,RUAU,"J'ai terminé. Je demande pardon à la Chambre d'avoir retenu si longtemps son attention. Tous les moyens que j'ai rapidement énumérés sont parfaitement réalisables et me paraissent en véritue capables de remédier à la crise agricole méridionale. Sur ce point, je crois que je ne saurais mieux faire que de résumer ma pensée en rappelant ce que je disais tantôt: la monoculture a conduit notre région à la grave situation présente. Je crois que la polyculture, plus rationnelle, plus souple, se pliant mieux aux exigences de la consommation, peut seule y mettre un terme."
1909-12-07,RUAU,"Lentement, nos agriculteurs comprennent cette nécessité douloureuse de renoncer aux plantations qui, pendant des années, ont porté tout leur espoir."
1909-12-07,RUAU,"Mais il ert de-toute nécessité que le Gouvernement de la République n'oublie, pas que la France est un pays essentiellement agricole et que de tout temps ce sont les campagnes qui ont assuré la meilleure et la plus sure partie de ses ressources ; il faut qu'il nous seconde de tout son pouvoir, qu'il nous aide, dans cette période critique et malaisé de transformation d'un système culturel ancien, en favorisant l'éclosion des coopératives qui seront demain le salut pour l'agriculture."
1909-12-07,RUAU,"En accueillant favorablement les revendications légitimes de l'agriculture, en lui infusant un sang nouveau, en lui permettant de s'orienter vers des destinées nouvelles, vous aurez fait, messieurs, la meilleure des besognes, car vous aurez augmenté la richesse de la France."
1909-12-07,RUAU,"Il faut que M. le ministre de l'agriculture demande et que nous l'aidions à demander l'argent dont il a besoin pour réaliser les réformes dont il sait la nécessité et qui sont promises depuis longtemps à nos paysans ; il faut que ces réformes soient réalisées, si l'on ne veut pas jeter en eux un découragement qui pourrait avoir les plus graves conséquences. Il faut qu'on se souvienne que, de tout temps, nos campagnes ont été les meilleures assises et le plus solide rempart du Gouvernement de la République."
1909-12-07,RUAU,"Toutes les fois qu'enveloppées dans une de ces tourmentes politiques qui ont ébranlé depuis 1870 les assises de notre gouvernement, les populations des grandes villes, plus mouvantes, plus impulsives, ont été secouées jusqu'à perdre leur confiance, jusqu'à se détourner de leur idéal, les populations des campagnes, elles, enracinées dans leurs convictions comme le sont les arbres dans leur sol, ont résisté victorieusement à l'assaut furieux de nos adversaires. Ce sont elles, messieurs, qui ont sauvegardé le régime républicain et nous devons leur payer notre dette de reconnaissance. Elles ont opposé à leurs adversaires le mur d'airain de leurs convictions. C'est grâce à elles, grâce à leur clairvoyance patriotique, à leur robuste sens que toujours la tourmente s'est calmée, que le ciel est redevenu serein, que la République a repris sa marche en avant dans la voie du progrès, de la liberté, de la justice sociale."
1909-12-07,personne,"'assaut furieux de nos adversaires. Ce sont elles, messieurs, qui ont sauvegardé le régime républicain et nous devons leur payer notre dette de reconnaissance. Elles ont opposé à leurs adversaires le mur d'airain de leurs convictions. C'est grâce à elles, grâce à leur clairvoyance patriotique, à leur robustebon sens que toujours la tourmente s'est calmée, que le ciel est redevenu serein, que la République a repris sa marche en avant dans la voie du progrès, do la liberté, de la justice sociale."
1909-12-07,personne,"Epris d'égalité et de justice, il ne faut point que nous considérions comme différents les ouvriers des villes et des campagnes, alors qu'ils sont égaux dans leur travail et que nous portons leurs espoirs communs. Il faut que nous veillons sur leur sort avec une sollicitude pareille et que nous Jeur accordions le plus rapidement possible ét le plus possible tout le bien-être qu'ils pressentent, qu'ils voient autour d'eux et auquel ils ont droit. (Vifs applaudissements.)"
1909-12-07,président,M. le président. La parole est à M. Frédéric Hugues.
1909-12-07,Hugues,"Je prie la Chambre de bien vouloir m'accorder quelques minutes d'attention pour lui soumettre de brèves observations sur un sujet qui voudrait être le plus innocent du monde. Il s'agit des bêtes, non pas de celles que nous représentons en même temps que les électeurs, comme le dit notre collègue l'abbé Lemire, mais de celles qui vivent en liberté dans notre beau pays et qui ne connaissent le régime parlementaire que pour figurer trop souvent comme victimes de nos luttes politiques."
1909-12-07,Hugues,"Je ne m'attacherai pas spécialement aux services que les oiseaux rendent à l'agriculture ; chaque année des voix éloquentes interviennent pour les signaler; de tout temps on a proclamé leur utilité et je me bornerai sur ce sujet a rappeler ce que les oiseaux disent eux-mêmes de leur rôle dans Je choeur de la comédie, quand Aristophane en fait les alliés des hommes contre les dieux :"
1909-12-07,Hugues,"'C'est à nous maintenant que tous les mortels adresseront leurs sacrifices et leurs prières. Rien n'échappe à notre vue et à notre puissance. Nos regards embrassent l'univers; nous préservons le fruit dans la fleur en détruisant ces mille espèces d'insectes voraces nés de la terre qui s'attachent aux arbres et se nourrissent des germes à peine formés dans le calice. Nous détruisons ceux qui, comme un fléau fatal, dévastent les parterres embaumés ; tous les êtres rampants. et rongeurs périssent sous les coups de nos ailes.'"
1909-12-07,Hugues,"Je voudrais en quelques mots* aborder d'une façon plus générale la question des animaux qui vivent avec nous sur la terre. M. le ministre de l'agriculture ne représente pas seulement ici l'immense travail qui se fait par la main de l'homme sur le sol français pour en tirer tant de produit merveilleux; ne reste-t-il pas dans un petit coin de son vaste département, ne fût-ce que dans un bosquet au milieu de la mer embrasée des moissons, le ministre de la nature pour en conserver les beautés et la vie libre? (Très bien ! très bien !)"
1909-12-07,Hugues,"Si, pendant de longues périodes, il y a eu lutte pour savoir qui, des hommes ou des animaux, dominerait sur terre, chacun reconnaîtra qu'elle s'est terminée à notre avantage. L'homme doit-il user de sa victoire pour continuer une guerre d'extermination qui se poursuit sans raison par un reste d'instinct atavique? Telle est la question qui se pose. (Très bien! très bien!)"
1909-12-07,Hugues,"Dans notre naïf orgueil, nous disons bien quand une race vient à disparaître ou à devenir rare qu'il nous manque quelque chose ; mais c'est à la vie en général, au dessein même de la nature qu'elle fait défaut. Chaque espèce, fut-ce le plus petit des oiseaux, est une partie du monde animé dont elle contribue à parfaire l'harmonie. (Très bien ! très bien!)"
1909-12-07,Hugues,"Je me rappelle cette boutade de Toussenel disant vers la moitié du siècle dernier que jusqu'à cette époque on n'avait fait qu'une seule loi à peu près convenable : la loi Grammont. Depuis on a fait beaucoup mieux en s'occupant des gens eux-mêmes, mais j'estime que c'est encore s'en occuper d'une façon des plus utiles et des plus heureuses que de développer la partie la plus délicate de leur nature en les amenant à respecter et à aimer ce qu'il y a de beau et de vivant autour de nous. (Très bien!- très bien 1)"
1909-12-07,Hugues,"Nous avons à lutter contre ce singulier paradoxe : que les animaux seraient à ceux qui veulent les détruire, sans qu'il soit tenu compte du vœu de ceux qui veulent les conserver. Les guerriers qui s'équipent et partent en campagne contre les petits oiseaux ont-ils donc une attitude tellement martiale que leur volonté doive nécessairement s'imposer avec une force irrésistible? Le plaisir de les conserver, de jouir de leurs ébats, coûte pourtant infiniment moins cher à la communauté que le plaisir éphémère et barbare de les détruire; il est juste que ceux qui s'en contentent soient consultés en première ligne."
1909-12-07,Hugues,"A côté de ce reste d'instinct de destruction, la mode de faire des objets de parure avec des dépouilles et des corps entiers d'oiseaux est venue aggraver le mal. Passe encore pour les plumes produites industriellement ou même pour des trophées de chasse; mais ne peut-on pas penser sans frémir aux destructions systématiques qui permettent aux dames d'évoquer, dans leurs coiffures, l'éclair des tropiques avec les couleurs ardentes des oiseaux des pays chauds, les espaces marins avec les grandes ailes des mouettes, et plus tristement encore toute la vie et la gaieté des petites fermes françaises, quand les hirondelles qui ne valent que par leur silhouette, sont mises à la douzaine sur le plus modeste chapeau?"
1909-12-07,PAGNES,"des nos tartarms modernes dont l'équipement et l'armement formidables paraît bien disproportionnée à côté des moyens de défense de leurs victimes qui n'ont pas varié depuis l'âge de pierre. Ne pourrait-on pas aussi éviter d'envoyer dans les contrées soi-disant ouvertes à la civilisation cette immense pacotille de fusils transformés, qui n'ayant pas heureusement réussi à tuer des hommes, paraissent enfin trouver leur emploi dans le massacre de ' bêtes innocentes? (Très bien 1 très bien n"
1909-12-07,EN FRANCE,"même ceux qui habitent les contrées heureuses où l'hiver est moins rude, sont tentés de voir dans ces hôtes de passage, une moisson dont il est bien tentant de profiter ; mais il faut bien qu'ils sachent que quand tout ce monde est chez eux à l'abri du froid et de la faim, nos plaines du Nord sont complètement désertes, et que pour qu'elles soient même modestement peuplées au printemps, il faut qu'il y ait aux endroits d'hivernage un nombre, relativement considérable de sujets. C'est comme un dépôt de vie et de beauté qui est confié à leur modération et à leur sagesse. On a de tout temps apprécié l'agrément de jouir du repos à l'ombre d'un arbre familier, mais il est donc nécessaire que ce soit avec une arme dans l'intention de mettre à mort les malheureux oiseaux qui sont tentés de venir tromper notre solitude et l'égayer de leurs ébats? Il ne faut pas croire que cet esprit de destruction soit inné chez le campagnard; j'ai souvent constaté qu'il aimait naturellement les bêtes ; j'en ai encore eu une preuve cet été en demandant à un faucheur s'il avait vil du gibier dans la pièce qu'il venait de finir : « Ah! oui, monsieur, me dit-il, j'ai même eu bien peur ; au dernier andain, il s'est levé toute une nichée de cailles, et c'est à peine si j'ai eu le temps d'arrêter ma faux pour ne pas les blesser ». L'homme des champs, resté plus près de la nature, ne donnait-il pas ainsi une véritable leçon au chasseur? (Très bien! très&MM/)"
1909-12-07,SI CE SAIT PLACEMENT EST PARTOUT MENACÉ,"c'est par l'exemple de la poursuite continuelle s'exerçant contre tout ce qui vit librement autour de nous ; c'est l'effet du désœuvrement cherchant un passe-temps facile et cruel aggravé par l'esprit d'imitation. Le berger est déjà à moitié corrompu par les offres du bourgeois bredouille qui sollicite une manœuvre savante du troupeau pour mettre à sa portée les bandes d'étourneaux. S'il se laisse aller, lui aussi,"
1909-12-07,AU DÉSIR D'AVOIR UN FUSIL POUR DECIMER SE& FIDÈLES COMPAGNONS,"pour éloigner ces troupes qui tourbillonnent comme une fumée vivante autour de ses moutons, ne perdronsnous pas là encore un peu du pittoresque et de la poésie de la vie des champs?"
1909-12-07,VOYEZ ALSO CE PATRE QUE JE RENCONTRAI DERNIÈREMENT À LA LISIÈRE D'UN BOIS,il était occupé à jeter des pierres aux bergeronnettes qui couraient gentiment entre les pattes de ses bêtes; elles s'écartaient sans grande frayeur hors de la portée des coups en balançant ironiquement leur queue. Mais moyennant un permis de cinq sous notre homme n'aurait pas hésité à mettre fin à ce jeu et assurer son triomphe par le massacre de ses aimables compagnes.
1909-12-07,TEL EST LA SITUATION ACTUELLE,"elle constitue un véritable danger pour la sécurité des récoltes et pour la beauté de la campagne. Le principal but de mon intervention est d'assurer, monsieur le ministre de l'agriculture, qu'il y a dans le pays une immense majorité d'habitants sensibles aux charmes de la vie libre et qui veulent la conserver; malheureusement les gens pacifiques qui ne demandent que le respect des lois sont naturellement si timides et-si réservés qu'ils paraissent n'avoir presque jamais de députés ; quand de temps en temps il s'en lève un en leur nom, il semble si peu assuré de la validité de son mandat qu'il ose à peine se faire entendre ; mais nous avons confiance que M. le ministre de l'agriculture voudra rester en contact avec cette force, si peu consciente qu'elle soit encore de sa puissance, parce qu'elle constitue malgré tout l'ensemble de la nation elle-même."
1909-12-07,JE RECONNAIS QU'IL EST DIFFICILE DE MODIFIER D'UN JOUR À L'AUTRE DES HABITUDES VERY ANCIENNES,"qui se sont établies sur divers points du territoire pour la capture des oiseaux ; il faut pourtant y arriver, d'abord au nom de.l'égalité des citoyens devant la loi, ensuite au nom de la solidarité de plus en plus étroite qui s'étend là comme partout ailleurs, non seulement entre les individus, mais encore - entre les provinces d'un même pays, les diverses nations et les différents continents."
1909-12-07,LA PROTECTION NE WILL TOUjours ÉFFICACE,"que quand l'éducation aura fait pénétrer partout le respect de la vie, la répulsion pour toute destruction inutile ; elle ne doit pas être le fait d'une sensibilité de partipris, mais d'une volonté, réfléchie, agissant avec la mesure et le discernement indispensables en toutes choses."
1909-12-07,JE DEMANDE E& SECOND LIEU,"que le Gouvernement étudie, au besoin avec le concours des puissantes associations qui mettent à honneur de faire connaître les beautés naturelles de la France, les moyens de compléter la conservation des sites, des pelouses et des forêts, en y maintenant ou en y propageant le pittoresque vivant, les bêtes libres qui les animaient à l'état de nature. (Très bien 1 très bien 1)"
1909-12-07,M. LASIES,ils mangent tous les grains!
1909-12-07,M. LEMIRE,dans les pays du Nord on met de la nourriture exprès dans les parcs et les forêts.
1909-12-07,M. EMANUEL BROUSSE,vous avez raison et votre discours devrait être envoyé dans toutes nos écoles. Il est aussi bien écrit que bien pensé. (Très bien! très bien!)
1909-12-07,M. FREDERIC HUGUES,"les animaux soit sédentaires, soit migrateurs, devraient trouver dans ces réserves nationales un asile assuré où les touristes aimeraient à les voir pour ainsi dire chez eux, dans le milieu auquel ils ont été adaptés. (Très bien 1 très bien 1)"
1909-12-07,"EN FINI, MESSIEURS",quand il s'agit de droits
1909-12-07,Brousse,Vous avez raison et votre discours devrait être envoyé dans toutes nos écoles. Il est aussi bien écrit que bien pensé. (Très bien! très bien!)
1909-12-07,Hugues,"Les animaux soit sédentaires, soit migrateurs, devraient trouver dans ces réserves nationales un asile assuré où les touristes aimeraient à les voir pour ainsi dire chez eux, dans le milieu auquel ils ont été adaptés. (Très bien 1 très bien 1)"
1909-12-07,Président,"Messieurs, le discours que nous venons d'entendre a été un régal délicieux et je me permets de féliciter, en votre nom à tous, l'orateur qui descend de cotte tribune. (Applaudissements.)"
1909-12-07,Renard,"Messieurs, je désire demander il M. le ministre de l'agriculture s'il ne lui paraît pas utile, nécessaire, urgent même, de mettre enfin un terme à la situation incertaine et ambiguë créée aux syndicats agricoles par l'arrêt de la cour de cassation du 29 mai 1908. Cet arrêt — permettez-moi de vous le rappeler en quelques mots — confirmait celui de la cour de Nancy du 7 novembre 1907 et condamnait les administrateurs d'un syndicat agricole pour infraction à l'article 3 de la loi de 1884. Chose plus grave, il déclarait dans ses considérants « que la constitution d'une association syndicale agricole, dans les conditions déterminées par la loi de 1884, donne exclusivement vocation à cette association de défendre et d'étudier les intérêts économiques agricoles qu'elle représente, et qu'en conséquence l'achat par elle de marchandises pour les revendre à ses adhérents, sans commandes préalables, constituerait un acte de commerce interdit par la loi »."
1909-12-07,Lemire,On aurait raison de voter l'affichage. Bien des lectures ne vaudront pas celle du discours très intéressant de M. Hugues.
1909-12-07,BERTEAUX,"Voici, en effet, l'état actuel de la question."
1909-12-07,MINISTRE DE L'AGRICULTURE,"Votre projet renvoyé à la commission de l'agriculture a été rapporté avec avis favorable de cette commission, par notre collègue M. Decker-David, le 11 février 1909."
1909-12-07,DECKER-DAVID,"Ce rapport conclut à l'adoption du projet déposé par le Gouvernement, malgré les réserves faites à son égard par un certain nombre de groupements agricoles, en raison de ce qu'il donne satisfaction aux intéressés, parce qu'il leur accorde la faculté légale de se livrer aux opérations commerciales auxquels ils tiennent essentiellement tout en interdisant les abus qui portaient un grave préjudice aux petits commerçants de nos campagnes."
1909-12-07,MINISTRE DE L'AGRICULTURE,"Il propose, en outre, d'écarter les projets déposés par M. de Gailhard-Bancel et plusieurs de nos-collègues, tendant à étendre à tous les syndicats professionnels la facilité de faire pour le compte de leurs membres des opérations d'achat et de vente, en raison de ce que ce projet sortait du cas spécial visé par le projet du Gouvernement et qu'il était susceptible de retarder la solution si attendue par le monde agricole."
1909-12-07,GAILHARD-BANCEL,"Il est probable — et il est regrettable qu'il n'en ait pas été ainsi — que si le rapport de notre collègue M. Decker-David avait pu rapidement venir en - discussion devant la Chambre il eût été adopté par elle sans grandes modifications, en 'raison de l'urgence qui s'imposait de trancher rapidement cette question."
1909-12-07,MINISTRE DE L'AGRICULTURE,"Malheureusement, il n'a pas été mis à l'ordre du jour, et aujourd'hui la situation n'est plus la même."
1909-12-07,MILLERAND,Il s'agit maintenant de débattre d'un amendement formant contre-projet au projet de loi déposé par M. le ministre de l'agriculture.
1909-12-07,DUBIEF,"Ce contre-projet a été déposé par un membre du Gouvernement actuel, M. Millerand et notre collègue M. Dubief."
1909-12-07,Berteaux,"et le rôle assigné à tous les syndicats 
 par la loi de 1884. C'est, en somme la première étape vers ce droit d'acquérir et de : posséder en toute liberté que beaucoup d'entre nous reconnaissent nécessaire d'ac-jcorder aux syndicats, si on veut leur donner j le sentiment et la réalité de la responsabi- J lité, condition essentielle du grand rôle éco-jnomique qu'ils sont appelés à jouer dans g notre organisation sociale. 1"
1909-12-07,Renard,"Fidèle à cette conception,"
1909-12-07,Millerand,"entend émanciper largementé
 les syndicats. Il ne veut pas distinguer entre eux, et il entend leur appliquer à tous le droit commun."
1909-12-07,Renard,"Certes, ce sont là des principes dont on ne peut méconnaître la parfaite justesse. On peut se demander seulement si ce projet vient bien à son heure et s'il n'aurait pas pour effet de retarder indéfiniment la. solution, que l'on doit désirer rapide, des difficultés soulevées par l'arrêt de la cour de cassation, et, en somme, d'ajourner le vote du projet du Gouvernement."
1909-12-07,Lemire,Il ne sera jamais voté. Il ne faut pas promettre ce qu'on ne peut tenir.
1909-12-07,"Ruau, minisire de l'agriculture",Il soulève un des plus graves problèmes sociaux.
1909-12-07,Renard,"Il soulève, en effet, un très grave problème qui devra être discuté avec toute l'ampleur et toute l'attention que demandent la multiplicité et la diversité des intérêts corporatifs qu'il touche de près ou de loin."
1909-12-07,Lemire,"Les intérêts des commerçants, par exemple. Si ceux-ci ne payaient pas patente, cela irait tout seul."
1909-12-07,Renard,"Comme nous arrivons à la fin de la législature, il n'est pas possible d'espérer que ce projet de loi puisse venir en discussion et cependant il est indispensable de mettre un terme à cette situation pleine d'équivoque et d'incertitude dont se plaignent les commerçants."
1909-12-07,le ministre de l'agriculture,Tout à fait équivoque et très malheureuse.
1909-12-07,Renard,"Vous avez dit, il y a un an, monsieur le ministre, que l'action pénale Serait suspendue pour les syndicats agricoles qui se conformeraient aux dispositions de votre projet de loi. Mais je veux CHAMBK& — IN EXTENSO."
1909-12-07,Plissonnier,Encore un problème !
1909-12-07,Renard,"faire remarquer qu'outre les interprétations diverses que les tribunaux peuvent donner aux dispositions de ce projet de loi, notamment en ce qui concerne la définition et la délimitation précise des objets utiles à l'agriculture ..."
1909-12-07,de Gailhard-Bancel,L'accord est presque établi entre les syndicats agricoles et les syndicats commerciaux.
1909-12-07,le ministre de l'agriculture,Je voudrais bien connaître ces syndicats !
1909-12-07,Renard,"Je vous demande pardon, monsieur de Gailhard-Bancel, cet accord n'est pas fait et, si je ne craignais de prolonger ces débats, je pourrais vous lire des protestations de groupements commerciaux très importants qui demandent l'arrêt de la cour de cassation, qui fait aujourd'hui jurisprudence, soit appliqué."
1909-12-07,Bancel,L'accord est presque établi entre les syndicats agricoles et les syndicats commerciaux.
1909-12-07,ministre de l'agriculture,Je voudrais bien connaître ces syndicats !
1909-12-07,Renard,"Je vous demande pardon, monsieur de Gailhard-Bancel, cet accord n'est pas fait et, si je ne craignais de prolonger ces débats, je pourrais vous lire des protestations de groupements commerciaux très importants qui demandent que l'arrêt de la cour de cassation, qui fait aujourd'hui jurisprudence, soit appliqué."
1909-12-07,ministre de l'agriculture,"Dans tous les cas le Gouvernement ne maintiendra sa réserve que vis-à-vis des syndicats qui se conformeront au principe édicté par la cour de cassation. Il n'est pas admissible, en effet, car cela est de nature à porter la plus grave atteinte à l'existence même des syndicats agricoles, que sous couleur de syndicat agricole, on fasse une concurrence éhontée au petit commerce. (Très bien! très bien 1)"
1909-12-07,de Gailhard-Bancel,Nous sommes d'accord avec le petit commerce.
1909-12-07,Renard,Je pourrais cependant vous citer les réclamations très nombreuses de petits commerçants qui protestent avec énergie contre les opérations commerciales de certains syndicats agricoles. Il n'est pas contestable qu'il est nécessaire de mettre le plus tôt possible un terme à un état de choses anormal d'où naissent continuellement des causes de conflit et de discorde entre les habitants de nos communes.
1909-12-07,11,"Il le faut dans l'intérêt des syndicats agricoles sérieux, qui ne demandent qu'à sortir de la situation fausse où ils se trouvent et à pouvoir servir légalement d'intermédiaires à leurs adhérents pour l'achat des produits exclusivement nécessaires à l'exploitation du sol. Ceux-là ne demandent pas a faire concurrence au petit commerce local; ils savent très bien qu'en résulterait une cause nouvelle de dépopulation de nos communes dont les agriculteurs seraient les premiers à souffrir. Jg, Il le faut aussi pour le maintien de l'union et de la concorde entre des groupements importants de citoyens dont l'intérêt est de s'unir et de s'entendre et non pas de chercher à se causer de graves préjudices les uns aux autres."
1909-12-07,le ministre de l'agriculture,Vous parlez le langage du bon sens !
1909-12-07,Renard,"Vous avez dit, monsieur le ministre, le 17 décembre dernier, qu'il était nécessaire de ne pas laisser s'engager, dans nos campagnos, au détriment de la paix sociale, une véritable lutte mettant aux prises les agriculteurs et le petit commerce local."
1909-12-07,Renard,"C'est en vous rappelant ces paroles si justes et si vraies que je termine, en vous demandant de leur donner le plus tôt possible la sanction légale qui leur est si nécessaire. (Applaudissements.)"
1909-12-07,le président,La parole est à M. Leroy-Beaulieu.
1909-12-07,Pierre Leroy-Beaulieu,"Je ne veux soumettre à la Chambre que de très courtes observations; je crois, en effet, qu'étant donnée la longueur de cette discussion, le meilleur moyen pour moi d'attirer la sympathie de mes collègues sur les intérêts que j'ai à défendre, sera d'être très bref."
1909-12-07,Pierre Leroy-Beaulieu,J'attire à nouveau l'attention de M. le ministre de l'agriculture et de mes collègues sur la situation malheureuse des populations du Midi.
1909-12-07,Noulens,Hélas ! toujours elle !
1909-12-07,Pierre Leroy-Beaulieu,Sans doute la situation de la viticulture s'est un peu relevée cette année ; le cours des vins a remonté par suite de diverses circonstances et notamment à cause de l'application énergique de la loi sur la répression des fraudes.
1909-12-07,Lasies,Parfaitement.
1909-12-07,Augé,Il faut réprimer la fraude et il faut aussi avoir la préoccupation des années d'abondance. La récolte déficitaire de 1909 a été un excellent élément de hausse.
1909-12-07,Pierre Leroy-Beaulieu,Il ne faut pas croire que la situation soit définitivement rétablie à l'heure actuelle.
1909-12-07,Lasies,Les cours se sont relevés de79
1909-12-07,Lasies,puis qu'on est convaincu que la Chambre ne votera pas les impôts nouveaux qui nous Sont proposés.
1909-12-07,le rapporteur général,Le relèvement des cours a eu lieu avant que la question des impôts nouveaux ait été posée. Il s'est effectué depuis qu'on est certain que la fraude est vigoureusement réprimée.
1909-12-07,Lasies,"Non, depuis qu'on est certain que la Chambre ne votera pas les impôts nouveaux qui nous Sont, proposés."
1909-12-07,le rapporteur général,Quel rapport cela a-t-il avec les vins ?
1909-12-07,Lasies,Ces impôts seraient pires que le phylloxera.
1909-12-07,rapporteur général,Quel rapport cela a-t-il avec les vins ?
1909-12-07,Lasies,Ces impôts seraient pires que le phylloxera.
1909-12-07,Pierre Leroy-Beaulieu,"Je ne voudrais pas mêler les questions. Je suis un adversaire déterminé des impôts proposés par l'honorable M. Cochery, cependant la vérité m'oblige à constater que le relèvement des cours des vins a commencé antérieurement au jour où leur rejet est devenu certain. Je ne dis pas que la certitude de ee rejet n'ait pas contribué à accentuer le mouvement."
1909-12-07,Pierre Leroy-Beaulieu,"Quoi qu'il en soit, ce serait une illusion de croire que la crise viticole est définitivement conjurée et qu'elle ne renaîtra pas parce que, cette année, en présence de la répression énergique de la fraude et d'une récolte très déficitaire, les cours se sont relevés. Il y a des précautions à prendre pour l'avenir si l'on ne veut voir reparaître un état de misère que nous devons tous nous efforcer d'écarter à jamais."
1909-12-07,Pierre Leroy-Beaulieu,"Aussi ai-je été très heureux de trouver dans le rapport de notre honorable collègue M. Noulens, et également — ce à quoi je m'attendais d'ailleurs, car je savais ses intentions — dans les paroles de M. le ministre de l'agriculture, l'assurance que la question des canaux du Rhône était l'objet de toute la sollicitude du Gouvernement et que très prochainement un projet de loi serait déposé pour la résoudre."
1909-12-07,Lasies,"'Ce n'est pas que nous considérions, dans. le Midi, l'exécution des canaux du Rhône comme étant la seule panacée en matière de crise viticole, car la plupart d'entre nous n'admettent pas que ceHe crise soit avant tout une crise de surproduction. Je ne pense pas, quant à moi, qu'il y ait surproduction chronique de vin naturel en France. Il y a eu une surproduction artificielle. Il peut y avoir eu dans certaines années exceptionnellement abondantes, une légère surproduction naturelle, mais cette surproduction n'existe pas d'une façon normale, habituelle."
1909-12-07,Augé,"Il y a des années d'abondance et des années de disette. En 1907, il y a eu une surproduction totale pour la France et l'Algérie de 75 millions d'hectolitres."
1909-12-07,Lasies,Cela se produit une année sur dix.
1909-12-07,Pierre Leroy-Beaulieu,"J'admets parfaitement, je le répète, que, dans certaines années exceptionnelles, il puisse y avoir un peu de surproduction naturelle ; mais on ne. peut raisonnablement prétendre que cela se présente plus d'une année sur huit ou dix."
1909-12-07,Augé,"On peut avoir des années consécutives déficitaires, comme des années d'abondance. La normale n'est point une règle invariable."
1909-12-07,Pierre Leroy-Beaulieu,"La crise viticole' étant définie dans ces termes, il. est clair que le premier remède, le plus essentiel de tous, consiste à réprimer la surproduction artificielle. Cette répression est assurée par la bonne exécution des ,Jois que nous avons votées, d'une part par la loi générale de 1905 sur la répression des fraudes et d'autre part, par la loi du 29 juillet 1907 sur le sucrage et le mouillage. Elle sera mieux assurée encore lorsque nous aurons complété cette loi suivant les indications qui nous ont été données par la commission d'enquête sur la viticulture."
1909-12-07,Lasies,Et si l'on veille attentivement à l'application de la formalité de la déclaration de récolte 1
1909-12-07,Pierre Leroy-Beaulieu,"D'autre part, la surproduction naturelle verra ses effets conjurés si l'on adopte certaines modifications au régime de l'alcool, si l'on accorde notamment des avantages à la distillation des vins."
1909-12-07,Augé,"C'est ce que nous demandons depuis longtemps, mais tous nos collègues du Midi même n'ont pas toujours secondé nos efforts dans ce sens."
1909-12-07,Pierre Leroy-Beaulieu,"J'ai toujours été partisan d'accorder des avantages à la distillation des vins. Si je n'ai pu me rallier aux modalités de tel ou tel projet, j'en ai toujours approuvé le principe."
1909-12-07,Augé,Approuver le principe ne suffit pas. Qui veut la fin doit vouloir les moyens.
1909-12-07,Pierre Leroy-Beaulieu,"n faudra se préoccuper, tout en favorisant la distillation des vins, de modifier le régime de l'alcool de façon à assurer l'écoulement normal des produits de cette distillation sans porter atteinte à une partie quelconque de la production d'alcool française. Il est possible d'y parvenir en assurant, par de sages mesures, aux alcools de vin et de fruits, des avantages sur le marché de la consommation de bouche..."
1909-12-07,Lasies,Très bien 1
1909-12-07,Pierre Leroy-Beauliou,"... et en assurant également des avantages au point de vue de la consommation industrielle aux autres alcools produits sur notre sol, de telle façon que tous les agriculteurs français puissent y trouver leur compte."
1909-12-07,Augé,Très bien.
1909-12-07,Pierre Leroy-Beaulieu,"Tout en plaçant ces mesures en première ligne, je considère que la possibilité pour nos régions méridionales de se livrer à la polyculture leur serait aussi d'un très grand secours. Cela permettrait d'abord de diminuer l'offre du vin sur le marché, et de parer à la dépréciation des prix même dans les années exceptionnellement abondantes où il peut y avoir surproduction naturelle, années rares aujourd'hui, mais qui pourraient peut-être devenir fréquentes si les procédés culturaux se perfectionnaient encore et surtout si la vigne continuait à s'étendre en de nouvelles régions comme elle a eu tendance à le faire depuis quinze ou vingt ans vers le Nord ou en Algérie."
1909-12-07,Augé,Et en Tunisie.
1909-12-07,Lasies,Ce ne sont pas les vins tunisiens qui nous font concurrence; ce sont les vins italiens qui vont se faire naturaliser français en Tunisie et qui nous reviennent en franchise.
1909-12-07,Augé,Parfaitement 1
1909-12-07,Pierre Leroy-Beauliou,"S'il y a des fraudes financières de ce côté, il faut veiller sévèrement à les réprimer."
1909-12-07,Pierre Leroy-Beaulieu,Mais l'exécution des canaux du Rhône permettrait surtout au Midi de ne pas « mettre tous ses œufs dans le même panier ».
1909-12-07,Pierre Leroy-Beaulieu,"Indépendamment de la question de surproduction de récolte, n'est-il pas très fâcheux pour une région d'être rivée à une seule culture-?"
1909-12-07,Augé,Parfaitement 1
1909-12-07,Pierre Leroy-Beauliou,"S'il y a des fraudes financières de ce côté, il faut veiller sévèrement à les réprimer.
Mais l'exécution des canaux du Rhône permettrait surtout au Midi de ne pas « mettre tous ses œufs dans le même panier ».
Indépendamment de la question de surproduction de récolte, n'est-il pas très fâcheux pour une région d'être rivée à une seule culture-? Si celle-ci se trouve atteinte
•
par des calamités naturelles, par des per~ turbations climatériques, des gelées au pria.-. temps, un automne humide qui empêche de faire les vendanges dans de bonnes conditions, alors les malheureux cultivateurs ne peuvent plus compenser les pertes qu'ils subissent sur le vin par des gains qu'ils pourraient réaliser par ailleurs.
En donnant au Midi méditerranéen la possibilité de faire d'autres cultures, on lui permettra de supporter sans en souffrir autant, les divers fléaux naturels qui menacent toujours l'agriculture."
1909-12-07,Lasies,Et l'argent nécessaire pour transformer la culture; car cela coûte cher.
1909-12-07,Pierre Leroy-Beaulieu,"Cette eau bienfaisante, c'est le ""Rhône qui nous l'offre. , En l'amenant dans nos plaines, on pourra — ainsi que le disait hier M. François Fournier en faisant l'historique des canaux d'irrigation dérivés du Rhône — obtenir, sur la rive droite du Rhône ce qu'on obtient sur la rive gauche : fourrages, fruits, légumes, primeurs, toutes denrées dont le marché est déjà extrêmement étendu et s'étend tous les jours.
Voilà le rôle que nous voulons voir jouer aux canaux d'irrigation dérivés du Rhône dans la solution de la crise viticole. Ils nb seront pas une panacée, mais ils permettront aux habitants de la rive droite du Rhône de varier leurs cultures, comme les habitants de la rive gauche varient les leurs4 Cette question des canaux dérivés du Rhône se pose dans des conditions différentes de celles où elle se posait il y 'a trente ans. C'est le point sur lequel je voudrais maintenant insister. Quelles sont les raisons qui ont fait abandonner jadis le projet des canaux d'irrigation ?"
1909-12-07,Tie,"au moins de ces forces et de réduire encore par ce moyen, le coût de l'entreprise."
1909-12-07,Aucun obstacle,"aujourd'hui, aucun obstacle ne s'oppose plus à la construction des canaux du Rhône ; aucun obstacle venant du prix trop élevé des canals; aucun obstacle résultant de ce que les intérêts de certaines autres régions seraient heurtés. Ce n'est plus qu'une dépense de 60 à 80 millions, c'est-à-dire bien peu de chose, si on la compare à celles que d'autres pays ont consacrées à des entreprises d'irrigation."
1909-12-07,Sans nous arrêter,"aux travaux colossaux ' exécutés par les Anglais en Egypte et dans l'Inde, nous voyons que le gouvernement des Etats-Unis, qui a, dans le Sud-Ouest, des régions dont le climat est assez analogue à celui du midi de la France et même beaucoup plus excessif, dépense, en vertu d'une loi de 1902'. une somme de 360 millions de francs, répartie .sur dix ans, pour l'irrigation de 750,000 hectares. Il y a là une œuvre absolument colossale, des percements de tunnels de 10 kilomètres de Ion-* gûeur par lesquels on doit conduire l'eau d'une vallée dans une autre, l'édification de barrages qui ont jusqu'à 100 mètres de haut. Auprès de tels travaux, aujourd'hui presque terminés, le projet de canaux dont nous demandons l'exécution au Gouvernement et à la Chambre est réellement une œuvre' très facile et très simple."
1909-12-07,Je crois,"que, dans ces conditions, étant donnée la modicité du prix des travaux que nous demandons, étant donné qu'ils ne heurtent plus aucun intérêt, ni le Gouvernement, ni la Chambre ne nous refuseront les crédits nécessaires."
1909-12-07,Je sais,"que le Gouvernement, comme je le disais tout à l'heure, s'apprête à déposer un projet. J'espère que ce dépôt sera le plus prochain possible, parce que si lé projet pouvait être adopté avant la fin de la législature, nous éviterions des retards considérables et sa réalisation apporterait alors un soulagement réel à l'état de ces malheureuses populations, qui bénéficient aujourd'hui d'une légère détente à la crise qui les a ruinés, mais mettront de bien longues années à s'en relever, à moins qu'on ne leur vienne très efficacement en aide. (Applaudissements.)"
1909-12-07,M. le président,La parole est à M. Noël.
1909-12-07,M. Noël,"Messieurs, je m'excuse presque de monter à cette tribune, tant les explications que j'ai à fournir seront courtes."
1909-12-07,Tout d'abord,"je m'associe aux paroles prononcées hier par deux de nos collègues au sujet surtout de l'extension de l'enseignement agricole. Je souhaiterais, en particulier, qu'il y ait plus de cohésion et de collaboration de la part du Gouvernement et des conseils généraux, au sujet précisément de l'enseignement agricole, dans certains collèges des régions tout à fait rurales."
1909-12-07,On pourrait,"si ainsi donner pendant l'hiver, aux enfants des campagnes, une instruction ^presque exclusivement technique, et pen-dant la période d'été, quand les élèves auraient rejoint leurs familles, le titulaire de la chaire suppléerait à l'insuffisance des conférences des professeurs départementaux."
1909-12-07,En attendant,qu'il me soit surtout permis de demander à ces derniers de modifier quelque peu leur enseignement.
1909-12-07,"Or, dans la Meuse","en 1908, je trouve seize conférences seulement, portant toutes sur la mutualité."
1909-12-07,Il paraît,"d'ailleurs, que cette année le professeur était souffrant, et je passe condamnation au sujet du nombre restreint de ses conférences. Cependant,"
1909-12-07,Je passe,"condamnation au sujet du nombre restreint de ses conférences. Cependant,"
1909-12-07,Si je me reporte au rapport de M. Noulens,j'y vois l'analyse des lois nouvelles ayant trait à l'agriculture ; il y traite de main de maître la question des remembrements; je constate que le département de Meurthe-et-Moselle est en tête avec vingt remembrements. M. Noulens traite aussi la question des abornements;
1909-12-07,Je lis,"avec plaisir dans le rapport que sur 587 communes de la Meuse, 100 ont déjà réalisé ces abornements si avantageux et si nécessaires dans les pays de petite propriété rurale. Il nous parle encore de la loi de 1908 sur la petite propriété,"
1909-12-07,Il nous,"parle encore de la loi de 1908 sur la petite propriété, et il aborde la question si importante et si humaine du bien de famille ; il termine en disant : « Pour que la loi de 1909 donne des résultats appréciables, il faut en propager les applications ». Elle est bien vraie,"
1909-12-07,En effet,"la parole prononcée dernièrement à cette tribune par M. le président du conseil. « En France, disait-il, — et si ne sont les termes mêmes qu'il employait, c'est du moins l'idée qu'il exprimait — nous cherchons toujours du nouveau, et il arrive souvent que nous ne réalisons pas les progrès mêmes dont les principes ont été posés par les lois nouvelles que nous avons votées ». En effet,"
1909-12-07,Quilbeuf,"Ceux qui ont essayé de se rendre compte de la composition de la Chambre actuelle au point de vue des professions et qui ont pu savoir que les agri- . culteurs — les vrais, ceux qui ont fait le métier — sont au nombre de neuf ou dix seulement dans cette enceinte..."
1909-12-07,Plissonnier,Combien dites-vous ?
1909-12-07,Quilbeuf,Neuf ou dix.
1909-12-07,Plissonnier,Il sont plus nombreux que cela.
1909-12-07,Quilbeuf,Je parle de ceux qui n'ont fait que cela pendant leur jeunesse.
1909-12-07,Bouveri,Il faut distinguer entre ceux qui tirent un revenu de leur culture et ceux qui cultivent eux-mêmes. Notre collègue Ducarouge est peut-être le seul qui ait fait vraiment le métier d'agriculteur.
1909-12-07,Quilbeuf,"Moi aussi j'ai conduit la charrue, et même depuis que je suis député."
1909-12-07,Brousse,Vous êtes un homme pratique !
1909-12-07,Quilbeuf,Je n'ai jamais été que cela. M. Jules-Armand Razimbaud. C'est comme si vous disiez qu'il ne faut pas se soigner sous prétexte que l'on est malade !
1909-12-07,Quilbeuf,"Je crois que l'on peut arriver au résultat que désire le collègue auquel je réponds et que nous désirons tous, c'està-dire attacher de plus en plus le paysan à sa terre, afin qu'il n'abandonne pas nos communes rurales. Le meilleur moyen, c'est que les pouvoirs publics nous proposent des lois pour favoriser le travail du paysan et lui rendre la vie plus facile."
1909-12-07,Plissonnier,Non.
1909-12-07,Quilbeuf,"Vous voyez bien que vous êtes de mon avis, je suis heureux de le constater."
1909-12-07,Plissonnier,"Sur ce point, mais non pas sur l'autre."
1909-12-07,Quilbeuf,"J'ai, moi-même, un jour, interrompu le président de la commission pour lui faire cette observation. Il m'avait promis une réponse, je l'attends toujours et je crois qu'elle ne viendra jamais, parce qu'il ne pourra pas la faire."
1909-12-07,Quilbeuf,"La loi porte, en effet, que tout travailleur ne gagnant pas plus de 1,500 fr. ne payera pas d'impôt — d'impôt d'Etat, bien entendu — mais le petit paysan qui cultive sa terre, le travailleur agricole, payera à partir de 1,250 fr.; même s'il travaille avec sa femme, tandis qu'il pourrait être dégrevé jusqu'à concurrence de 3,000 fr., si ce ménage travaillait dans l'industrie."
1909-12-07,Quilbeuf,Il y a là une mesure législative qui n'est pas en faveur des familles agricoles et qui n'engagera pas les cultivateurs à rester sur le lopin de terre qu'ils ont recueilli de leurs parents ou qu'ils ont acheté ou augmenté de leur propre travail.
1909-12-07,Quilbeuf,"Je le regrette, parce que, ayant été cultivateur moi-même, il m'a été possible de constater avec quelle persévérance, avec quelle ténacité le paysan s'attache à sa terre."
1909-12-07,Quilbeuf,"J'abrège, messieurs. (Parlez! parlez!) L'année dernière, à l'occasion du budget de l'agriculture, j'avais signalé une erreur que j'avais relevée concernant la production du cidre. Les paroles que j'avais prononcées ayant été publiées, un ancien instituteur de mon arrondissement, M. Grébauval, qui, depuis plus de trente ans, avait marqué ce qu'il récoltait de cidre lors de son brassage de chaque année, m'a communiqué son travail et l'a envoyé à M. le ministre de l'agriculture. Je n'insiste pas davantage sur ce point particulier, je signale simplement que le travail très sérieux de cet ancien instituteur concordait absolument avec les observation^ que j'avais présentées."
1909-12-07,Quilbeuf,"Cette année, le rapport nous donne le total de la production; mais comme il ne fait aucune comparaison, je passe sur ce point."
1909-12-07,Quilbeuf,"Je désire présenter une autre observation. A la page 6 de son rapport, M. Noulens nous fait savoir qu'en 1907 la. production des betteraves fourragères a été à l'hectare de 278 quintaux, et celle des betteraves à sucre, de 239 quintaux. Je ne puis m'empêcher de penser, moi qui connais cette culture, que ces chiffres sont inexacts."
1909-12-07,Noulens,"Permettez-moi de vous dire que les chiffres que j'ai reproduits m'ont été fournis par le ministère de l'agriculture. Je ne crois pas, d'ailleurs, que ces chiffres soientinexacts en ce qui concerne la production que vous examinez. Vous jugez de la production des betteraves fourragères d'après votre région..."
1909-12-07,Quilbeuf,Mais non !
1909-12-07,Noulens,Elle est moins favorisée que la vôtre.
1909-12-07,Quilbœuf,"En admettant que la production de la betterave soit plus abondante dans la région que j'habite que dans celle de M. le rapporteur, cela ne prouve pas qu'il n'y ait pas plus de 4,000 kilogr. de différence, par hectare, entre la production de la betterave fourragàre et la production de la betterave sucrière. Vous dites que votre région est pauvre..."
1909-12-07,Noulens,Il n'y a pas de différence entre les deux régions.
1909-12-07,Quilbœuf,"Si vous ne pouvez comparer votre région à la mienne, laissez-moi dire que dans toutes les régions, quelles qu'elles soient, dans les terrains les meilleurs comme dans les moins bons, là où on fait l'une et l'autre betterave, il y a plus de 4,000 kilogr. de différence à l'hectare. C'est la pratique qui le démontre; aucune théorie ne peut détruire ce fait."
1909-12-07,Noulens,"Nous ne pouvons pas cultiver la betterave sucrière; nous nous contentons de la betterave fourragère, dont le rendement est chez nous bien inférieur à celui de votre région."
1909-12-07,Plissonnier,C'est le cas dans l'est et l'ouest de la France.
1909-12-07,Plissonnier,endement est chez nous bien inférieur à celui de votre région.
1909-12-07,Plissonnier,C'est le cas dans l'est et l'ouest de la France.
1909-12-07,Quilbœuf,"Si vous ne pouvez comparer votre région à la mienne, laissez-moi dire que dans toutes les régions, quelles qu'elles soient, dans les terrains les meilleurs comme dans les moins bons, là où on fait l'une et l'autre betterave, il y a plus de 4,000 kilogr. de différence à l'hectare. C'est la pratique qui le démontre; aucune théorie ne peut détruire ce fait."
1909-12-07,le rapporteur,"Mon cher collègue, les chiffres que j'ai fournis dans mon rapport m'ont été communiqués par le ministère de l'agriculture, Je crois qu'ils peuvent se justifier en fait; je n'ai d'ailleurs pas à en prendre la responsabilité. M. le directeur de l'agriculture, qui est ici présent, pourra vous les confirmer."
1909-12-07,Quilbeuf,"Je veux simplement observer que, dans un rapport imprimé comme celui que nous avons sous les yeux, les chiffres doivent être considérés comme officiels ..."
1909-12-07,le rapporteur,"Ils sont officiels, et je les crois exacts."
1909-12-07,Quilbeuf,Il serait bon que l'on ne pût pas les contredire ; il vaudrait mieux que l'on fût obligé de les accepter parce qu'on en reconnaîtrait l'exactitude. Telle est la simple observation que je voulais présenter.
1909-12-07,Quilbeuf,"Voici une autre erreur. Vous nous donnez, monsieur le rapporteur, aux pages 18 et 19 de votre rapport, un tableau des importations et des exportations, et vous faites ressortir les différences qu'il y a entre les unes et les autres. il est regrettable que dans un document dé cette importance on puisse relever des fautes. Et certainement les constatations de ce genre seraient plus nomBreuses encore si on nous avait donné le temps d'étudier plus sérieusement les documents qu'on met à notre disposition."
1909-12-07,le rapporteur,Mon rapport est distribué depuis trois semaines !
1909-12-07,Quilbeuf,"Il n'est pas le seul qui ait été distribué, et mon observation reste entière. Je continue."
1909-12-07,le rapporteur,"Vous indiquez que, pour les farineux alimentaires, les importations représentaient, en 1906, une valeur de 327,006,732 fr., et, en 1907, de 321,309,795 fr. seulement. Et, à la colonne spéciale, vous ajoutez que cela représente une augmentation de 1.7 p. 100. La diminution est de près de 6 millions, il ne peut donc pas s'agir d'une augmentation !"
1909-12-07,le rapporteur,Je ne peux pas discuter tous les chiffres qui figurent dans ce tableau. Ce sont des chiffres officiels qui m'ont été fournis par le ministère du commerce et parle ministère de l'agriculture et qui figurent dans toutes les statistiques administratives.
1909-12-07,Quilbeuf,Pour ma part je le regrette vivement et il serait nécessaire de les établir avec plus d'exactitude.
1909-12-07,le rapporteur,"Ce n'est pas moi qui les ai établis. Ils ont été vérifiés un par un et rectifiés d'après des documents officiels. Ils m'ont été fournis, je le répète, par le ministère du commerce, par le ministère de l'agriculture et même par l'administration des douanes."
1909-12-07,Quilbeuf,"Voici encore une erreur que j'ai relevé dans le même tableau,"
1909-12-07,le rapporteur,Je vous ferai la même réponse.
1909-12-07,Quilbeuf,"Je lis qu'en 1906 les importations avaient atteint 201,600,000 fr., contre 203,752,612 fr. en 1907, et l'on évalue le taux d'accroissement à 10.6 p. 100."
1909-12-07,le rapporteur'général,La virgule est mal placée : il faut lire 1.06. C'est une erreur d'impression qui se corrige d'elle-même.
1909-12-07,Quilbeuf,Ce n'est pas à nous de faire ces corrections.
1909-12-07,le rapporteur,"Vous m'avez annoncé, Il y a quelques jours, que vous vous proposiez de me poser plusieurs questions. Si vous m'aviez signalé ces prétendues erreurs de chiffres, j'aurais pu les contrôler et vous apporter aujourd'hui les chiffres exacts au cas où vos critiques auraient été justifiées."
1909-12-07,Fernand David,Cela n'empêche pas le rapport de M. Noulens d'être bien fàit et très complet. [Très bien! très bien 1)
1909-12-07,Quilbeuf,"Je le reconnais volontiers, Je ne veux donc pas insister; je me borne a signaler que j ai relevé encore d'autres chiures erronés. J'espère qu'une autre fois nous ne trouverons plus de ces erreurs."
1909-12-07,Quilbeuf,Je passe maintenant à une autre observation. J'ai eu l'occasion d'assister à plusieurs concours agricoles cette année. M. le ministre avait bien voulu me nommer membre du jury au concours agricole de Nantes. Je m'y suis rendu et là je me suis trouvé avec un grand nombre d'exposants qui ont l'habitude de participer aux concours agricoles de notre région normande et même d'ailleurs.
1909-12-07,le ministre de l'agriculture,"Vous avez dû constater, par la lecture du Journal officiel, que les dates sont déjà fixées pour la première partie du concours."
1909-12-07,Quilbeuf,"Eh bien, monsieur le ministre, permettez à un vieux praticien, qui a assisté et pris part à bien des concours agricoles, de soumettre une simple observation à votre bienveillante attention. Il est des catégories d'animaux pour lesquelles les agriculteurs et les éleveurs ont besoin d'être renseignés depuis longtemps. C'est pour eux affaire d'une grande importance."
1909-12-07,Quilbeuf,"Il est, en effet, nécessaire, pour présenter certaine animaux, de savoir plus de six mois à l'avance à quelle époque aura lieu le concours. Je n'ai pas besoin de préciser; TOUS devez comprendre ce que je veux dire."
1909-12-07,Quilbeuf,Les éleveurs qui participeront au concours de 1910 sont dès maintenant assurés qu'ils ne pourront pas prendre les dispositions indispensables pour que leurs animaux se présentent dans les meilleures conditions possibles.
1909-12-07,Quilbeuf,"Je n'adresse pas de critique à l'administration puisqu'il y aura cette année une modification importante dans la tenue des concours agricoles, mais je demande à M. le ministre de tenir compte de cette observation lorsqu'il s'agira de fixer l'époque des concours, et de faire en sorte que cette date soit changée le moins possible."
1909-12-07,Lemire,Il en est de même pour des concours tenus dans le Nord.
1909-12-07,François Astièr (Hérault),"Messieurs, je m'excuse de retenir quelques instants l'attention de la Chambre à l'heure où nous avons tous le désir de voter rapidement le budget. Je serai court et j'irai vite."
1909-12-07,Il,"Il est très simple de conseiller d'arracher, il est plus difficile, de s'y résoudre sans compensations certaines. (Très bien! très bien! sur divers bancs.) Sans doute, à la longue l'équilibre s'établit entre la production et la comsommation, entre l'offre et la demande."
1909-12-07,Messieurs,"Il ne faut pas nous reprocher les années]de prospérité, elles ont été si rares depuis vingt ans et si peu d'entre nous en ont profité ! (Très bien 1 très bien 1 sur divers bancs.) Elles n'ont pas suffis à reconstituer les capitaux d'exploitation et de réserve que nécessite la monoculture et que la reconstitution du vignoble avait absorbés."
1909-12-07,J'espère,tous leurs représentants nous témoigneront leur sympathie dans la discussion prochaine du projet du Gouvernement et de la commission d'enquête viticole. (Applaudissements sur divers bancs.)
1909-12-07,On ne peut pas nous faire le reproche,"d'être restés inactifs pendant ce temps, sans doute je ne donne pas comme un exemple d'activité féconde les manifestations méridionales qui, commencées dans la bonne humeur, ont eu la fin douloureuse que vous connaissez. Cependant elles n'ont pas été inutiles puisqu'elles ont provoqué la répression des fraudes sur toutes les matières alimentaires."
1909-12-07,"tout de même, messieurs",n'est-il pas un peu triste de penser qu'il a. été nécessaire de faire presque une révolution pour arriver à réprimer des agissements qui atteignaient si violemment la richesse de ce pays et la santé de ses habitants?
1909-12-07,La confédération générale des vignerons,née de ces manifestations prête une aide utile au Gouvernement. Elle a un beau rôle à remplir si elle sait réprimer le zèle parfois excessif de ses agents et rester dans les limites qu'elle s'est tracée de coopérer avec le Gouvernement à la répression de la fraude.
1909-12-07,C'est avec une satisfaction profonde,que j'ai lu les pages du remarquable rapport de M. Noulens qui rendent compte des travaux et des résultats du service des fraudes.
1909-12-07,M. Ferdinand Bougère,Je vous prie de vous expliquer SliD'Ce point.
1909-12-07,M. François Astier (Hérault),"Moi je félicite le ministre, je l'invite à continuer et je ne plains pas, comme M. Bougère, le million employé au service des fraudes."
1909-12-07,M. Ferdinand Bougère,"Je n'ai jamais demandé qu'on cessât de réprimer la fraude, je n'ai jamais demandé qu'on n'épure pas les semences livrées à la culture. J'ai insisté sur la nécessité de tenir compte des difficultés matérielles qu'éprouvent les producteurs de graines, faute des moyens de se procurer des machines trieuses, à procéder eux-mêmes à une épuration qui est l'affaire du commerce."
1909-12-07,M. Ferdinand Bougère,Je suis surpris du reproche que vous m'adressez.
1909-12-07,M. François Astier (Hérault),"Vous avez dit que la ,dépense du service de répression des fraudes était trop élevée. Je suis disposé, au contraire, à demander à la Chambre d'élever le crédit."
1909-12-07,M. Ferdinand Bougère,Je ne trouve pas les résultats obtenus proportionnés à la dépense.
1909-12-07,"M. PaulDoumer, rapporteur général.",Le crédit a été élevé d'ailleurs.
1909-12-07,M. François Astier (Hérault),"Nous avons organisé le crédit agricole dans notre région par la création de deux cent dix caisses locales dans lesquelles sont associés solidairement plus de seize mille viticulteurs. Un seul chiffre suffira pour montrer l'importance de l'action de nos institutions de crédit -agricole : pendant les quatre dernières années de crise viticole, notre caisse régionale du Midi a fait pour plus de 70 millions de prêts."
1909-12-07,Il s'est organisé,"avec le concours de la Régionale plus de vingt coopératives de production et de vente qui écoulent plus de 300,000 hectolitres de vin."
1909-12-07,Nous fondons,des coopératives de distillation qui déjà fonctionnent et sont prêtes à utiliser les dispositions de la législation nouvelle sur le régime de l'alcool que nous attendons de la bonne volonté de la Chambre.
1909-12-07,"A ce propos, je prierai M. le ministre","d'intervenir auprès de son collègue des finances pour qu'il retire les mesures fiscales récemment prises contre les coopératives de distillation; la loi ne les commande pas, et elles seraient de nature à entraver la création de ces coopé-. ratives de distillation que le fisc a tout intérêt à développer pour empêcher la fraude de l'alcool."
1909-12-07,Nous avons fondé,"des mutuelles contre l'incendie, nous avons déjà quatre-vingt sociétés locale et une régionale de réassurance. Nous assurons 120 millions : depuis la fondation, c'est-à-dire en deux ans, nous avons eu un seul accident pour 1,400 fr. Dans dix ans nous économiserons 1 million annuellement à notre région."
1909-12-07,M. Emmanuel Brousse,Très bien ! Il faut montrer que le Midi travaille.
1909-12-07,M. François Astier (Hérault),Nous voudrions maintenant bâtir des caves coopératives pour le logement du vin dans les villages où la vaisselle vinaire n'existe pas ou bien se trouve insuffisante et où les viticulteurs ruinés ne peuvent plus faire la dépense nécessaire. C'est une des causes permanentes de crise que l'existence de ces 2 ou 3 millions d'hectolitres non logé à la récolte de chaque année qui existent dans quelques communes du Gard et de l'Hérault.
1909-12-07,Astier,Nous voudrions maintenant bâtir des caves coopératives pour le logement du vin dans les villages où la vaisselle vinaire n'existe pas ou bien se trouve insuffisante et où les viticulteurs ruinés ne peuvent plus faire la dépense nécessaire. C'est une des causes permanentes de crise que l'existence de ces 2 ou 3 millions d'hectolitres non logé à la récolte de chaque année qui existent dans quelques communes du Gard et de l'Hérault.
1909-12-07,Astier,"A cette occasion, je demanderai à M. le ministre où en sont les travaux de la commission chargée d'étudier la*question des prêts du Crédit foncier pour les entreprises d'améporations agricoles, constituée par arrêté du 6 mai 1906, Le Crédit foncier est tenu, vous le savez, de faire à l'agriculture pour améliorations foncières, 100 millions de prêts, par application des lois des 23 juillet 1856, <88 mai 1858 et 5 mai 1869. Peut-on savoir ce qui reste disponible de ces 100 millions? Peut-on savoir aussi quelles sont les améliorations foncières agricoles susceptibles désormais de faire l'objet de prêts du Crédit foncier et si la construction des caves individuelles ou coopératives peut être comprises dans ces améliorations ? Pourrat-on y comprendre les frais de transformation des champs de vigne en luzernes irriguées et en jardins potagers, ce qui demande des capitaux abondants?"
1909-12-07,Astier,"Nous avons fait, je vous l'assure, messieurs, tous les efforts individuels et collectifs dans la voie de l'association, de la coopération et de la mutualité agricoles. Nous sommes allés plus loin, plus haut, plus vite qu'aucune autre région de la France. Nous n'en tirons aucune vanité, la misère nous a aidés. Nous avons été, je me plais à le reconnaître, et j'en rends hommage à M. le ministre et à ses distingués collaborateurs de l'hydraulique et du crédit agricole, puissamment aidés, encouragés par le ministère de l'agriculture. (Très bien / très bien!)"
1909-12-07,Astier,Il appartient au Gouvernement et à la Chambre de compléter notre effort par des mesures législatives qui nous permettent de distiller utilement nos produits les années d'abondance ou de mévente.
1909-12-07,Astier,"Nous voulons, monsieur le ministre, résolument tenter la polyculture. Il est bien entendu que la vigne restera toujours la culture principale, celle qui apportera l'argént dans la caisse du vigneron. Nous voulons simplement essayer de produire ce que nous consommons sur la ferme : le fourrage, l'avoine, les légumes, les fruits que nous achetons toujours en abondance et fort cher."
1909-12-07,Astier,"Mais pour réaliser notre ambition, même ainsi limitée, il nous faut trois choses."
1909-12-07,Astier,"D'abord l'aide du corps enseignant. Nous avons demandé jadis à nos professeurs d'agriculture de nous apprendre la culture intensive de la vigne, de nous enseigner l'art d'augmenter nos productions, d'améliorer les qualités de nos produits. Nous leur demandons aujourd'hui de nous apprendre à produire les fourrages, les légumes, les fruits, tout ce que nous consommons."
1909-12-07,Astier,"Je sais que les professeurs de notre école d'agriculture de Montpellier sont tout disposés à seconder nos efforts, il suffirait de leur donner la possibilité de le faire. Vous avez vu, monsieur le ministre, lors.de votre voyage à Montpellier, dans quel état étaient les locaux de l'école d'agriculture, vous avez pu constater l'insuffisance des champs d'expérience, presque tous occupés par d'intéressantes études sur la vigne. M. le rapporteur général du budget, qui a bien voulu répondre à mon invitation, vous confirmera que cet état a sensiblement empiré."
1909-12-07,Astier,"Sans doute nos professeurs, dont l'enseignement est remarquable suppléent, tant bien que mal, par leur bon vouloir, à cette situation lamentable : l'un fait son cours dans une grange, l'autre loge ses instruments de précision dans un grenier, sous les toits ; les élèves sont empilés dans des salles trop petites."
1909-12-07,Astier,"M. le ministre me répondra que l'Etat, n'étant pas propriétaire des immeubles, qui appartiennent partie au département de l'Hérault, partie à la ville de Montpellier, ne peut pas faire des dépenses sur des immeubles dont il n'est que locataire. Il faut cependant mettre fin à cette situation, il faut demander au département et à la ville de Montpellier de céder leur propriété à l'Etat à des conditions à débattre. Songez qu'on a dépensé plus de 600,000 fr. à l'école nationale de Grignon pendant qu'on. employait parcimonieusement quelques billets de mille francs à l'école nationale de Montpellier."
1909-12-07,Astier,"Quant aux professeurs départementaux,"
1909-12-07,Leroy-Beaulieu,"Nous pouvons espérer que ce projet sera présenté au Parlement, livré à la discussion et voté avant la fin de la législature. (Très bien! très bien!)j,"
1909-12-07,Astier,"Le ministère a tenu la promesse inscrite dans son programme ; j'espère qu'un peu de bonne volonté de la Chambre permettra une solution si impatiemment attendue. Je ne ferai pas l'historique de la question et ne discuterai pas un projet dont nous ne connaissons encore que les grandes lignes. Je n'énumérerai pas les causes de l'échec de tous les précédents projets. Je veux dire en quelques mots pourquoi nous demandons aujourd'hui les canaux d'irrigation, non pas seulement ceux dérivés du Rhône, mais encore ceux qui pourraient être établis avec les eaux du Vidourle, de l'Hérault, de l'Orb et de l'Aude. Nous demandons de l'eau afin de rendre possible la substitution, à la culture de la vigne, d'autres cultures dans les vastes plaines complantées en vignes qui s'étendent du Rhône à Béziers."
1909-12-07,Razimbaud,C'est une condition essentielle.
1909-12-07,Astier,"Car si vous n'interdisiez pas au préalable l'arrosage des vignes, vous pousseriez, d'une part, à de nouvelles plantations et, d'autre part, vous doubleriez et tripleriez le produit des vignes irriguées. Vous ne feriez par là qu augmenter l'intensité de la crise viticole. Ce n'est pas le but à atteindre."
1909-12-07,Brousse,"Mais si, nous l'y mettrons."
1909-12-07,Astier,Mais il appartient au ministre de nous rassurer et d'introduire dans les règlements les précautions nécessaires.
1909-12-07,Astier,"D'ailleurs, si l'on n'interdisait pas l'arrosage de la vigne, le débit du petit Rhône.qui doit fournir l'eau ne suffirait pas à arroser les 50,000 hectares dominés par les canaux projetés."
1909-12-07,éduire,"éduire de 10,000 hectares les surfaces plantées aujourd'hui en vigne à grand rendement, nous aurons diminué la production totale de 1 million d'hectolitres. De plus, les villages arrosés sont précisément ceux où les viticulteurs ne logent pas ou ne logent qu'une partie de leur récolte. Ces deux faits, diminution d'une quantité de 1 million d'hectolitres et possibilité du logement du surplus, peuvent avoir chaque année une influence déterminante et feront disparaître une double cause de mévente."
1909-12-07,non identifié,"Enfin, la production fourragère et potagère profitera à tous les villages voisins des surfaces irriguées en leur fournissant à meilleur- compte les fourrages, les graines et les légumes qu'ils consomment. Nous espérons obtenir la transformation partielle de la culture de la vigne en cultures fourragères et potagères parce que nous pouvons établir qu à l'heure présente, la culture de la luzerne arrosée est à peu près aussi avantageuse que la vigne et n'a pas les mêmes aléas. Dans sa trop brève visite. M. le rapporteur général a pu s'en convaincre par l'exemple qu'il a vu et les affirmations des populations intéressées."
1909-12-07,non identifié,"Il y a 10 ou douze villages que nous avons rapidement traversés, tous les habitants étaient disposés à livrer à la culture potagère et fourragère une partie de leurs vignes si on leur donnait de l'eau à bon marché. (Très bien! très bien !)"
1909-12-07,non identifié,"Ils savent bien que les produits des vignes maintenues, mieux logés, mieux conservés pourront se défendre plus aisément et se vendre à des prix plus élevés. Ils auront tout autant de recettes et moins de dépenses."
1909-12-07,non identifié,"Je disais, il y a quelques années, à un ministre qu'il s'honorerait grandement, s'illustrerait même s'il attachait son nom à la réalisation des canaux du Rhône. Je le répète, à M. Ruau, déjà si estimé dans notre Midi tant par les lois qu'il a proposées ou appliquées sur la mutualité et la coopération agricoles, que par la loi sur la répression des fraudes."
1909-12-07,non identifié,"Messieurs, les populations méridionales seront profondement reconnaissantes aux représentants de toutes les régions s'ils nous donnent comme nous l'espérons les moyens de conserver, d'accroître encore cette richesse et cette gloire nationales qu'est le vin de France. (Applaudissements.)"
1909-12-07,non identifié,"J'en aurais fini, messieurs, si je n'avais pas à dire un mot des affirmations qui ont été présentées hier à la tribune par l'honorable M. Compère-Morel."
1909-12-07,non identifié,"Je ne m'attarderai pas à discuter tous les chiffres qui vous ont été cités ; je n'ai ni le loisir, ni la possibilité de les étudier, de les examiner et de les rétorquer ; mais j'ai été profondement surpris d'entendre des affirmations,, qui ne sont que de simples affirmations, porter sur des chiffres que je connaissais comme indiscutablement inexacts."
1909-12-07,Compère-Morel,"Ainsi, je veux relever cette allégation qui consiste à mettre d'un- côté, dans la petite propriété, les propriétés d'une superficie inférieure à 10 hectares et à ranger, dans la grande propriété, les exploitations d'une contenance supérieure à 10 hectares."
1909-12-07,non identifié,"Il est aisé de dire, dès lors, aux gens qui ne connaissent pas la. question : Voyez! d'un côté, vous'avez 12 millions d'hectares possédés par 4 ou 5 millions de petits propriétaires, et d'un autre côté, vous avez 32 millions d'hectares possédés par 7 à 800,000 grands propriétaires terriens."
1909-12-07,Compère-Morel,"J'insiste sur ce point par ce qu'il y a là une erreur, que toutes les statistiques officielles ou autres n'arriveront pas à établir."
1909-12-07,Compère-Morel,"M. Compère-Morel connaît le Gard puisqu'il le représente; il a visité la France, nous a-t-il dit, je n'en ai pas eu comme lui le loisir, mais j'affirme qu'il y a beaucoup de propriétés que je connais, de 10 à 20 hectares et au delà, dans le Gard, la Lozère, l'Ardèche, l'Aveyron qui sont exploitées par le cultivateur lui-même ou par sa famille. J'ajoute que les bois et les paccages comptent dans le nombre d'hectares de ces propriétés, mais n'ont pas de valeur."
1909-12-07,Compère-Morel,"Avec un soin tout particulier, M. Compère-Morel a relevé des interruptions que j'ai faites. Il a dit, par exemple, en parlant de l'Hérault :"
1909-12-07,Compère-Morel,"« Les ouvriers gagnent de 25 à 30 fr. par mois l'hiver et de 30 à 35 fr. l'été, sans la nourriture ni le couchage. »"
1909-12-07,non identifié,Il s'est étonné que j'aie protesté. Mais son affirmation était inexacte.
1909-12-07,Compère-Morel,"La meilleure preuve, c'est que, quelques lignes plus bas, le syndicat de Marsillargue, sur l'autorité duquel il s'appuyait, avec raison, dit :"
1909-12-07,Compère-Morel,« Les domestiques occupés à nos fermes qui sont supérieures à 50 hectares sont nourris et couchés. (c La nourriture est mauvaise en général.)
1909-12-07,non identifié,Les ouvriers couchent pour la plupart dans les écuries ; ils gagnent de 35 à 45 fr. par mois.
1909-12-07,François Astier,"La Chambre voit ainsi quels arguments pitoyables et quels chiffres erronés on lui apporte ; on prétend les appuyer sur des chiffres ; en réalité, ils ne reposent sur rien."
1909-12-07,Compère-Morel,"C'est le syndicat de Marsillargues qui a répondu, et vous dites que ses arguments sont pitoyables?"
1909-12-07,François Astier,Pas du tout ! Ne me faites pas dire ce que je n'ai pas dit. Ce sont vos chiffres que j'ai rappelés.
1909-12-07,François Astier,"Au contraire, je vous oppose ceux du syndicat de Marsillargues qui dit que les ouvriers gagnent de 35 à 45 fr. et sont nourris; il y a d'ailleurs des propriétés où ils gagnent toute l'année 45 à 60 fr. par mois et ceux 'qui payent le travail au rabais en ont pour l'argent. Voilà la vérité."
1909-12-07,Compère-Morel,C'est un argument pitoyable.
1909-12-07,François Astier (Hérault),Pourquoi avez vous pris particulièrement l'année 1906?
1909-12-07,Emmanuel Brousse,"Pendant ces dernières années de crise, beaucoup de propriétaires viticulteurs, bien que vendant leur vin à perte, ont continué à occuper leurs ouvriers. La plupart des propriétaires ont été aussi malheureux que les ouvriers, ce qui ne les a pas empêché de venir en aide à ces derniers, autant qu'ils l'ont pu."
1909-12-07,Compère-Morel,M. Brousse déclare que les patrons se ruinent pour leurs ouvriers !
1909-12-07,Emmanuel Brousse,"Vous avez mal compris, mal entendu et mal interprété !"
1909-12-07,Jules-Armand Razimbaud,Les propriétaires ont quelquefois emprunté pour donner du pain et du travail à leurs ouvriers.
1909-12-07,François Astier (Hérault),"Je vous signale, messieurs, ces procédés de discussion. Je n'insiste pas. J'ai tenu à appeler votre attention sur les affirmations qui vous ont été formulées hier pour vous montrer ce qu'elles valent."
1909-12-07,Voix nombreuses,A cet après-midi !
1909-12-07,le président,On demande le renvoi de la suite de la discussion à la prochaine séance.
1909-12-07,le président,Il en est ainsi ordonné.
1909-12-07,le président,"Aujourd'hui, à deux heures et demie, 2e séance publique :"
1909-12-07,M. le président.,"J'ai reçu de M. Guillemet quatre rapports, faits au nom de la commission des octrois, sur les projets de loi concernant :"
1909-12-07,"Le Chef adjoint du service sténographique de la Chambre des députés,",V. VIOLETTE DE NOIRCARME.
1909-12-07,Charles Leboucq,"Eaj commission, d'accord avec le Gouvernement demande l'urgence."
1909-12-07,président,"Je mets aux voix la déclaration d'urgence. (L'urgence, miseeaux voix, est déclarés"
1909-12-07,le président,Personne ne demande la parole pour la discussion générale ?
1909-12-07,président,Je consulte la Chambre sur la questioncfc]savoir si elle entend passer à la discussioijq des articles.
1909-12-07,Chambre,"consultée, décide qu'elle passe à la discussion des articles."
1909-12-07,le président,"« Art. 1er. — Est approuva l'avenant intervenu le 17 mars 1909 entre fei préfet de l'Aisne, au nom du département et la compagnie des chemins de fer département»!"
1909-12-07,le président,Personne ne demande la parole ?
1909-12-07,le président,Je mets aux voix l'article 1er.
1909-12-07,le président,"(L'article 1er, mis aux voix, est adopté.)"
1909-12-07,BERTHET,"Messieurs, la convention de Berne dont le Gouvernement vous propose l'adoption ne pose devant vous qu'un des côtés — le moins intéressant peu-têtre au point de vue français —du gros problème des voies d'accès vers l'Italie non seulement de la France, mais aussi de l'Europe occidentale. 1"
1909-12-07,CECCALDI,"Mon cher collègue, je vous demande pardon de vous interrompre, mais il est inadmissible qu'on puisse faire passer un projet de loi sans qu'on ait prévenu qui que ce soit."
1909-12-07,LE_PRESIDENT,"Monsieur Ceccaldi, vous n'avez pas la parole."
1909-12-07,CECCALDI,Je proteste et je protesterai à la fin de la séance: Il est inadmissible qu'au cours de ces séances intensives on puisse faire voter un projet de loi sans avoir entendu les intéressés.
1909-12-07,LE_PRESIDENT,"Encore une fois, vous n'avez pas la parole, monsieur Ceccaldi."
1909-12-07,CECCALDI,"C'est votre droit, monsieur le président, de me refuser la parole, c'est le mien de protester."
1909-12-07,LE_PRESIDENT,Je répète que vous ne pouvez pas avoir la parole sur un vote acquis.
1909-12-07,CECCALDI,J'ai le droit de protester...
1909-12-07,LE_PRESIDENT,Vous n'étiez pas inscrit.
1909-12-07,CECCALDI,"Si, monsieur le président, et M. le rapporteur le sait très bien. Je l'avais prévenu dans les couloirs. On ne peut pas procéder ainsi."
1909-12-07,LE_PRESIDENT,"On ne s'inscrit qu'au bureau. Je le répète, vous n'étiez pas inscrit."
1909-12-07,CECCALDI,"Vous pouvez me rappeler à l'ordre si vous voulez, mais..."
1909-12-07,LE_PRESIDENT,"Non, je ne veux pas vous rappeler à l'ordre, mais je vous retire la parole."
1909-12-07,CECCALDI,J'ai le droit de protester...
1909-12-07,BERTHET,"Comme j'avais l'honneur de le dire, la convention de Berne ne résout qu'une partie du problème si important, au point de vue français, des relations par voie ferrée de l'Europe occidentale avec l'Italie. De ces relations, la France a eu le monopole pendant la période trop courte de 1§71 à 1883, durant laquelle notre tunnel du mont Cenis a été la seule voie percée à travers les Alpes."
1909-12-07,Baudin,"Ce projet consiste à construira une ligne directe de Lons-le-Saunier à Genève, ligne qui pourrait être établie théoriquement dans des conditions excellentes et qui traverserait le Jura sous le massif de la Faucille par une série de tunnels aussi longs que coûteux."
1909-12-07,Maruéjouls,"Il ne s'agit plus du Frasne-Vallorbe, on envisage la construction d'autres lignes traversant le Jura."
1909-12-07,Gauthier,"C'est la Faucille qui revient sur l'eau, mais elle passe au dernier plan des préoccupations de M. Barthou !"
1909-12-07,ARUÉJOULS,"il ne s'agit plus du Frasne-Vallorbe, on envisage la construction d'autres lignes traversant le Jura ; avec M. Gauthier, c'est la Faucille qui revient sur l'eau, mais elle passe au dernier plan des préoccupations de M. Barthou !"
1909-12-07,Nous,"pendant que nous tâtonnions, le gouvernement suisse ne changeait pas d'attitude, il restait obstinément attaché à l'idée du Frasne-Vallorbe seul et il répondait paisiblement par la négative à toutes les suggestions qu'on pouvait lui faire dans un autre sens."
1909-12-07,Nous,"nos hésitations nous ont peut-être rendu service dans une certaine mesure. En effet, pendant que nous tergiversions, il se produisait un événement capital destiné à influer beaucoup sur la solution du problème et il semblerait qu'en diplomatie, comme ailleurs, le hasard et le temps -sont beaucoup plus forts que les hommes."
1909-12-07,Ce fait capital fut,"la percée du tunnel du Loetschberg dans les Alpes Bernoises, ce projet résolu en 1905 assure la supériorité au Simplon sur le Gothard, pour la distance de Belfort à Milan et peut ainsi ramener sur nos réseaux du Nord et de l'Est une bonne partie du trafic anglais et belge."
1909-12-07,Mais,"pour mettre les résultats du percement du Lœtschberg à l'abri de toute entreprise ultérieure, il était essentiel pour la France d'obtenir une nouvelle réduction de distance par la construction de la ligne Moutier-Granges sur le territoire suisse."
1909-12-07,Cette ligne évite,"un parcours difficile et procure un raccourci de 10 kilomètres ; la distance de Belfort à Milan, par le Moutier-Granges, le Lœtschberg et le Simplon devient inférieure de i2 kilomètres à celle du parcours par le Gothard et, en vertu de la règle de la distance réelle la plus courte, appliquée en matière dé transports internationaux, nous sommes assurés ainsi de ramener sur nos rails le trafic de l'Angleterre, de la Belgique et peut-être même du sud de la Hollande."
1909-12-07,En résumé,le Frasne-Vallorbe favorise surtout la Suisse au point de vue des relations internationales; le Moutier-Granges rétablit l'équilibre en ramenant chez nous les trafics français et étrangers qui nous échappaient depuis la percée du Gothard.
1909-12-07,"M. Marcel Régnier, rapporteur.",Très bien !
1909-12-07,M. Léon Berthet.,"A notre point de vue, ces deux lignes se complètent donc et nous devons louer le Gouvernement de les avoir solidarisées au point d'avoir préféré suspendre la conférence de Berne plutôt que de les séparer l'une de l'autre."
1909-12-07,Après,"une longue suspension de travaux qui dura plus d'un an, le gouvernement suisse, sentant que nous ne céderions pas, se décida à nous donner le Moutier-Granges en échange du Frasne-Vallorbe. C'est dans ce sens que fut conclue la convention dont le Gouvernement vous demande la ratification."
1909-12-07,Je ne veux pas entrer dans les détails de la convention.,Notre ami M. Régnier l'a analysée dans son remarquable rapport (Très bien! très bien 1) et il l'exposera mieux que je ne saurais le faire moi-même.
1909-12-07,J'arrive à ce que j'appellerai la partie éventuelle de la convention,", celle qui envisage l'hypothèse où la France, apres l'exécution des deux lignes convenues d'une façon ferme, songerait encore à percer la Faucille, à exécuter la ligne de Lons-le-Saunier à Genève. Je tiens à déclarer que, pour ma part, je me refuserais à approuver la convention si je croyais que cette dernière partie dût jamais recevoir une exécution."
1909-12-07,M. Emile Gère.,La convention est une.
1909-12-07,M. Fernand David.,Le Gouvernement donnera d'ailleurs son avis avant que nous ne votions.
1909-12-07,M. Léon Berthet.,"Nous pensons que les articles 12 à 18 ne sont qu une satisfaction platonique donnée aux désirs de Genève et que la convention ne nous oblige à aucune époque, si reculée soit-elle, à réaliser le percement de la Faucille."
1909-12-07,Il est bon pourtant,"que le Gouvernement nous fasse à ce sujet une déclaration nette et formelle et qu'il dissipe les inquiétudes qui peuvent naître de l'article 12, lorsqu'on en rapproche la forme de celle adoptée pour l'article 7."
1909-12-07,L'article 7 dit,", en effet : Dans le cas où le Gouvernement français déciderait de doubler la ligne de la rive française du Léman, le gouvernement fédéral s'engage de son côté à doubler également la voie entre Saint-Maurice et la frontière, étant entendu que le doublement sur territoire suisse sera terminé en même temps que le doublement du tronçon Annemasse-Saint-Gingolph frontière."
1909-12-07,Au contraire,", l'article 12 relatif à la Faucille, s'exprime ainsi : Quand le Gouvernement français procèdera à la construction d'une ligne de Lons-le-Saunier à Genève, par la Faucille, le gouvernement fédéral fera le nécessaire pour en assurer la réalisation sur le territoire de la confédération."
1909-12-07,Doit-on voir une nuance entre cette formule affirmative de l'article 12 et la formule conditionnelle adoptée pour l'article 7 ? Veut-on dire qu'en adoptant cette formule : Quand la France fera la Faucille,", nous nous sommes engagés à réaliser forcément ce projet dans un espace de temps plus ou moins long ? Avons-nous pris un engagement ferme, quoique réalisable seulement dans l'avenir ?"
1909-12-07,Charles Dumont,C'est très juste.
1909-12-07,Léon Berthet,"Et nous ne songerions pas à en créer une troisième avec l'Italie, qui, pour la moitié de la France, constitue le chemin d'accès vers l'Europe orientale ?"
1909-12-07,(La commission),"La Faucille, dit-il, très intéressante si on ne considère que les relations de la France, de Paris surtout avec Genève, n'a pas le même intérêt comme voie d'accès au Simplon. Elle n'ajouterait rien au bénéfice actuel des réseaux français. Elle s'alimenterait d'une partie du trafic de la ligne de Pontarlier, d'une partie du trafic du mont Cënis. Elle a une longueur trop grande pour lutter comme voie d'accès au Simplon avec le Frasne-Vallorbe."
1909-12-07,(Les partisans de la Faucille),Ce nouveau point de vue ne vaut pas mieux que l'autre.
1909-12-07,(La commission),"De deux choses l'une, ou là Faucille passera par Genève, empruntant le territoire suisse, ou elle contournera cette ville pour rester toujours sur territoire français."
1909-12-07,(La commission),"Si vous traversez Genève, qui ne voit l'inconvénient capital de faire passer en Suisse, fût-ce sur quelques kilomètres, une ligne prétendue directe sur l'Italie ?"
1909-12-07,(La commission),La première condition dans cette nouvelle ligne franco-italienne ne doit-elle pas être d'emprunter exclusivxement le territoire des deux pays ?
1909-12-07,(La commission),"Comment pourrons-nous assurer l'exploitation à notre gré sans consulter la Suisse, intéressée à la gêner ?"
1909-12-07,(La commission),"La Suisse renoncera-t-elle à ses droits de souveraineté? S'interdira-t-elle, par exemple, le rachat de la section qui traversera son territoire ? S'interdira-t-elle même d'en surveiller. ou assurer l'exploitation, puisque la ligne ferait concurrence à ses lignes nationales ?"
1909-12-07,tte nouvelle ligne franco-italienne,ne doit-elle pas être d'emprunter exclusivxement le territoire des deux pays ?
1909-12-07,Comment,"pourrons-nous assurer l'exploitation à notre gré sans consulter la Suisse, intéressée à la gêner ?"
1909-12-07,La Suisse,renoncera-t-elle à ses droits de souveraineté?
1909-12-07,S'interdira-t-elle,le rachat de la section qui traversera son territoire ?
1909-12-07,S'interdira-t-elle même d'en surveiller.,"ou assurer l'exploitation, puisque la ligne ferait concurrence à ses lignes nationales ?"
1909-12-07,Sa neutralité la sauvera-t-elle ?,"Ne sait-on pas que la Belgique se préoccupe d'assurer sa défense militaire, parce qu'elle a lieu de croire qu'en cas de guerre franco-allemande elle serait envahie malgré sa neutralité ?"
1909-12-07,A ce point de vue encore c'est un leurre. A quoi bon dépenser pour cela 200 millions?,"Evidemment Genève qui veut bien donner 20 millions pour une Faucille suisse ne donnera pas un sou à la Faucille française — pourquoi dépenser 200 millions, quand avec le tiers de cette somme nous pouvons faire le Saint-Amour-Bellegarde ou le Lons-IeSaunier-Valleiry qui onrent les mêmes avantages pour la nouvelle percée des Alpes?"
1909-12-07,ne dépense pas 100 ou 200 millions,pour une question de rapports purement sentimentaux entre deux nations!
1909-12-07,Emile-Faure,"Je voterai la convention de Berne, parce qu'à mon sens, par la construction du Frasne Vallorbes, du Moutiers-Granges et le doublement du Bellegarde-E vian-Saint-Maurice, elle clôt définitivement la question des voies d'accès françaises au Simplon. Je là voterai avec cette signification que le projet de la Faucille doit rester éternellement à l'état d'hypothèse et après que le Gouvernement nous aura déclaré qu'il ne se considère nullement comme engagé à l'exécute: forcément un jour ou l'autre."
1909-12-07,Léon Berthet,Nous demandons 44
1909-12-07,Charles Dumont,"Nous lui demandons de soumettre à la conférence tous les projets qui réalisent cette condition d'une façon satisfaisante et de n'en écarter aucun a priori. C'est pour permettre au Gouvernement de faire connaître son sentiment que j'ai déposé mon interpellation. J'ai confiance, quant à moi, que le Gouvernement nous fera les déclarations que j'attends et qu'il essayera de rétablir au profit de la France les avantages que nous assurait jadis le mont Cenis ; je compte qu'il songe à nous assurer dans l'avenir, comme il le peut encore, presque tout le trafic de l'Europe occidentale non seulement vers l'Italie,, mais à travers l'Italie, vers l'Europe méridionale et vers l'Orient. (Applaudissements.) M. le président. La parole est à M. Charles Dumont, auteur de la deuxième interpellation."
1909-12-07,Charles Dumont,"Messieurs, j'entends borner ma discussion sur un terrain bien plus restreint que ne l'a fait l'honorable M. Berthet. J'accepte tout entière .la conférence de Berne,' à condition que le Gouvernement veuille bien accepter à son tour d'engager avec la compagnie du ParisLyon-Méditerranée des* négociations qui peuvent avoir lieu avant ou après le 31 décembre 1909, afin de substituer à une ligne Frasne-Yallorbe une ligne la Joux-AndelotVallorbe. Ce n'est pas sans un très grand étonnement que, dans toute la région que traverse la ligne actuelle vers Lausanne, on a appris que le Gouvernement pensait prendre à son compte une convention autrefois intervenue entre les chemins de fer fédéraux et le Paris-Lyon-Méditerranée et qui constituerait un raccourci de 17 kilomètres sur la ligne actuelle."
1909-12-07,Charles Dumont,"Ce n'est pas sans un très grand étonnement que, dans toute la région que traverse la ligne actuelle vers Lausanne, on a appris que le Gouvernement pensait prendre à son compte une convention autrefois intervenue entre les chemins de fer fédéraux et le Paris-Lyon-Méditerranée et qui constituerait un raccourci de 17 kilomètres sur la ligne actuelle. En effet, cette grande ligne internationale devait, dans la pensée de tous — certainement dans la vôtre, messieurs — être conçue de telle manière que les trains, que les grands rapides internationaux qui, toute l'année, hiver comme été, y doivent passer, auraient une ligne d'accès toujours ouverte et qu'ils ne rencontreraient jamais dans la traversée du Jura, sur la ligne dont vous allez voter la construction, des obstacles qui' interrompent le service de la malle des Indes, des voyageurs et des marchandises à destination de l'Italie, de l'Angleterre ou de la Belgique., M. Deléglise. La malle des Indes passe par le mont Cenis 1 M. Charles Dumont. Oui, en effet, elle y passe encore, mais il a été question assez souvent de la faire passer par le Simplon, pour que nous puissions parler d'elle, lorsqu'il s'agit de démontrer que la traversée du Jura doit être assurée en tout temps, d'une manière tout à fait certaine. La malle des Indes a, du reste, été dérivée nombre de fois par chez nous en raison des éboulements qui s'étaient produits à l'entrée du tunnel du mont Cenis."
1909-12-07,Charles Dumont,"Je répète donc que, dans la pensée de tout le monde, le raccourci FrasneVallorbe ne supprime pas les passages les plus dangereux de la ligne actuelle. J'ai pu écrire, pour ainsi dire sous la dictée de tous les ihécaniciens de la compagnie ParisLyon-Méditerranée, la manière dont les choses se passent aussitôt que l'hiver arrive."
1909-12-07,Charles Dumont,"La ligne actuelle, dont vous voulez continuer de faire le grand passage de la France sur l'Italie, monte du premier au deuxième plateau du Jura, entre deux montagnes de verdure qui sont deux immenses forêts, où se trouvent les plus beaux sapins de l'Europe ; là, pour des raisons que la science climatérique peut vraisemblablement expliquer, et là seulement, se produisent des chutes de neige si abondante et si froide qu'il se forme, dans ces tranchées, de véritables glaciers. Il en résulte que des trains partis sur voie libre de la gare de Boujailles, rencontrent, après quelques minutes de parcours sous la neige, un tel glacier, qu'ils sont restés bloqués pendant plusieurs jours."
1909-12-07,Charles Dumont,"Je vais maintenant vous donner des dates et des chiffres. « Chaque année, dès que la ïwige tombe, malgré l'activité et le zèle des'-agents de la compagnie Paris-Lyon-Méditerranée, les trains subissent des ralentissements considérables dans la traversée de la Joux. Dès que l'hiver est rigoureux, le trafic est suspendu. Prenons comme exemple l'hiver 1906-1907."
1909-12-07,NON IDENTIFIABLE,"ures de l'après-midi fut bloqué à neuf heures du soir entre les gares de Lajoux et de Boujeailles,dans la tranchée de la Vessoye. Les voyageurs qui, pour la plupart, allaient à destination de l'Italie, durent rester treize heures sans qu'on pût leur porter secours. Le lendemain seulement, à dix heures du matin, un train marchant à contrevoie, put les mener à Boujeailles. Le train lui-même ne fut débloqué que le 30 février."
1909-12-07,NON IDENTIFIABLE,C'était un véritable glacier qu'il avait fallu entailler et détruire.
1909-12-07,NON IDENTIFIABLE,"Dans la même nuit, un train parti de Pontarlier à minuit s'enlise dans une autre tranchée dite du « Jura-Vert » à quelques centaines de mètres. Le lendemain 1er février, c'est le train omnibus 517 qui est bloqué à neuf heures du soir à 800 mètres de la gare de la Joux et n'est dégagé qu'après trois heures d'efforts"
1909-12-07,NON IDENTIFIABLE,"Je vous demande en toute sincérité s'il est possible de laisser sur une ligne de grand trafic international les deux tranchées dont je viens de prononcer les noms : du Jura-Vert et de la Vessoye, dans lesquelles sitôt qu'une chute de neige est abondante un glacier se forme, qui bloque pendant plu"
1909-12-07,NON IDENTIFIABLE,"Nous avons eu dans toute cette affaire un très grand malheur, c'est que les ingénieurs de la compagnie de Paris à Lyon et à la Méditerranée n aient pas été avant toutes les négociations, en hiver, sur place, étudier et comparer les divers tracés."
1909-12-07,NON IDENTIFIABLE,"Nous avons eu une très grande joie, c'est que quiconque a étudié sur place les divers raccour-"
1909-12-07,MARUEJOULS,c'a été du regretté M. Maruéjouls que je veux parler.
1909-12-07,NON IDENTIFIABLE,Là se bornent mes observations.
1909-12-07,PLICHON,"Je demande à la Chambre de ratifier sans hésitation la convention qui a été conclue à Berne le 18 juin dernier. Cette convention sauvegarde dans une large mesure les intérêts français et j'ai l'intention d'exposer brièvement les raisons qui, à mon sens, militent en faveur de la ratification immédiate."
1909-12-07,PLICHON,"Messieurs, le tunnel du Simplon a été ou-vert à l'exploitation le 1er juin 1906, il y a trois ans et demi. C'est il y a plus de sept années, alors que les travaux venaient de commencer, que s'est posé devant la France le problème des voies d'accès à cette nouvelle route internationale."
1909-12-07,PLICHON,"Pour juger de l'importance de la question, il est nécessaire de se reporter à un certain nombre d'années en-arrière."
1909-12-07,Plichon,"Si nous pouvons aller de Paris, de Bordeaux, de Toulouse, de- Marseille à Modane, dans les meilleures conditions de traction et d'exploitation, une fois arrivés là — et tous ceux parmi vous qui ont emprunté cette ligne ont pu s'en rendre compte — nous nous trouvons arrêtés par une voie unique ou presque unique, de Modane à Turin, où la traction et l'exploitation se font dans des conditions 'particulièrement lentes."
1909-12-07,Dumont,"Notre collègue M. Dumont nous a exposé avec sa chaude ardeur, les raisons qui, selon lui, militent en faveur d'un ajournement de la ratification de la convention de Berne, en .attendant que le Gouvernement se soit mis d'accord avec la compagnie Paris-Lyon-Méditerranée sur une modification de tracé, qui se substituerait au tracé Frasne-Vallorbe."
1909-12-07,Dumont,Nous avons toujours dit : la Joux ou Andelot.
1909-12-07,CHARLES DUMONT,Nous avons toujours dit : la Joux ou Andelot.
1909-12-07,PLICHON,... et auquel il me semble qu'il a substitué la ligne Andelot-la JouxVallorbe.
1909-12-07,CHARLES DUMONT,"Il n'a jamais été question, dans notre pensée, ànous qui avons été sur place étudier la question avec des moyens rudimentaires, de nous substituer ni à l'Etat ni à la compagnie de Paris à Lyon et à la Méditerranée, pour choisir le point de soudure du raccourci de la ligne actuelle. Nous avons toujours dit : la Joux ou Ander lot."
1909-12-07,PLICHON,"Comment donc se présentent, au point de vue général, ces différents projets? Si j'en crois les chiffres que M. Régnier indique dans son rapport, le tracé Frasne-Vallorbe aurait une longueur de 24 kilomètres ; le raccourci par rapport à la ligne actuelle par Pontarlier serait de 17 kilomètres ; la dépense, d'après le devis fixé le 29 novembre 1909, serait de 29 millions. Le Mouchard-Vallorbe aurait une longueur de 79 kilomètres, le raccourci ne serait que de 7 kilomètres et la dépense de 84 millions Mais cette ligne est écartée par tout le monde."
1909-12-07,PLICHON,"Je ne parle plus du projet Andelot-Vallorbe, qui coûterait 56 millions, et j'arrive au la Joux-Vallorbe, qui auraitune longueur de 39 kilomètres."
1909-12-07,PLICHON,"Le mot Pontarlier vient, si je ne trompe de ce que la ville est au sommet du grand plateau d'Arlier. C'est un pont sur un énorme plateau orienté du Sud-Ouest au Nord-Est, limité à gauche par les forêts de la Joux et autres, et à droite par la chaîne du Jura ; entre le massif boisé à gauche et la montagne à droite, se' trouve un large colloir constitué par le plateau d'Arlier où les vents dominants sont ceux du Sud-Ouest ; ce couloir est balayé l'hiver par des trombes de vents violents, entraînant et roulant sur le. sol la neige, mais non pas seulement cette neige floconneuse et élégante qui fait la joie des poètes qui la chantent et des enfants qui en font des boules (Très bien! très bien!), mais encore et surtout cette neige pulvérulente qui fait à la fois le désespoir des Parisiens et de M. de Pontich (Sourires), de cette neige qui ne s'agglomère pas, qui envahit tout, qui ne s'arrête nulle part."
1909-12-07,CHARLES DUMONT,"Vous voyez l'effet des tempêtes du Sud-Ouest entraînant cette néige pulvérulente dans les tranchées de la ligne actuelle de Frasne à Vallorbe qui, justement et. par un malheureux hasard, se trouve orientée à peu pres dans le sens des vents régnants. On a beau établir des paraneige et employer tous les appareils usités en pareil cas, cette neige coquine s'infiltre partout et bouche les tranchées ; comme les tranchées sont étroites, quand on y a fait passer des chasseneige, la neige, qui a mauvais caractère, se comprime ; se comprimant à basse ter-npérature, elle forme des glaçons. On est bloqué précisément parce que l'axe des tranchées est orienté dans la direction du vent, ce qui fait qu'elles sont envahies facilement."
1909-12-07,PLICHON,"Cet exposé vous explique la raison du tracé Frasne-Vallorbe. On part de Frasne, sur la ligne actuelle, en se dirigeant vers le Jura, suivant une ligne perpendiculaire à la direction des vents."
1909-12-07,PLICHON,"Comme on traversera le plateau'en tranchée, et que l'axe de ces tranchées se;a perpendiculaire à l'axe des vcAts, la neige sera arrêtée par des paraneige sur le bord des tranchées ; et, de même que le sable arrêté par le moindre obstacle constitue des dunes sur le bord de la mer, de même il se formera des dunes de neige, mais la neige ne pénétrera pas dans les tranchées."
1909-12-07,PLICHON,"Si, au contraire, nous entrerions dans l'ordre d'idées indiqué par notre collègue M. Dumont, les choses ne se passeraient pas de la même façon."
1909-12-07,CHARLES DUMONT,"En effet, le tracé d'Andelot-la JouxVallorbe ne permettrait, d'abord pas, de bénéficier, dans la première partie de la ligne, de l'abri de la forêt de la Joux, une des plus belles de France qui, si j'en crois les historiens des forêts, possède de magnifiques sapins dont un de 44 mètres qu'on appelle le « Président»..."
1909-12-07,CHARLES DUMONT,"Il a 54 mètres, dont 44.mètres sans branches."
1909-12-07,us,"us passions du mauvais- côté des sapins, du côté Sud, nous n'aurions plus rien pour nous abriter contre la neige."
1909-12-07,D'autre part,"vous allez traverser le: plateau d'Arlier dans sa plus grande largeur, sur une longueur de 17 kilomètres au lieu de 5 ; enfin, si je ne m'abuse, vous allez vous engager à Bonnevaux, dans la vallée du Drujeon, dans le plus mauvais sens, le vent à dos, en enfilant cette vallée dans la direction du Sud-Ouest au Nord-Est, c'est-à-dire dans la direction des vents régnants."
1909-12-07,Si,"la solution est mauvaise au point de vue technique, elle ne le serait peut-être pas au point de vue départemental, puisque cette fraction de ligne, si je ne me trompe, serait sur le territoire du département du Jura, au lieu d'être sur le territoire du département du Doubs. Seulement nous ne faisons pas de la politique 'de département, mais de la politique générale."
1909-12-07,Les observations,que notre collègue M. Dumont a présentées avec le désir qu'il a de représenter dignement les intérêts qui lui sont confiés ne doivent donc pas nous arrêter.
1909-12-07,Mais,"je veux m'élever au-dessus de la seule question de Pontarlier, de Vallorbe, de Frasne, de la Joux."
1909-12-07,Ce qui domine de beaucoup cette discussion,"c'est l'événement qui s'est produit dans le canton de Berne, le projet de percement du Lœtschberg."
1909-12-07,Sans avoir parcouru la Suisse,"on se rend compte que, jusqu'ici, il n'existait dans. les Alpes aucun passage entre le lac des Quatre-Cantons au Nord et le lac de Genèva au Sud et que, par conséquent, les voyageurs qui venaient du Nord, se dirigeant vers le Sud, devaient de toute façon passer on ' au nord du lac des Quatre-Cantons, c'est-à-dire par le Saint-Gothard, ou le long du lac de Genève, par la vallée du Rhône."
1909-12-07,Le canton de Berne,"a entrepris et poursuit activement la percée des Alpes bernoises, du massif de la Jungfrau, par le tunnel du Lœtschberg. Cet événement est de nature à modifier le tracé des chemins de transit à travers l'Europe."
1909-12-07,Non seulement,"le canton de Berne a concédé la ligne du Lœtschberg à. la société despAlpes bernoises, mais encore il a concédé à cette même société un embranchement, au' nord de Berne, entre Granges et Moutiers. Cet embranchement est destiné à raccourcir la distance kilométrique par chemin de fer entre Berne et le Nord, Delle dans l'espèce, par des passages sous le Jura supérieur, et il doit donner un accès facile aux voies ferrées françaises vers la nouvelle percée à i travers les Alpes bernoises, d'une part, et le Simplon, d'autre part."
1909-12-07,Ce fait est,"d'une importance capitale pour la France, pour l'ensemble de nos intérêts économiques français ; car, ainsi que je , vous le montrerai, grâce à 'cette nouvelle percée du Jura, c'estpar la France qu'on aura intérêt à acheminer tout le trafic du nord de l'Europe qui, à l'heure actuelle, suit la vallée du Rhin."
1909-12-07,Ceci vous explique,"l'atti- ^  tude qu'a pris — et je l'en félicite hautemont — la délégation française à la convention de Berne. La délégation française, habilement présidée par M. Charles Laurent, auquel je tiens à rendre hommage tout particulièrement..."
1909-12-07,M. Georges Vandame,Très bien!
1909-12-07,M. Plichon,"...se trouvait en présence, d'une part, du désiftrès net, manifesté par les Suisses, d'aboutir à une rapide amélioration des relations franco-suisses par Pontar- t lier, parce que cette amélioration avait sur- w tout pour effet de mettre Paris plus rapide- •*> ment en communication avec la Suisse et la haute Italie par le Simplon. Au point de vueSfrançais, à part l'intérêt qu'il y a à faciliter le voyage, à le rendre moins froid, moins pénible, à l'accélérer quelque peu, la question n'était pas capitale."
1909-12-07,Mais,"la France, elle, avait un autre intérêt un intérêt beaucoup plus important; c'était ; que les marchandises venant de Londres,id'Ostende, de Bruxelles, d'Anvers, de Rotterdam, trouvent un avantage à emprunter les réseaux français du Nord et de l'Est pour arriver en Suisse et de là se diriger vers ' l'Italie, plutôt que de passer par Namur, Metz, Strasbourg, Bâle et le Saint-Gothard."
1909-12-07,Nos délégués à la conférence internationalei,"dirent à leurs collègues suisses : «Nous comprenons le désir que vous avez de voir la France exécuter le raccourci prévu par la convention de 1902, entre la compagnie de Paris-Lyon-Méditerranée et le Jura-Simplon,f?par Frasne-Vallorbe, ou par un autre ana- Â logue. Vous nous demandez à nous, Fran- ^ çais, de faire ce raccourci et de l'en supporter .g la dépense. Nous voulons bien, mais à unericondition, c'est que vous, Suisses, vousjexécuterez cette traversée du Jura supé- % rieur au nord de Berne, entre Delle etIBerne, ce qu'on appelle le Moutiers-Granges-äLongueau, qui permettra au trafic du nord de -Jl'Europe de s'acheminer rapidement versBerne en passant par chez nous."
1909-12-07,Eh bien ! messieurs,"ces desiderata réciproques ont été réalisés par l'accord du 18 juin 1909 qui, vous le savez, spécifie que la France s'engage à la construction de la ligne Frasne-Vallorbe. Cette ligne est concédée à la compagnie Paris-Lyon-Méditerranée, et j'.indique tout de suite, parce que la chose en vaut la peine, que cette compagnie prend à sa charge exactement 21 millions 449,000 fr. sur les 29 millions de dépenses prévues."
1909-12-07,M. Marcel Régnier,Et les risques de l'opération.
1909-12-07,REGNIER,"bien ! messieurs, ces desiderata réciproques ont été réalisés par l'accord du 18 juin 1909 qui, vous le savez, spécifie que la France s'engage à la construction de la ligne Frasne-Vallorbe. Cette ligne est concédée à la compagnie Paris-Lyon-Méditerranée,"
1909-12-07,REGNIER,"et j'.indique tout de suite, parce que la chose en vaut la peine, que cette compagnie prend à sa charge exactement 21 millions 449,000 fr. sur les 29 millions de dépenses prévues."
1909-12-07,PLICHON,"Parfaitement! Les conventions de i883 n'avaient prévu, pour les lignes que construirait la compagnie de Paris-Lyon-Méditerranée, qu'une contribution de 25,000 fr. par kilomètre. Je formule . le regret — car je suis obligé d'apporter cette réserve — que la longueur des diseussions à laquelle est accoutumé notre Parlement n'ait pas permis d'homologuer la convention de 1902 dès cette époque; nous aurions ainsi réalisé une économie d'environ 7 millions, chiffre de la majoration prévue dans les devis de M. le ministre des travaux publics du fait de l'augmeni tation, depuis cette époque, de la maind'œuvre et des matériaux."
1909-12-07,REGNIER,"Pour le Moutiers-Granges, en même temps que la Suisse donnait satisfaction aux désirs de nos négociateurs, la compagnie de l'Est, particulièrement intéressée à la création de cette section nouvelle, demandait au Gouvernement, pour faciliter la constitution du capital nécessaire, l'autorisation d'intervenir financièrement. Vous êtes donc saisis en même temps de la ratification de la convention avec la compagnie de l'Est."
1909-12-07,REGNIER,"Cette convention a pour objet d'autoriser la compagnie de l'Est à contribuer pour 10 millions, qu'elle prélèverait sur son domaine privé, au capital de la société créée en vue de faire le Moutiers-Granges."
1909-12-07,REGNIER,Sur ce capital de 10 millions il y avait 4 millions d'actions de premier rang et 6 millions d'actions de second rang. Certains ont pu craindre que l'opération financière ne fût pas de nature à donner toute satisfaction à l'Etat en fin de compte.
1909-12-07,REGNIER,Il n'en est rien.
1909-12-07,REGNIER,"Il est vrai qu'en autorisant là compagnie de l'Est à prélever 10 millions sur sa réserve, sur son patrimoine privé, pour intervenir d'autant dans la constitution du capi. tal du Moutiers-Granges, l'Etat réduisait de pareille somme le capital de la dette de la t compagnie, du chef de la garantie d'intérêt ; ' mais d autre part,"
1909-12-07,REGNIER,"les titres représentatifs de ces 10 millions seront immatriculés au nom de la compagnie de l'Est, domaine public, et par conséquent,"
1909-12-07,REGNIER,"soit en cas de rachat, soit en cas de fin de concession, deviendront la propriété de l'Etat français."
1909-12-07,REGNIER,"Enfin, les arrérages, dividendes et intérêts de ces actions seront portés au compte d'exploitation de la compagnie."
1909-12-07,REGNIER,"Messieurs,"
1909-12-07,REGNIER,la concession du Moutiers-Granges a été suivie d'une convention entre la compagnie des Alpes bernoises et les chemins de fer fédéraux sur le partage du trafic.
1909-12-07,REGNIER,"Cela était indispensable, sinon on eût pu craindre une concurrence qui n'aurait pas permis à la compagnie des Alpes Bernoises de rémunérer son capital."
1909-12-07,REGNIER,"Vous savez ce que sont les luttes de tarif, les détournements de trafic. Ce sont des dangers auxquels il ne faut jamais s'exposer à la légère."
1909-12-07,REGNIER,"Par la convention intervenue, le trafic a été partagé à raison de 70 p. 100 pour la compagnies des Alpes bernoises et de 30 p. 100 en faveur des chemins de fer fédéraux."
1909-12-07,REGNIER,"On peut donc dire que la question se présente avec toutes les garanties désirables, tout au moins avec toutes les garanties que la prudence permet de stipuler."
1909-12-07,REGNIER,"J'ajoute que l'intérêt qui s'agite autour de cette question est considérable pour notre jwtys,"
1909-12-07,REGNIER,"et je veux, pour me résumer,"
1909-12-07,REGNIER,vous rappeler quelques chiffres du très intéressant rapport de notre collèque M. Régnier.
1909-12-07,NON IDENTIFIABLE,a de bien jolis points de vue
1909-12-07,NON IDENTIFIABLE,il a des rampes de 30 millimètres tandis que celles de la nouvelle ligne ne dépasseront pas 20 millimètres.
1909-12-07,NON IDENTIFIABLE,Parlons un peu de Londres
1909-12-07,NON IDENTIFIABLE,"De Londres à Milan, en passant par Ostende et Bâle il y a 1,295 kilomètres ; par Calais et Mulhouse il y a 1,292 kilomètres;"
1909-12-07,NON IDENTIFIABLE,"par le Moutiers-Grange, nous tombons à 1,250 kilomètres ; c'est une économie de temps et d'argent;"
1909-12-07,NON IDENTIFIABLE,c'est la substitution du Calais-Simplon à l'Ostende-Saint-Gothard.
1909-12-07,NON IDENTIFIABLE,J'ai terminé. Mais je veux faire passer un dernier tableau sous vos yeux.
1909-12-07,NON IDENTIFIABLE,Quelle est donc la zone d'influence du Lœtschberg Granges-Moutiers.
1909-12-07,NON IDENTIFIABLE,"C'est un triangle qui a un sommet à Berne, un autre un peu au nord de Dieppe. Le troisième à Amsterdam. Tout ce qui se trouve dans ce secteur a intérêt à passer et passe aujourd'hui par les voies belges et allemandes et par la vallée du Rhin."
1909-12-07,NON IDENTIFIABLE,"Demain, quand le Lœtschberg sera en exploitation, quand le Moutiers-Granges aura été créé, le trafic de cet immense secteur passera par les rails français."
1909-12-07,NON IDENTIFIABLE,Vous apercevez l'intérêt général de notre pays à la solution de cette question.
1909-12-07,NON IDENTIFIABLE,Que représente ce secteur au point de vue du trafic français?
1909-12-07,NON IDENTIFIABLE,"Il comprend des départements dont la productivité industrielle est très Importante ; c'est le Nord, le Pasde-Calais, les Ardennes, la Meuse, Meurtheet-Moselle, les Vosges, Belfort."
1909-12-07,NON IDENTIFIABLE,J'emprunte les renseignements suivants à un travail des plus intéressants fait par notre éminent collègue M. Lebrun.
1909-12-07,NON IDENTIFIABLE,"Cette bande de territoire consomme 17 millions 513,000 tonnes de houille sur 44,515,000 que consomme la France (je ne parle pas de la consommation des chemins de fer). Elle compte 85,600 chevaux-vapeur, sur 2,321,000 que compte la France, c'est-à-dire 37 p. 100 ; elle représente l'industrie des"
1909-12-07,NON IDENTIFIABLE,"textiles, les filatures et les tissages de lin, de coton, de jute, de chanvre, de Jaine ; elle représente la construction mécanique,"
1909-12-07,NON IDENTIFIABLE,"les mines, la métallurgie, la soude, les minerais de fer, les aciéries, etc."
1909-12-07,NON IDENTIFIABLE,"A côté du trafic français issu de ce secteur et dirigé vers cette ligne pour de là s'acheminer vers la Suisse romaine et vers l'Italie,"
1909-12-07,NON IDENTIFIABLE,examinez ce que sera demain le trafic international.
1909-12-07,NON IDENTIFIABLE,"Supposez un instant que nous nous trouvions dans le pays du brouillard, en Angleterre,"
1909-12-07,NON IDENTIFIABLE,"et que nous voulions aller dans le pays du soleil, en Italie,"
1909-12-07,NON IDENTIFIABLE,"nous pouvons y aller, en abordant la France, par le Ilavre ou par Dieppe."
1909-12-07,NON IDENTIFIABLE,Le trafic du Havre ou de Dieppe continuera à suivre les lignes de la vallée de la Seine et àt passer par Pontarlier.
1909-12-07,NON IDENTIFIABLE,"Le trafic de Boulogne passe aujourd'hui par Amiens, rejoint Reims,"
1909-12-07,NON IDENTIFIABLE,"passe à Belfort, va de là à Bâle et s'achemine vers le Saint-Gothard."
1909-12-07,NON IDENTIFIABLE,Demain il passera par Delle et le Moutiers-Grange.
1909-12-07,NON IDENTIFIABLE,"Le trafic qui descend de Calais ou de Dunkerque pour aller en Suisse ou dans la haute Italie est obligé aujourd'hui de passer par Lille,"
1909-12-07,NON IDENTIFIABLE,"Namur, et de prendre la ligne Metz, Strasbourg et Bâle."
1909-12-07,NON IDENTIFIABLE,"Eh bien, dorénavant ce trafic du Nord descendra par Lille et Yalenciennes"
1909-12-07,NON IDENTIFIABLE,à Aulnoye il recevra l'appoint de Maubcuge et de la ligne de Bruxelles
1909-12-07,NON IDENTIFIABLE,"un peu plus loin, à Charleville,"
1909-12-07,NON IDENTIFIABLE,il trouvera l'appoint des Ardennes et de la vallée de la Meuse;
1909-12-07,NON IDENTIFIABLE,àLonguyon il recevra tout le transit qui lui arrivera du Luxembourg et de la Hollande
1909-12-07,NON IDENTIFIABLE,"il descendra par Nancy, Epinal, Belfort, Delle et Berne."
1909-12-07,NON IDENTIFIABLE,"Si j'en arrive au transit anglais, belge ou hollandais qui jusqu'à ce jour et depuis la création du Saint-Gothard échappait complètement au rail français,"
1909-12-07,NON IDENTIFIABLE,qu'est-ce que je trouve?
1909-12-07,NON IDENTIFIABLE,"Aujourd'hui tout ce qui arrive d'Ostende, d'Anvers ou de Rotterdam descend par Bruxelles,"
1909-12-07,NON IDENTIFIABLE,"par Namur, de là s'en va à Metz, puis à Strasbourg, remontant la vallée du Rhin,"
1909-12-07,NON IDENTIFIABLE,"puis passe à Bâle et se dirige vers le Saint-Gothard,"
1909-12-07,NON IDENTIFIABLE,sans emprunter un mètre du territoire français.
1909-12-07,NON IDENTIFIABLE,"Demain, grâce à la convention dont je vous demande la ratification,"
1909-12-07,NON IDENTIFIABLE,"d'accord avec le Gouvernement, ce trafic a intérêt,"
1909-12-07,NON IDENTIFIABLE,"par ce que c'est la plus courte distance,"
1909-12-07,NON IDENTIFIABLE,"à descendre de Bruxelles à Namur sur Viston,"
1909-12-07,NON IDENTIFIABLE,"à franchir la frontière à Ecouviez et, à partir de là,"
1909-12-07,NON IDENTIFIABLE,"à partir de là,"
1909-12-07,NON IDENTIFIABLE,à se diriger sur Longuyon et Nancy.
1909-12-07,NON IDENTIFIABLE,"Ce parcours sur le rail français d'Ecouviez à Delle représente 322 kilomètres que les marchandises payeront aux lignes françaises,"
1909-12-07,NON IDENTIFIABLE,au lieu de suivre les lignes de nos concurrents.
1909-12-07,NON IDENTIFIABLE,Elles apporteront la quote part de leur fret au produit net de nos lignes.
1909-12-07,NON IDENTIFIABLE,Je parle comme Français
1909-12-07,NON IDENTIFIABLE,je serai fier de voir nos chemins de fer recevoir de nouveau leur part de ce grand transit international
1909-12-07,NON IDENTIFIABLE,j'en serai heureux aussi au point de vue financier;
1909-12-07,NON IDENTIFIABLE,car ce trafic aura pour résultat d'accroître les recettes de l'Etat puisque l'Etat est l'associé des compagnies de chemins de fer et que toutes les recettes supplémentaires que font les compagnies se traduisent par un remboursement supplémentaire de la dette due de ce chef.
1909-12-07,NON IDENTIFIABLE,"Aussi le sacrifice, si sacrifice il y a,"
1909-12-07,NON IDENTIFIABLE,"que la compagnie de l'Est demande au Gouv3rnement l'autorisation de faire,"
1909-12-07,NON IDENTIFIABLE,"pour assurer l'exécution rapide de cette ligne de Moutiers à Granges,"
1909-12-07,NON IDENTIFIABLE,"est susceptible, au point de vue français,"
1909-12-07,NON IDENTIFIABLE,d'un rendement important.
1909-12-07,NON IDENTIFIABLE,Je ne doute pas que la Chambre ne suive le Gouvernement et ne ratifie la convention.
1909-12-07,NON IDENTIFIABLE,"J'ajoute que cette convention laisse ouverte,"
1909-12-07,NON IDENTIFIABLE,pour l'avenir d'autres solutions qui n'ont été que différées.
1909-12-07,NON IDENTIFIABLE,J'ai indiqué d'un mot gu
1909-12-07,NON IDENTIFIABLE,Je n'voulais pas encombrer cette discussion d'observations purement historiques ou philosophiques sur la ligne de la Faucille.
1909-12-07,David,"Messieurs, si l'on regarde une carte d'Europe, on est immédiatement frappé de cette constatation qu'il existe entre la France et l'Italie une longue frontière de 300 kilomètres par laquelle les deux pays peuvent, quand ils le voudront, acheminer tous leurs échanges, et si on raisonne dans l'hypothèse d'un trafic de transit venant d'Angleterre à destination des pays d'Orient ou d'Extrême-Orient, on s'aperçoit que cette même frontière de 300 kilomètres peut parfaitement permettre l'écoulement de ce trafic. Elle est desservie par de larges vallées qui vont jusqu'au pied même de nos Alpes à travers lesquelles les voies ferrées peuvent très facilement développer leur tracé, à travers lesquelles ont peut établir des courbes assez ouvertes pour que des rampes réduites assurent la circulation des grands express internationaux."
1909-12-07,David,"Seule une bande territoire voisine de la frontière de l'Est, qui correspond à la zone desservie par le Moutiers-Grange n'est point tributaix^e de cette frontière franco-italienne et a intérêt, pour ses échanges avec l'Italie, à emprunter un Etat intermédiaire."
1909-12-07,David,"Cette constatation faite, messieurs, on peut voir aussi qu'en dirigeant le courant du commerce franco-italien sur le sol seulement des deux pays qu'il intéresse, on sert l'intérêt général de la France, parce que la ligne en question, s'infléchissant fortement vers le Sud, se raccorde admirablement avec les voies ferrées arrivant de nos ports de l'Ouest et permet aussi certaines dérivations pouvant aller vers la Méditerranée jusqu'à notre grand port de Marseille."
1909-12-07,David,"Il y a donc une question importante qui, semble-t-il, aurait dû retenir l'attention non seulement des compagnies de chemin de fer qui ont la charge de l'exploitation des réseaux concédés, mais du Gouvernement français qui, lui, a une autre charge, celle de la défense de l'intérêt national."
1909-12-07,David,"Ce qu'il fnut constater, cependant, c'est que jamais, pour ainsi dire, la France n'a eu cette vision claire de ses intérêts. Nous ne disposons, pour nos relations avec l'Italie, en attendant le tunnel de Coni qui est purement d'intérêt local, que du seul tunnel du mont Cenis."
1909-12-07,David,"Or, le mont Cenis n'a pas été percé par la France. Construit par notre grand compatriote, le Savoyard Sommelier, il avait été décidé parle Piémont en 1857 et devait conduire des Etats transalpins aux Etats cisal-"
1909-12-07,Tournade,C'est très exact 1
1909-12-07,David,"C'est ainsi que le 21 septembre 1889 se signait une convention de partage de recettes entre la compagnie de l'Est, le Paris-Lyon-Méditerranée et les chemins de fer d'Alsace-Lorraine, convention par laquelle on mettait dans une masse commune les recettes provenant des marchandises transitant dans certaines conditions soit parle Gothard, soit par le mont Cenis et dont le produit devait être réparti suivant une formule, que je ne connais pas, entre les compagnies contractantes."
1909-12-07,David,Cette convention a été très certainement remaniée lorsque le Simplon est venu à s'ouvrir.
1909-12-07,Tournade,Vous obtiendrez cela très difficilement.
1909-12-07,Fernand-David,"J'en suis convaincu. En face de la politique française plaçons celle du pays voisin, de la Suisse. C'est là une nation intelligente et courageuse, qui a beaucoup osé, qui démontre souvent qu elle est prête à oser davantage, et dont l'action paraît singulièrement forte, quand on la compare à l'indifférence que nous avons, nous autres Français, pour la plupart des questions de relations étrangères."
1909-12-07,Loubet,"La Suisse a admirablement compris qu'il était de son intérêt de tirer parti de sa position au centre de l'Europe, d'utiliser cette situation géographique pour amener sur son territoire les diverses lignes qui permettent les communications entre le Nord et le Sud."
1909-12-07,Brossard,"La Chambre eut donc la sagesse de ne pas accorder un centime pour le Simplon et la /démonstration semble faite aujourd'hui que le tunnel suisse ne peut servir qu'à une fraction infime du territoire français, celle qui sera desservie par le Moutiers-Granges."
1909-12-07,Wilson,"Pendant que ces diverses tentatives se produisaient du côté français, la Suisse n'oubliait pas de regarder du côté de l'Allemagne et de l'Italie."
1909-12-07,Bismarck,"Elle a obtenu, en 1870, de M. de Bismarck, une subvention pour le Gothard,"
1909-12-07,De Lavalette,"Cette ligne fut entièrement construite avec de l'argent français,"
1909-12-07,Nous,ue nous avons bien en face de nous une puissance intelligente et agissante et que .nOUI
1909-12-07,devons,"nous préoccuper de lui résister, toutes les fois que ses visées seront manifestement contraires à l'intérêt de la France. (Très bien 1 très bien !)"
1909-12-07,Messieurs,"c'est à la lumière de ces quelques observations que je vous demanderai la permission d'examiner brièvement la convention qui nous est présentée. De cette conventien, j'aurai beaucoup à dire, mais je compte borner mes efforts à l'indispensable."
1909-12-07,Je,"en ce qui concerne le Moutiers-Granges, je pense que c'est la seule clause vraiment acceptable de la convention de Berne et je suis tout prêt, quant à moi, à y donner mon adhésion, car cette ligne paraît réellement intéresser notre région de l'Est."
1909-12-07,J'ai,"dit tout à l'heure que je considérais le Frasne - Vallorbe, comme aggravant les dangers du Simplon vis-à-vis de la France. Je ne suis pas responsable de sa négociation."
1909-12-07,Le Gouvernement,"n'a fait que ratifier la convention de 1902 passée entre la compagnie Paris-Lyon-Méditerranée et les chemins de fer fédéraux. Gardons l'espoir que nous pourrons en détruire lés effets quand nous voudrons instaurer à nouveau dans ce pays une politique vraiment française, et qui nous conduira alors à reprendre au Simplon les avantages que nous lui avions donnés par la convention nouvelle."
1909-12-07,Restent,les détails de cette convention. Certains d'entre eux nous intéressent moins et je porte principalement mon attention sur deux points essentiels.
1909-12-07,Je ne fais,que passer sur une question dont vous parlera plus longuement tout à l'heure mon ami M. Jacquier et qui concerne le doublement de la voie sur la rive française du lac de Genève.
1909-12-07,J'ai,"moi-même demandé des explications au Gouvernement sur cette clause singulière stipulant que lorsque la compagnie Paris-Lyon-Méditerranée se mettrait d'accord avec les chemins de fer fédéraux pour créer des express spécialisés pour Genève, ces express délaisseraient la route française de Bourg et Culoz, cesseraient de desservir les populations actuellement traversées et prendraient la nouvelle direction de Vallorbe et de Lausanne."
1909-12-07,Je crois,"que cette stipulation n'a point été désirée par la compagnie Paris-Lyon-Méditerranée, et je me demande vraiment qui peut avoir songé, sinon strictement la Suisse, à l'introduire dans la convention."
1909-12-07,En tout cas,"je. demande à M. le ministre des travaux publics de ne jamais autoriser la création de ces trains spécialisés parce que les départements de l'Ain, de la HauteSavoie et même une fraction de la Savoie..."
1909-12-07,M. Périer (Saône-et-Uoire),. Et le département de Saône-et-Loire ?
1909-12-07,M. Fernand-David,"...et le département de Saône-et-Loire seraient privés des express qui, aujourd'hui, leur sont communs avec Genève et constituent pour eux le seul moyen d'accéder rapidement à Paris."
1909-12-07,Mais,il y a dans la convention deux lacunes absolument regrettables. La première concerne la cession à la confédération hel'vétique de la gare française de Cornavin et de la ligne française de Genève à la Plaine. La seconde a trait à l'admission de l'hypothèse de la Faucille-Genève.
1909-12-07,En ce qui concerne,"le rachat de la gare de Cornavin, je suis l'interprète, je crois, du sentiment unanime des Français qui habitent nos régions, en vous disant le sentiment de tristesse qu'ils ont éprouvé à voir notre Gouvernement abandonner aussi facilement ce qui est un peu du patrimoine moral et des conquêtes légitimes et pacifiques de la France à l'étranger. Cette gare avait été établie quand nous avions l'avance sur les pays voisins, en matière de chemins de fer comme en d'autres matières industrielles. Il y a là 300 employés français. Leur présence a été souvent dénoncée par les chauvins genevois comme constituant une atteinte à leur patriotisme, comme étant un élément dangereux pour l'indépendance du canton de Genève. Mais il y avait là aussi quelque chose de l'âme de la France qui vivait et qui agissait. Pourquoi a-t-on vendu cette gare ? Pourquoi l'a-t-on fait, alors que nous avons l'exemple de l'Allemagne conservant à Bâle une gare allemande à côté de la gare suisse ?"
1909-12-07,Nous,"devrions bien, parfois prendre des leçons auprès d'elle."
1909-12-07,IMPLEMENT,"la création du Frasne-Vallorbe. Ce canton de Genève, lui, désirait la Faucille;"
1909-12-07,CONFEDERATION,"il avait des alliés au sein du Gouvernement français;et lorsque la Confédération disait : Je veux avant tout le Frasne-Vallorbe, on lui répondait de poser dans son entier la question des voies d'accès au Simplon, c'est-à-dire la question de la Faucille à côté de la question du Frasne-Vallorbe."
1909-12-07,CONFEDERATION,La Confédération refusait depuis longtemps lorsqu'elle trouva enfin un terrain d'entente avec le canton de Genève.
1909-12-07,CANTON,"pour aider les négociations de ses amis de la France, eut l'idée de demander la concession d'une ligne allant de Meyrin à Genève, c'est-à-dire se dirigeant vers la future trouée du Jura, chère aux intérêts génevois."
1909-12-07,CONFEDERATION,"Sur cette demande, la Confédération forcée de conclure, avait déclaré qu'elle ne consentirait à donner cette concession qu'à la condition que l'on fit d'abord le Frasne-Vallorbe, que la gare de Cornavin fut rachetée, qu'il n'y eut pas de raccordement entre les deux gares de Cornavin et des Eaux-Vives et enfin que la ligne plus courte de 22 kilomètres qui va au Simplon par la rive savoyarde restât inutilisée pour tout le trafic à destination de ce tunnel."
1909-12-07,NEGOCIATIONS,"Les négociations ont été entamées sur ces bases entre le canton de Genève et le Conseil fédéral. Lorsque les deux parties ont été d'accord, le protocole de la convention actuelle a été signé."
1909-12-07,CONFEDERATION,"La Confédération helvétique a signé pour son compte ; je ne sais pas qui tenait vraiment la plume du côté français, mais ce que je sais, c'est que l'accord intervenu en Suisse a été accepté purement et simplement par notre pays."
1909-12-07,PROTOCOLE,"Le protocole a prévu la cession anticipée de la gare de Genève sans bénéfice pour nous ; il a prévu un raccordement, mais à la condition qu'il ne soit pas utilisé."
1909-12-07,GOUVERNEMENT,L'exposé des motifs du Gouvernement le dit clairement : « Les délégués suisses ont fait observer qu'il serait excessif d'exiger de la Confédération l'établissement d'un raccordement très coûteux et de profiter de la création de ce raccordement pour enlever aux lignes de la rive suisse un trafic qu'elles possèdent aujourd'hui en totalité. »
1909-12-07,VOIE,"La voie d'accès au Simplon qui suit la rive française du lac aurait dû, en vertu de la loi de la plus courte distance, recevoir l'intégralité du trafic venant de la Faucille, non seulement on ne lui en a attribué que la moitié,"
1909-12-07,REPRESENTATION,"quand le texte de cet étonnant protocole a été connu, l'unanimité de la représentation des départements de l'Ain, de la HauteSavoie et de la Savoie a protesté avec véhémence auprès du conseil des ministres."
1909-12-07,EMILE-FAVRE,C'est exact.
1909-12-07,FERNAND DAVID,"Il nous a été répondu qu'on ignorait ce protocole, que du moins le Gouvernement n'en avait jamais dé. libéré, mais qu'on tiendrait compte des observations que nous présentions. Nos efforts profitèrent surtout à la région de l'Est,"
1909-12-07,FERDINAND DAVID,Il est regrettable toutefois que notre diplomatie n'ait pas été plus indépendante et plus clairvoyante en cette occasion.
1909-12-07,HISTOIRE,L'histoire de ces événements n'est pas faite pour rehausser l'idée qu'on se fait de la France dans les pays qui nous entourent.
1909-12-07,JE,"Je puis parler ainsi surtout quand je me trouve en présence de l'hypothèse de la Faucille, introduite dans la convention."
1909-12-07,HYPOTHESE,"Je dis l'hypothèse, car si mon collègue M. Berthet a apporté avec raison ici l'écho des observations que nous faisions à la lecture du document officiel qui nous était communiqué, je trouve cependant, dans les pourparlers,"
1909-12-07,CONFEDERATION,"A la suite de l'accord intervenu avec Genève la confédération helvétique a tenu d'autant mieux ses engagements qu'elle savait le ministère français d'alors prêt à la , résistance."
1909-12-07,TOURNADA,"A ce moment, il y aura longtemps que le négoce passera par Salonique."
1909-12-07,FERNAND DAVID,"Cette première formule repoussée, on nous demande d'accepter que le percement se fit lorsqu'on aurait justifié de la réalisation des moyens financiers nécessaires."
1909-12-07,ON,"On n'accepta pas encore. On s'entendit seulement sur la troisième formule qui figure dans la convention, à savoir que lorsque la France percera la Faucille, la Suisse acheminera la ligne dans les conditions que nous savons."
1909-12-07,RAPPROCHANT,En rapprochant ce texte de ceux qui ont été rejetés on acquiert la certitude que notre Gouvernement n'a pris aucun engagement pour la construction à un terme quelconque de la ligne légendaire de la Faucille-Genève.
1909-12-07,IL,Il faudrait d'ailleurs que le Gouvernement précise ce point et je suis convaincu qu'il le fera avec toute la loyauté que nous connaissons à M. le ministre des travaux publics.
1909-12-07,POURQUOI,Pourquoi donc la représentation savoyarde et la représentation du département de l'Ain protestent-elles avec tant d'énergie contre la Faucille-Genève?
1909-12-07,REGNIER,Notre collègue M. Régnier a fait au Journal de Genève cette confidence qu'il ne comprenait pas nos raisons...
1909-12-07,MARCEL REGNIER,Je n'ai jamais rien dit de tel à ce journal.
1909-12-07,FERNAND DAVID,Je suis très heureux que vous démentiez l'interview de vous publié dans le Journal de Genève.
1909-12-07,Ministre des travaux publics,naissons à
1909-12-07,REGNIER,Pourquoi donc la représentation savoyarde et la représentation du département de l'Ain protestent-elles avec tant d'énergie contre la Faucille-Genève? Notre collègue M. Régnier a fait au Journal de Genève cette confidence qu'il ne comprenait pas nos raisons...
1909-12-07,DAVID,Je suis très heureux que vous démentiez l'interview de vous publié dans le Journal de Genève.
1909-12-07,REGNIER,"M. Marcel Regnier, rapporteur. Je n'ai jamais rien dit de tel à ce journal."
1909-12-07,Nom non identifié,"Toujours est-il qu'il convient maintenant; d'exposer à la Chambre1 ces raisons, car nous! ne plaidons pas ici une cause d'intérêt! local; nous vous disons, en bons compatriotes, ce que nous croyons être de l'intérêt' de notre pays. Quand nous aurons saisi, les! mandataires du peuple et le Gouvernement: responsable, ils feront ce qu'ils voudront pour nous notre conscience sera déchargée."
1909-12-07,Nom non identifié,"Lorsque vous traitez avec la confédération helvétique pour nos régions, vous n'êtes pas: sur le terrain déblayé de toutes difficultés; où il semble que vous vous croyiez placés. Vous croyez et nous croyons aussi que sur: le territoire de la Haute-Savoie et ,,de la, Savoie la souveraineté de la France est; Incontestable, mais vous devez reconnaître qu'elle est contestée et que nos voisins de la Suisse soutiennent que nous: n'y avons pas les mains libres."
1909-12-07,Nom non identifié,"Par une série de tentatives qui se sont succédées. depuis plus d'un siècle, ils ont cherché à affirmer certains droits sur ces territoires."
1909-12-07,Nom non identifié,"Messieurs, lorsque Genève s'estime séparée du duché de Savoie, elle était une toute petite ville réduite à l'enceinte de: ses murailles ; sa préoccupation a été de se créer une banlieue. La lutte s'est engagée sur ce terrain entre elle et les ducs de, Savoie."
1909-12-07,Nom non identifié,"Lorsque en 1814 la première invasion étrangère est venue renverser l'empire, on fit pétitionner dans nos régions pour demander que la Haute-Savoie formât un vingtième canton suisse."
1909-12-07,Nom non identifié,"Après la seconde invasion, lorsque les' traités de 1815 sont intervenus, la confédé- ration helvétique a demandé à son profit l'annexion de tout le pays de Gex. Elle a: obtenu cinq communes de la rive Nord du lac et 17 communes de la Haute-Savoie."
1909-12-07,Nom non identifié,"On; lui accorda en même temps la constitution de la zone franche du pays de Gex, la douane étant reportée à l'ouest du Jura, et la constitution de la zone sarde de 1816 qui comprend une partie de ma circonscription."
1909-12-07,Nom non identifié,La cession des 17 communes de la Savoie était liée à la neutralité militaire demandée par le petit royaume de Sardaigne pour les: fendre. provinces qu'il pouvait si difficilement déendre. Cette neutralité fut établie.
1909-12-07,Nom non identifié,"Elle s'applique non seulement au département de la Haute-Savoie, mais encore à une partie de la Savoie et sa ligne séparative s'étend jusqu'à Ugines et au lac du Bourget."
1909-12-07,Nom non identifié,"Nous savons tous qu'après avoir accepté' cette neutralité militaire comme une charge, et échange des communes cédées-, la Suisse S peu à peu, voulu la tourner contre nous."
1909-12-07,Nom non identifié,Arrivons à 1860. Vous savez dans quelles conditions l'empire a pu annexer au territoire français le duché de Savoie et le comté. de Nice.
1909-12-07,Nom non identifié,"En 1858, avant la guerre, raccord s'était fait entre Napoléon IILet Victor-Emmanuel sur cette base qu'en échange de la coopération militaire de la France, on lui céderait ces provinces. Mais quand il s'est agi de cette cession, Napoléon a vu se dresser contre lui de sérieux obstacles."
1909-12-07,Nom non identifié,"La confédération helvétique de son côté faisait demander par son représentant à Paris, M. Kern, qu'on, lui cédât le Chablais, le Faucigny et le, Genevois, c'est-à-dire les arrondissements, 'partiels de Thonon, de Saint-Julien et de Bonneville."
1909-12-07,Nom non identifié,"Elle soutenait ses prétentions en vertu d'un traité de 1564, par lequel les seigneurs de .Berne et le duc de Savoie avaient stipulé que Je premier d'entre eux qjil uea«n«erait à une partie de ses Etats les cèderait ài l'autre."
1909-12-07,Nom non identifié,"La Confédération est allée à ce moment! jusqu'à voter des fonds pour lever desi troupes. Elle a fait pétitionner à nouveaui < sur notre territoire, et il a fallu, pour mettre à l'aise Napoléon et lui. permettre de réæliser l'annexion sans craindre une conflagration européenne, que les notables savoyardsi aillent officiellement, le. 21 mars 1860, protester contre le démembrement de leurpays au profit de la, Suisse."
1909-12-07,Nom non identifié,"Le plébiscite d'annexion, du 22 avril 1860i montre d'ailleurs le consentement unanime' ,de nos populations, qui se sont librement: données à la France. (Vifs applaudissements.)<"
1909-12-07,NON IDENTIFIABLE,t pas res traités de 1815.
1909-12-07,NON IDENTIFIABLE,"En 1883, le 30e régiment d'infanterie, caserné à Annecy, manœuvrait derrière le Salève. La Suisse s'aperçut en même temps qu'on faisait des travaux de campagne sur le mont Vuache, qui est, comme le Salèvei dans ma circonscription."
1909-12-07,NON IDENTIFIABLE,Elle crut à notre intention de fortifier le Vuache et protestai aussitôt auprès du gouvernement de Jules' Ferry en faisant état du même traité de;
1909-12-07,NON IDENTIFIABLE,1815. Le texte de ces traités nous laissait parfaitement le droit de fortifier cette partie:
1909-12-07,JULES FERRY,"Le 14 décembre 1884, Jules Ferry répondit que la France n'avait pas l'intention de fortifier le mont Vuache."
1909-12-07,NON IDENTIFIABLE,"En 1908 enfin, une interpellation eut lieu au Sénat. Les sénateurs de la Haute-Savoie 
affirmèrent à cette occasion que l'annexion1 de 1860 avait été volontaire. libre et unanime et que les traités de 1815 ne donnaient vraiment pas,"
1909-12-07,NON IDENTIFIABLE,"au point de vue de la neutralité, à la confédération helvétique les droits qu'elle prétendait avoir."
1909-12-07,NON IDENTIFIABLE,"Quand ces déclarations furent connues chez nos voisins, la Gazette de Lausanne du 19 février 1908, commentée parla Revue militaire suisse de mars 1908, soutint hautement la thèse des droits de la Suisse dévoilant des traités de 1815,"
1909-12-07,NON IDENTIFIABLE,et revendiqua pour les troupes de la Confédération le droit de passer sur la rive sud du lac Léman pour aller du canton de Genêve jusque dans le Valais.
1909-12-07,NON IDENTIFIABLE,"Quant au Journal de Genève, il publia le 29 juin 1908 un long article où il contesta la légitimité et l'annexion de la Savoie à la France et où il déclara notamment :"
1909-12-07,NON IDENTIFIABLE,"« Quoi qu'il en soit il ne fut pas tenu compte des. vœux des populations et par le traité du 24 mars 1860 toutes les provinces furent cédées à l'empire français, alors à l'apogée de sa gloire. Il fallait donner un sèmblant de sanction populaire à cet acte diplomatique et c'est alors qu'intervînt la fameuse votation du 22 avril si savamment préparée."
1909-12-07,ALPHONSE PATRU,"En même temps M. Alphonse Patru, ancien conseiller d'Etat à Genève publia un recueil spécialement destiné à répondre aux sénateurs savoyards et dans .lequel il énuméra tous les arguments que les Suisses ont utilisés depuis cent ans,"
1909-12-07,NON IDENTIFIABLE,parmi lesquels les droits tirés des traités de 1664 et le pré-
1909-12-07,NON IDENTIFIABLE,pendu consentement dès- Savoyards en 1860
1909-12-07,NON IDENTIFIABLE,"« Cela,, il. faut que vous le sachiez, messieurs,.il faut qu'on vous le rappelle, il faut"
1909-12-07,NON IDENTIFIABLE,"que vous vous demandiez si vraiment,"
1909-12-07,NON IDENTIFIABLE,"quand vous} êtes en présence de territoires 1 sur lesquels on n'a pas désespéré d'asseoir, (à un. moment donné, une domination plus . précise et plus certaine i vous avez le droit,"
1909-12-07,NON IDENTIFIABLE,"dans votre conscience de Français de lier ces- territoires à la puissance qui les convoite par des liens tels que vraiment ils ne ,t puissent jamais s'en affranchir. (Applaudis.}sements. sur un grand nombre de bancs.)"
1909-12-07,NON IDENTIFIABLE,. C'est la. question que noua avons posée.
1909-12-07,NON IDENTIFIABLE,Notre situation en effet s'aggraverait singu(lièrement si l'on; mettait à exécution le projet Faucille-Genève.
1909-12-07,NON IDENTIFIABLE,"La- Faucille-Genève aboutit dans ma circonscription. En admettant cette entreprise, je ne plaide donc pas ici une cause d'intérêt i personnel."
1909-12-07,NON IDENTIFIABLE,"Mais qui. ne voit pas qu'on ratta. cherait à: Genève d'une façon absolue, non pas seulement les arrondissements de la"
1909-12-07,NON IDENTIFIABLE,"Savoie du Nord, mais l'arrondissementId'Annecy et.mâme une fraction du départer ment,"
1909-12-07,NON IDENTIFIABLE,"de l'Ain, l'arrondissement de Nantua ipar exemple: qui pour ses relations rapides avec Paris serait obligé d'emprunter la vole d'accès créée en Suisse."
1909-12-07,NON IDENTIFIABLE,Il y a des difficultés. graves à rencontrer obligatoirement sur un point de son par-
1909-12-07,NON IDENTIFIABLE,cours une nation étrangère. On a paru croire i les lever toutes lorsque dans la convention qui nous est apportée on s'est borné à. spé-
1909-12-07,NON IDENTIFIABLE,cifier la neutralité douanière pour les marf chandises et les voyageurs transitant à traversi Genève. Mais la souveraineté d'un Etat
1909-12-07,NON IDENTIFIABLE,"ne.s'affirme -pas, seulement par des considérations purement fiscales et si la question des douanes est quelque,"
1909-12-07,NON IDENTIFIABLE,"chose, elle n'est pas tout. Quand on, pénètre sur le territoire d'un pays voisin on est forcé de se soumettre à ses lois,"
1909-12-07,NON IDENTIFIABLE,"à ses exigences, à ,sa police et la police de Genève est une police bien faite. J'ai dans mon dossier le relevé des expulsions qu'elle a opérées de 190Q à 1908; je n'ai pas de statistique portant sur une."
1909-12-07,NON IDENTIFIABLE,"plus longue période, mais. dans. ces huit ans, pour les seuls ressortissants de l'Ain, de la Savoie et de la Haute-Savoie, les expulsions s'élèvent au nombre de 1,046 ; si je me place en présence de tous les ressortissants français,"
1909-12-07,NON IDENTIFIABLE,je constate que les. expulsions sont d'environ 500 à 600 par an. Faites le calcul pour toute une génération !
1909-12-07,NON IDENTIFIABLE,"Je demande à M. le ministre des travaux publics quelle sera, avec le régime de la convention de Berne,"
1909-12-07,NON IDENTIFIABLE,"la situation de ces Français, qui auront fait avec leur argent les frais de la percée allant de Lons-leSaunier à- Genève et qui n'auront pas le droit d'utiliser la voie nouvelle puisque la confédération pourra leur en interdire l'accès. Voilà,"
1909-12-07,NON IDENTIFIABLE,"messieurs, une des conséquences de la souveraineté étrangère qu'on nous obligerait à supporter."
1909-12-07,NON IDENTIFIABLE,"Il y en a d'autres : ce sont, par exemple,"
1909-12-07,Cère,"Nous ne soutenons rien, même pas -que le canton de Genève veuille conquérir la France."
1909-12-07,David,"Vous avez beaucoup d'esprit, mon cher collègue; vous l'avez montré pendant votre carrière de journaliste et ici même; mais laissez-moi vous dire que les plaisanteries sont singulièrement déplacées quand il s'agit d'intérêts aussi graves. (Applaudissements à gauche.)"
1909-12-07,non identifié,O.i essaie maintenant de nous ramener la Faucille d'une façon oblique coin ue voi-e d'accès an mont Blanc-et on escompte le raisonnement suivant :
1909-12-07,Deloncle,"Ce raisonnement apparaît dans les commentaires de la convention non pas tant dans le rapport de mon ami M. Marcel Régnier, qui s'est montré très prudent tactitien en l'occurrence, mais dans l'avis de la commission des affaires extérieures où un diplomate, M. François Deloncle, a prétendu que déjà à Berne on avait engagé la question des voies d'accès en Italie: Certains, des articles de l'accord franco-suisse étaient moins destinés, paraît-il, à diriger par avance nos vues vers certaine percée des Alpes et certaine voie d'accès."
1909-12-07,non identifié,"Ce serait une singulière méthode de la part de notre Gouvernement, que celle qui consisterait à régler à Berne les questions qui regardent Rome. L'Italie serait justement fondée à trouver étrange ce procédé."
1909-12-07,non identifié,"Que veut en effet l'Italie ? Elle dirige aujourd'hui ses regards du côté de la France. Nous nous en félicitons, -nous autres Savoyards, car nous n'oublions pas que notre petit pays a été le berceau de sa maison régente. Nous n'oublions pas non plus que de nos montagnes sont partis les meilleurs de -ses soldats, ceux qui, côte à côte avec les soldats français, sur leschamps de bataille de Solférino, de Magenta et d'autres encore ont conquis l'indépendance de l'Italie et refoulé ses oppresseum Aussi sommes-nous les premiers- à féliciter de tout coeur le Gouvernement français d être entra dans la voie de l'amitié franco-italienne. (Ap-plaudissements' sur un grand nombréae bancs..)"
1909-12-07,non identifié,Quel est -alors le sens de l'accord qui se prépare aujourd'hui! ...
1909-12-07,non identifié,"Il signifie que, la-politique ayant changé de face, nous devons développer nos rela-tions directes avec la nation sœur, en évitant qu'il y ait désormais un tiers 'entre elle et rious. Nous devons Gréer une route nouvelle aisée -et rapide, sans emprunter le territoire des Etats voisins; il faut, je le répète, que les-relations soient directes, et si vous voulez, qu'il en soit ainsi, il faut nécessairement que vous restiez sur le sol français jusqu'à la nouvelle percée des Alp-es. Cette percée se fera ou au MontBlanc on au Petit-Saint-Bernard; je, suis partisan résolu de la percée au Mont-Blanc, monsieur le ministre, mais comme mon collègue M. Bertliet qui préférerait le PetitSaint-Bernard, j'inclinerai ma préférence personnelle devant l'intérêt général du pays."
1909-12-07,non identifié,"Je ne sollicite qu'une chose, c'est qu'à la conférence de Rome le problème soit apporta dans son ensemble et sans qu'on n'ait rien préjugé ni du choix de la trouée nouvelle ni des -voies d'accès, et que vous acceptiez la solution qui par les deux gouvernements sera considérée comine la plusconforme à"
1909-12-07,non identifié,"Mais comment, dans ces conditions, pouvez-vous parler du passage par-Genève de la ligne à créer ! Comment ! c'est au moment où la Confédération rachète nos gares et nous enlève ce qui nous restait sur son territoire, pour être seule maîtresse chez elle..."
1909-12-07,rapporteur,Permettez-moi de vous' répondre un mot. C'est la convention qui a réglé la construction de la gare. exploitée à l'heure actuelle par la compagnie de Paris à Lyon et à la Méditerranée qui donne à la Suisse le droit de racheter cette gare quand elle le voudra..
1909-12-07,le rapporteur,Permettez-moi de vous' répondre un mot. C'est la convention qui a réglé la construction de la gare. exploitée à l'heure actuelle par la compagnie de Paris à Lyon et à la Méditerranée qui donne à la Suisse le droit de racheter cette gare quand elle le voudra..
1909-12-07,Fernand David,"Mon cher collègue, je m'étais efforcé de vous démontrer tout à l'heure que le rachat de la gare de Cornavin est prévu par le canton de Genève sur la demande de la confédération. Votre Observation me prouve que j'aurais dû indiquer que les conditions de rachat par le canton de Genève sont beaucoup plus favorables que les conditions de rachat par la confédération. Ce qui constitue la rançon delà Faucille dans la convention, c'est que, grâce au canton de Genève, la confédération effectuera ce rachat avec des facilités qu'elle n'aurait jamais obtenues."
1909-12-07,J,"Je dis que la confédération, ce n'est pas douteux, car c'est sa tendance constante, a consenti à négocier sur le terraflr de la Faucille pour nous exclure du territoire suisse. Elle y a réussi. Et vous croyez qu'elle est disposée, étant dans cette humeur que no.is lui connaissons, à favoriser la traversée par Genève par une ligne française? Comment favoriserait-elle cette li..,'ne française qui n'emprunterait que sur un dizaine de kilomètres le territoire suisse, alors que toutes les voies d'accès au Simplon lui amènent le trafic sur 200 kilomètres au moins 1"
1909-12-07,PRÉSIDENT,M.s ie président. La parole est à M. Girod auteur de la cinquième interpellation.
1909-12-07,ADOLPHE GIROD,"L'Assemblée à laquelle nous avons l'honneur d appartenir n'a jamais ménagé ses trésors d'indulgence et de bienveillance à ceux de ses membres qu'une situation délicate, indépendante de leur volonté, a pu mettre en quelque embarras. Et c'est à ce sentiment, messieurs, que, aujourd'hui plus que jamais, j'éprouve la nécessité de faire appel en m'adressant à mes collègues."
1909-12-07,ADOLPHE GIROD,"Si, en effet, les orateurs qui m'ont précédé ont pu apporter ici une thèse précise, ils ont eu par là sur moi le privilège enviable de n'avoir à défendre qu'une cause, et de pouvoir s'y donner avec les ressources merveilleuses de leur éloquence et de leur talent."
1909-12-07,ADOLPHE GIROD,"Il est loin d'en être pour moi de même et d'un mot, j'explique la contrainte involontaire de ma perplexité."
1909-12-07,ADOLPHE GIROD,"Le tracé Frasne-Vallorbe, dont la construction projetée est soumise à votre ratification, est tout entier compris dans ma circonscription : c'est assez vous dire, avec quelle légitime impatience les populations de cette région attendent le résultat du vote que vous aurez à émettre, et point n'est besoin d'ajouter qu'elles m'ont donné le mandat formel de me faire auprès de vous l'avocat d'une cause qui les intéresse à un si haut degré."
1909-12-07,ADOLPHE GIROD,"Mais, d'autre part, la constructiou même de la voie nouvelle aboutit à cette conséquence que la ligne actuelle, qui dessert la ville de Pontarlier, sera délaissée, à l'expiration du délai de construction, par le service international Paris-Pontarlier-Lausanne; et le chef-lieu de mon arrondissement ne la peut pas voir sans certaines appréhensionsaréalisation de la convention qui vous est soumise."
1909-12-07,ADOLPHE GIROD,"J'ai ainsi, messieurs, de par la géographie, un pied sur le tracé nouveau et l'autre sur l'ancien — si on peut déjà parler ainsi de la ligne actuelle — et c'est là un genre de grand écart qui fait de moi un être tout à fait exceptionnel et unique en son genre dans cette discussion, c'est-à-dire, comme dans la comédie de Molière, le maitre Jacques de la convention."
1909-12-07,ADOLPHE GIROD,"Si, en effet, parlant à ma personne, on s'adresse au député rural, en lui demandant ce qu'il pense de cette convention, il n'a point le droit de répondre qu'il s'en désintéresse, et c'est au contraire un devoir im-"
1909-12-07,ADOLPHE GIROD,"Peut-être aussi pourrais-je espérer la récompense du bon Gorgias de Léontium, qui savait donner des arguments merveilleux pour soutenir le pour et le contre, et auquel la Grèce éleva à Delphes une statue d'or."
1909-12-07,ADOLPHE GIROD,"Je ne voudrais point d'une statue d'or, car cet or serait infiniment mieux placé aux foyers des malheureux, et, d'autre part, si j'allais avoir droit à une statue, du moins me permettrez-vous de souhaiter, me trouvant fort bien en votre aimable compagnie, que ce soit le plus tard possible."
1909-12-07,ADOLPHE GIROD,"Je m'excuse d'avoir expliqué cette situation si particulière, mais ces explications étaient nécessaires pour donner un peu de clarté aux observations que j'ai reçu mandat de présenter à la Chambre."
1909-12-07,NOBLEMAIRE,"Il semble opportun et peut-être nécessaire d'établir à double voie une ligne nouvelle en dehors de Pontarlier, partant de Vallorbe pour rejoindre à Frasne notre ligne actuelle de Pontarlier à Mouchard. Outre que cette ligne donnerait un raccourci de 17 kilomètres, elle aurait le grand avantage de ne plus passer qu'à la cote 894 — au lieu de 1002 — et d'être plus facilement exploitable, en hiver surtout."
1909-12-07,NOBLEMAIRE,"Malheureusement, l'exécution de cette ligne nouvelle coûterait une vingtaine de millions et quel que soit l'intéret qu'elle peut présenter, nous ne pouvons songer à nous charger intégralement d'une pareille dépense. C'est l'intérêt de notre commun trafic qui est en jeu, et il serait nécessaire et logique qu'elle fût exécutée aux frais communs des deux réseaux."
1909-12-07,BAUDIN,C'est moi qui ai provoqué la compagnie Paris-Lyon-Méditerranée a négocier cet accord avec la compagnie du Jura-Simplon.
1909-12-07,Baudin,"C'est M. Pierre Baudin, ministre des travaux publics, qui en 1901 provoque la convention Frasne-Vallorbe et qui s'en félicite, en septembre 1908, dans la Revue du mois, en disant : « C'est moi qui ai provoqué la compagnie Paris-Lyon-Méditerranée a négocier cet accord avec la compagnie du Jura-Simplon. »"
1909-12-07,Réforme économique,"« Quoi qu'on en pense, ou qu'on espère de l'avenir, il nous faut pour demain une solution économique et rapide. Et ce n'est pas nous qui avons à l'inventer : La commission extraparlementaire de 1901 s'est prononcée à l'unanimité pour l'adoption du Frasne-Vallorbe. Il faut, qu'on le veuille ou non, commencer par là. Le Frasne-Vallorbe qui est la solution simple et brève et... » — écoutez, messieurs, pour ceux qui fondent des espoirs sur d'autres lignes— « ... la solution n'excluant pas de plus amples projets pour après demain, doit être, lui, la réalité de demain, qui nous permettra de sauvegarder entièrement tous nos intérêts économiques présents. »"
1909-12-07,Chambre de commerce de Lyon,"« Après la percée du Lœtschberg, la seule amélioration possible pour le transport des voyageurs sera le raccourci « Frasne-Vallorbe » qui donnera la plus faible distance de Paris à Milan (819 kilomètres) pour une dépense abordable. »"
1909-12-07,Lebrun,"« Nous ne prétendons pas que les efforts auxquels nous convions le Gouvernement soient les seuls qu'il doive s'imposer; je reconnais que le Frasne-Vallorbe doit marcher de pair avec le Granges-Moutier, et que ces deux lignes sont comme les deux termes d'une équation où les deux pays trouveraient des satisfactions à peu près compensées ; et puis, on pourra examiner encore d'autres solutions... »"
1909-12-07,Gouvernement,"C'est enfin le Gouvernement, avec ses plénipotentiaires à Berne, avec MM. Barthou, Pichon, Millerand, c'est à l'unanimité du groupe interparlementaire, présidé par M. César Duval, c'est votre commission des travaux publics, c'est votre commission des affaires extérieures, ce sont leurs distingués rapporteurs, MM. Régnier et Deloncle, qui montrent que la solution proposée, est vraiment, pour les temps actuels au moins, la formule nationale, la solution pratique et rapide qui répond aux nécessités du moment."
1909-12-07,Collègue,"Dans quel esprit sont rédigées ces réclamations? Elles ne procèdent point non plus, comme certains pourraient être tentés de le croire, d'un esprit particulariste et égoïste à outrance. Que lisons-nous, en effet, dans les délibérations qu'avait prises le conseil municipal de Pontarlier, en date des 31 mai 1907 et 8 juin 1909? Ceci :"
1909-12-07,Régnier,"Dans quel esprit sont rédigées ces réclamations? Elles ne procèdent point non plus, comme certains pourraient être tentés de le croire, d'un esprit particulariste et égoïste à outrance. Que lisons-nous, en effet, dans les délibérations qu'avait prises le conseil municipal de Pontarlier, en date des 31 mai 1907 et 8 juin 1909? Ceci :"
1909-12-07,Deloncle,"Ceci : « Nous nous garderons bien de plaider la cause de ce que l'on pourrait appeler les intérêts immédiats de la ville de Pontarlier, convaincus -que nous sommes que ces intérêts, si respectables qu'ils soient, ne sauraient peser d'un grand poids dans la balance où se soupèse ce qui doit réaliser, au 'mieux de notre pays, l'avenir de sa prospérité agricole, industrielle et commerciale. « Pourtant, il est de notre devoir d'appeler votre bienveillante attention sur les points suivants :"
1909-12-07,Tournade,Les trains ne peuvent pas passer par toutes les villes.
1909-12-07,Adolphe Girod,Je voudrais bien qu'ils puissent passer dans les deux régions que je défends. Je serais plus à mon aise.
1909-12-07,Commission,"C'est une lutte d'intérêts privés entre les compagnie du Paris-Lyon-Méditerranée et de l'Est, qui amène la convention francosuisse."
1909-12-07,Commission,Cette convention est contraire à l'intérêt général.
1909-12-07,Commission,"Le raccourci Frasne-Vallorbe n'est justifié ni par la distance, ni par le temps, ni par le trafic à gagner."
1909-12-07,Commission,La France prend toutes les charges sans compensation sérieuse.
1909-12-07,Commission,La Suisse n'en prend aucune.
1909-12-07,Commission,"La France se désintéresserait de Pontarlier qui a des droits acquis, alors que la Suisse est intransigeante pour soutenir ses nationaux : Bienne et Vallorbe."
1909-12-07,Commission,La douane française serait transportée de Pontarlier à Vallorbe (Suisse).
1909-12-07,Commission,Un parlement français ne peut que rejeter pareille convention.
1909-12-07,Commission,Les relations internationales avec l'Italie doivent et peuvent se faire plus avantageusement par la frontière des Alpes.
1909-12-07,Commission,"Aussi, la ville de Pontarlier, confiante dans votre patrigtisme éclairé et votre esprit de justice vous supplie de rejeter la convention, de maintenir le statu quo, sauf à pourvoir à l'amélioration de la section Pontarlier-Vallorbe, solution qui ne lèse aucun intérêt."
1909-12-07,Ministre,"J'ai déjà dit que, impartial jusqu'au bout, je m'en remettais .avec confiance à votre jugement éclairé!"
1909-12-07,Ministre,"Mais quelle. que soit d'ailleurs votre opinion à cet égard, il y a un point sur lequel il est nécessaire que M. le ministre veuille bien nous donner des explications précises."
1909-12-07,Ministre,"Dans l'exposé des motifs du projet, M. Barthou nous a dit, parlant du doublement de la voie actuelle de Pontarlier à Vallorbe : « A l'unanimité, les techniciens que nous avons consultés nous ont déclaré que ce doublement était impuissant à réaliser le but d'intérêt général que nous poursuivrons. >"
1909-12-07,Ministre,"Peut-être, monsieur le ministre, penserezvous, et c'est là la première question à laquelle j'ai mission de vous demander de répondre, qu'il serait bon, au moins pour ceux qui ne sont pas fixés sur ce point, de nous dire quelles sont les autorités teclmiques qui en ont ainsi décidé et si vraiment cette solution facile, commode et rapide n'eût pas pu s'imposer aux' décisions"
1909-12-07,Jetée,"et de parer, dans la mesure du possible, aux conséquences de cette situation si elle venait à se produire."
1909-12-07,Sans perdre une minute,"j'adressais, immédiatement après la signature de la convention de Berne, une demande d'interpellation à votre prédécesseur pour lui demander, au cas où cette convention serait ratifiée par le Parlement :"
1909-12-07,Nous,avons déjà l'appui de la commission des travaux publics.
1909-12-07,M. le rapporteur,Parfaitement
1909-12-07,M. Adolphe Girod,"Monsieur le ministre, vous comprendrez que son appui, si précieux qu'il soit, ne saurait suffire,"
1909-12-07,Je,"already pris acte, à ce sujet, des réponses"
1909-12-07,Sue^vousavez faites,"à notre regretté colîgue, M. Léon Janet, à la mémoire duquel je suis bien sûr d'être votre interprète à tous en envoyant un hommage ému (Très bien! très bien !)"
1909-12-07,L'honorable M. Janet,rappelait à cet égard le précédent tout à fait caractéristique que je me permets de vous lire :
1909-12-07,Si la diplomatie n'y a pas songé,"monsieur le ministre, je sais, moi,"
1909-12-07,L'AUGMENTATION DE LA GARNISON ET LA CREATION DU CAMP DE PONTARLY,Je vous demande simplement de vouloir bien dire à M. le ministre de la guerre combien la situation que vous. aurez créée à Pontarlier par la convention de Berne est digne d'intérêt et combien elle mérite son attention pour une compensation possible.
1909-12-07,FORT DE CETTE PAROLE,"que vous ne pouvez me refuser, monsieur 16 ministre, je mettrai tout en œuvre pour obtenir de la guerre cette légitime compensation. (Très bien 1 très bien!)"
1909-12-07,LES COMPENSATIONS,"monsieur le ministre, la ville de Pontarlier les mérite à tous égards."
1909-12-07,PETITE REINE BLANCHE DES NEIGES,"elle a déjà subi de rudes épreuves ; et comment pourrais-je, préoccupé de son avenir, oublié son passé ? comment pourrais-je oublier qu'aux heures de deuil national que rappelait l'autre jour M. le ministre des finances, dans un langage si élevé, aux heures douloureuses où le cœur de la France saignait à la nouvelle de nos désastres, où notre pauvre armée de l'Est, décimée, meurtrie, agonisante, traînait au long des routes neigeuses et sanglantes, un long calvaire de misères et de souffrances, c'était, dans notre cité pontissalienne, douloureuse et éperdue, nos vieiHards et nos jeunes gens, presque des enfants, qui s'en allaient le fusil en main, protéger sa retraite en un effroyable combat d'arrière-garde? (Applaudissements.)"
1909-12-07,COMMENT POURRAIS-JE OUBLIER,"que c'est des rangs de ces vaillants, luttant en un dernier spasme pour l'honneur de la patrie, que partit un cri héroïque ? « Vous êtes cernés, disait l'ennemi ; il ne vous reste plus qu'à vous rendre. » —"
1909-12-07,PARDON DISAITT LES NOURS,il nous reste à mourir! » (Applaudissements.)
1909-12-07,"ET PLUS D'UN, INFÉRIEUR AUURÉOLÉ DE GLOIRE",sous ce monument que nos mains ont élevé aux derniers défenseurs de la justice ! ( Vifs applaudissements.)
1909-12-07,CE SONT LES CHOSSES QUI NE S'OUBLIENT PAS,"Et depuis lors, comme ailleurs, nous avons travaillé à réparer les malheurs de l'année terrible. Notre cité laborieuse peu à peu, y était parvenue."
1909-12-07,NOUS AVONS HUIT DANS L'ANGOISSSE DES ANGOISSES DE L'ANNÉE TERRIBLE,"Notre cité laborieuse peu à peu, y était parvenue. Mais il est dit que pour elle les angoisses doivent succéder à d'autres angoisses : vous savez, messieurs, comment certains projets législatifs, nous ramenant aux temps de Denys le Tyran et de Damoclès, ont menacé de la ruine et de la misère nos milliers de commerçants et d'ouvriers, au point que ceux-ci, atrocement troublés, se comparaient déjà à ces troupes lamentables d'émigrants en haillons que la souffrance et la faim jettent au dehors de la patrie."
1909-12-07,NOUS AVONS ETE,"assez d'angoisses et de douleurs. Vous pouvez, tout en indiquant ici l'opinion du Gouvernement sur le projet, donner à notre cité des assurances certaines et diminuer ses craintes : je veux être assuré que vous n'y faillirez pas."
1909-12-07,JE VEUX ÊTRE ASSURÉ,"que vous n'y faillirez pas. (Très bien! très biml) Votre parole, monsieur le ministre, constituera un engagement d'honneur dont nous comprendrons toute la portée et tout le prix. Vous n'êtes pas, en effet, permettezmoi de vous le dire eu toute sincérité, un ministre d'un jour ou d'une heure, et vous êtes de ceux dont le labeur et l'intelligence peuvent légitimement prétendre aux sommets les plus hauts."
1909-12-07,QUAND NOUS,"montagnards, avec nos souliers ferrés et notre alpenstock, nous gravissons les sentiers de ce mont d'Or dont j'ai parlé, nous nous arrêtons parfois aux trois quarts de la route pour regarder le chemin parcouru et remonter ensuite vers le faîte."
1909-12-07,AISI EN EST-IL DE VOUS,"monsieur le ministre ; vous pouvez, non sans quelque orgueil, regarder les étapes que vous avez parcourues sur le chemin du bien, mais à nul plus qu'à vous il n'est permis de songer aux cimes."
1909-12-07,ET VOILÀ POURQUOI,"défendant ici l'avenir d'une petite cité à laquelle m'attachent si puissamment, et mon mandat et des amitiés fidèles, je remets avec confiance cet avenir en vos mains, et j'attends de vous des déclarations qui lui donneront satisfaction dans toute la mesure du possible. (Ap. plaudissements.)"
1909-12-07,MESSIEURS,j'en ai fini.
1909-12-07,J'AI CONSCIENCE,"en descendant de cette tribune, et malgré la difficulté de ma tâche, d'avoir fait tout mon devoir, mon devoir d'honnête homme et de fidèle mandataire de tous les intérêts dont j'avais la garde."
1909-12-07,LA CHAMBRE ET LE GOUVERNEMENT,"accompliront tout à l'heure celui qui leur incombe, avecla même loyauté, avec la même équité, avec le souci de justice qui reste et restera, messieurs, comme une tradition d'honneur sur tous les bancs de cette grande Assemblée. ( Vifs applaudissements.)"
1909-12-07,M. LE PRESIDENT,La parole est à M. Jacquier.
1909-12-07,M. JACQUIER,"Messieurs, si j'interviens dans ce débat, ce n'est ni pour discuter dans--» son ensemble la convention de Berne, dont pour ma part je voterai la ratification, nt pour inviter le Gouvernement — comme l'ont fait avec raison plusieurs de mes collègues — à créer, par une nouvelle percée des Alpes, des relations plus directes entre la France et l'Italie. Mon but est plus modeste : je voudrais très simplement, en quelques paroles aussi rapides que possible,appeler l'attention de cette Assemblée, du Gouvernement et en particulier de M. le ministre des travaux publics sur une dispositionde détail ore la convention franco-suisse."
1909-12-07,David,Très bien !
1909-12-07,Jacquier,"Cette région est comprise dans un triangle dont le sommet se trouverait à Bellegarde et dont les deux côtés, à forme convexe, passeraient l'un, au Nord, par Orléans et Sunt-Malu, l'autre, au Midi, par Montauban et Bayonne. Le trafic de cette région vers le Simplon passe donc forcément à Bellegarde. Mais depuis Bellegarde, deux lignes parallèles, conduisent au Simplon. L'une passe par Annemasse, Thonon et Saint-Gingolph, c'est-à-dire par la rive française du lac Léman, l'autre par Genève et Lausanne, c'est-à-dire par la rive suisse ; elles se rejoignent à Sut-Maurice dans le canton du Val us. Par laquelle de ces deux lignes la compagnie du Paris-Lyon-Méditerranée va-t-plle acheminer le trafic qui arrive à Bellegarde ?"
1909-12-07,Non identifié,"Il semble tout d'abord que l'hésitation n'est pas possible et que via la rive française que le trafic, voyageurs et marchandises, sera ach -miné. En effet, la distance de Bellegarde à Saint-Maurice par Saint-Gingolph, c'est-à-dire par la rive française du lac, est en tout de 122 kilomètres et le parcours sur rails français est de 95 Honneurs. La distance de Bellegarde à Saint-Maurice par Genève et Lausanne est de 145 kilomètres au lieu de 122 et le parcours sur rails français n'est plus que de t9 kilomètres au lieu de 95. La Chambre voit donc que le passage par Genève et Lausanne a...ongé de 23 kilomètres la distance totale et diminue de 70 kilomètres le parcours sur rails français-."
1909-12-07,Non identifié,"Mais la ligne de la rive française est à voie unique, elle-est impropre à la circulation des grands express internationaux, et le trafic venant de Bellegarde, tout au moins le trafic voyageurs passe par la ligne de la rive suisse. C'est cette situation anormale et préjudiciable aux intérêts français — il me suffit d'indiquer ses inconvénients pour en convaincre la Chambre (Très bien! très bien 1) — c'est cette situation anormale que l'article 7 de • la convention franco-suisse a pour but de faire cesser."
1909-12-07,Non identifié,"Il semblait qu'une difficulté internationale se présenterait. En effets-ces travaux — le doublement de la ligne de Bellegarde à Saint-Maurice — doivent être exécutés non seulement sur territoire français, mais encore sur territoire suisse, depuis Saint-Gingolph jusqu'à Saint-Maurice. On disait: La. Suisse ne consentira jamais à faire des travaux, à assumer des dépenses iÇui n auront d'autre résultat que de mettre en état -d'infériorité notoire- l'une de 'ses lignes vis-à-vis de la ligne française concurrente. Et pourtant, la Suisse y a .consenti, ainsi que le prouve l'article 7 de la. convention. C'est là un résultat heureux dont il faut évidemment feliciter les négociateurs du traité franco-suisse. {Applaudissements.) Mais cette concession a été le prix d'autres avantages consentis par la France. Vous voyez, par là même, que, si le Gouvernement ne tirait pas profil des avantages qui lui ont été concédés par cet arlide 6, s'il n'exécutait pas lui-même le doublement de la ligne sur le territoire français, qui doit avoir pour effet d'obliger ainsi le gouvernement fédéral à exécuter le doublement sur le territoire suisse, il laisserait. fausser à son détriment et au préjudice des inté -êts français l'équilibre des concessions réciproques dont se compose la convention franco-suisse. (Applaudissements.)"
1909-12-07,Non identifié,"Eh bien, c'est ce que je demande au Gou- vernement de ne pas faire: je lui demande de dégager de cette- convention tous les avantages qu'elle peut contenir, d'en tirer tout l'effet utile, de s'en servir pour assurer, dans la plus large mesure, la prcsIl -rité matérielle et la puissance économique de-notre pays. (Applaudissements.)"
1909-12-07,Deloncle,"Permettez-moi une- dernière considération. Elle est d'intérêt purement régional, je n'y insisterai donc pas."
1909-12-07,LAURENT,"Je demande donc au -Gouvernement, en exécutant les travaux prévus par la convention de Berne, de restituer à ce département de la Haute-Savoie la part de trafic à laquelle lui donne droit sa situation naturelle et qui lui est enlevée aujourd'hui, non pas au profit d'un autre département français, mais au profit d'un pays étranger, par suite du mauvais état de nos voies existantes."
1909-12-07,MILLERAND,"Messieurs, on ne défend que ce qui est attaqué. Ce n'est donc pas pour défendre une convention que tous les orateurs qui ont occupé cette tribune, depuis le commencement de la séance, ont manifesté l'intention de voter, que je prends la parole, mais simplement pour résumer IBs raisons-décisives ,ui cornmandent. eif effet, à Il Chambre d'adopter ce!te convention, pour souligner ail passage les avantages. qu'elle nous apporte et. pour dissipe.' aussi, à l'()cciLsion, Ijlj,'lljllI'S-IIJWS des i iqiut-iiurliîs qui se sont fait jlllir."
1909-12-07,BARTHOU,"Or, c'est précisément, on vous l'a déjà démontré, le résultat certain de la.. convention que je vous apporte."
1909-12-07,Baudin,"qu instituait, en 1901, la commission extraparlementaire dont les travaux devaient avoir pour conclusion l'accord du Paris-Lyon-Méditerranée avec le Jura-Simplôn, le 15 octobre 1902;"
1909-12-07,Barthou,qu a eu l'honneur de mettre sa signature au bas du projet de loi que je défends en ce moment.
1909-12-07,Inconnu,"Ce projet de loi, on peut le résumer en trois mots : La convention franco-suisse réalise le Frasne-Vallorbe, elle réalise le MoutiersGranges, elle prépare — ou si l'on veut ménager toutes les susceptibilités — elle rend possible la Faucille."
1909-12-07,Inconnu,". La caractéristique du Frasne - Vallorbe c'est, on peut le dire, sa modestie, et c'est précisément cette qualité qui lui a été très longtemps imputée à crime."
1909-12-07,Inconnu,"A quoi bon, a-t-on dit, ce projet de FrasneVallorbe qui ne réalise qu'un raccourci de 17 kilomètres sur le parcours Paris-Milan et qui ne diminue que très faiblement les inconvénients de la ligne actuelle ?"
1909-12-07,Girod,"qu'on rit,"
1909-12-07,Inconnu,ne défend plus le tracé Frasne-Pontarlier-Vallorbe. La discussion est seulement ouverte sur les meilleurs moyens de l'améliorer.
1909-12-07,Inconnu,"Quels sont donc les résultats tangibles, certains, indiscutés que nous apporte le raccourci Frasne-Vallorbe?"
1909-12-07,Plichon,"M.Plichon avait infiniment raison de le dire,"
1909-12-07,Inconnu,", est grosse de conséquences."
1909-12-07,Inconnu,"En matière internationale ou même en cas d'accord entre les compagnies, la réduction du parcours est un élément capital, ne serait-ce que pour permettre aux compagnies qui traitent d'obtenir les conditions les meilleures;"
1909-12-07,Inconnu,"réduction capitale surtout au point de vue du transport des voyageurs qui vont, par le nouveau tracé Frasne - Vallorbe, gagner d'autres avantages encore, d'abord celui de la sécurité,"
1909-12-07,Inconnu,", puisque disparaît, par radoption du nouveau raccourci, la déclivité de 25 millièmes qui existait entre Pontarlier et Vallorbe;"
1909-12-07,Inconnu,"; puis, parce que le point culminant de la ligne, qui était jusqu'ici de 1,012 mètres s'abaisse de plus de 100 mètres et tombe à 896 mètres."
1909-12-07,Inconnu,"C'est donc une ligne nouvelle, certainement supérieure à celle qui disparaît, que nous réalisons par la ligne Frasne-Vallorbe."
1909-12-07,Inconnu,"Et à quelles conditions? A des conditions infiniment avantageuses au point de vue financier. Quelle est, en effet, la convention qui a été passée avec le Paris-Lyon-Méditerranée?"
1909-12-07,Inconnu,"U s'agit d'une ligne de 24,300 mètres; dont 1,835 sur le territoire suisse, tout entière concédée au Paris-Lyon-Méditerranée. Qu'est-ce que nous payons sur la dépense totale de cette ligne évaluée entre 28 et 29 millions?"
1909-12-07,Inconnu,Une participation ferme de 9 millions.
1909-12-07,Inconnu,"Or, si nous avions dû nous en tenir aux clauses des conventions de 1883, le Paris-Lyon-Méditerranée n'était tenu de payer qu'une somme de 25,000 fr. par kilomètre,"
1909-12-07,Inconnu,"soit, pour les 22 kilomètres environ sur territoire français, 550,000 fr., plus le matériel roulant et le mobilier."
1909-12-07,Inconnu,"Ce n'est pas une somme de 550,000 fr., ruais une somme,"
1909-12-07,Inconnu,", en chiffres ronds, de 22 millions que paye la compagnie Paris-Lyon-Méditerranée, sans compter tous les risques de l'opération qu'elle assume."
1909-12-07,Inconnu,"L'opération est donc, j'ose le dire, au point de vue financier, excellente,"
1909-12-07,Dumont,"je dis tout de suite, désolé d'ailleurs d'être obligé de contrister mon excellent collègue et ami M. Charles Dumont,"
1909-12-07,Inconnu,", que c'est là l'argument décisif qui ruine 1 amendement qu il nous a soumis pour substituer à la ligne Frasne-Vallorbe une ligne Andelot-Vallorbe ou la Joux-Vallorbe."
1909-12-07,Charles Dumont,"M. Charles Dumont est trop habile pour n'avoir pas senti la difficulté de demander à la Chambre, pour cette modification,"
1909-12-07,Inconnu,", de rejeter la convention qui lui était soumise."
1909-12-07,Charles Dumont,"Aussi, le fait-il,"
1909-12-07,Inconnu,", mais sans le demander (Sourires), et son ordre du jour, rédigé avec une modestie qui ne m'étonne pas de sa part, demande simplement à la Chambre,"
1909-12-07,Inconnu,"ou plutôt au Gouvernement,"
1909-12-07,Charles Dumont,"de vouloir bien modifier la convention intervenue le 9 juillet 1909, avec la compagnie Paris-Lyon-Méditerranée."
1909-12-07,Inconnu,"Il y a un malheur : la convention intervenue le 9 juillet 1909 avec la compagnie Paris-Lyon-Méditerranée n'est que l'exécution de la convention franco-suisse,"
1909-12-07,le ministre des travaux publics,Je ne doute pas que vous n'ayez qualité pour parler en son nom.
1909-12-07,Charles Dumont,Permettez. Il y a une rectification que je tiens à faire.
1909-12-07,le ministre des travaux publics,"Très volontiers, mon cher collègue,"
1909-12-07,Charles Dumont,"Les représentants du conseil fédéral sont venus officiellement dans le Jura. Ils nous ont toujours dit, et si ce n'est pas dans la convention, c'est par suite d'un simple oubli, de plume, qu'il était tout à fait indifférent à la Suisse que la ligne partît de la Joux, d'Andelot ou de Frasne,"
1909-12-07,le ministre des travaux publics,"que-cela n'était pas de leur compétence,"
1909-12-07,Charles Dumont,", et que, par discrétion et courtoisie internationales, ils ne voulaient pas se mêler de la question du point de départ,"
1909-12-07,le ministre des travaux publics,", mais qu'ils accepteraient toute ligne qui raccorderait par le tunnel du Mont-d'Or."
1909-12-07,ministre des travaux publics,"Très volontiers, mon cher collègue, et d'autant plus volontiers que ce n'est pas la Suisse qui va payer, c'est nous. Mais qu'allons-nous payer?"
1909-12-07,Régnier,"Je n'en veux retenir qu'un : c'est que, si en effet dans l'hiver 1906-1907 il y a eu des interruptions causées par la neige sur la section que vous signalez, dans les deux hivers 1907-1908 et 1908-1909 où la hauteur totale de la neige a dépassé la moyenne et atteint 2 m. 76 et 2 m. 64, la circulation des trains a pu se faire d'une façon normale."
1909-12-07,non identifié,"Pourquoi ? Parce que fort heureusement les moyens se sont singulièrement améliorés d'exploiter à ce point de vue les lignes exposées comme celle-là aux chutes de neige, et que non seulement la section Frasne-Vallorbe, par sa situation, est meilleure que celle qu'elle remplace, mais encore que la compagnie Paris-Lyon-Méditerranée, au risque d'une augmentation de frais d'exploitation qu'elle aura à supporter, est maintenant armée de tels moyens que l'on peut dire que, de ce chef, rien ne doit arrêter le Parlement."
1909-12-07,non identifié,"J'arrive à la question financière que j'indiquais il y a un instant. M. Régnier, dans son très complet rapport, a donné par avance l'argument auquel il n'y a rien à répondre : Frasne-Vallorbe, 29 millions, la Joux-Vallorbe, 38 millions, Andelot-Vallorbe, 56 millions, Mouchard-Vallorbe, 84 millions."
1909-12-07,non identifié,"Mais entendons-nous : la diffèrence des charges pour l'Etat entre Frasne-Vallorbe et la Joux-Vallorbe n'est pas seulement de 9 millions, différence entre 38 millions et 29 millions. Elle est bien plus élevée."
1909-12-07,non identifié,"Pourquoi? Parce qu'il faut que nous discutions avec la compagnie Paris-Lyon-Méditerranée. La convention que cette compagnie a passée avec l'Etat est la convention Frasne-Vallorbe, qu'elle a acceptée en 1902, qui a fait, depuis, l'objet de plusieurs avenants, et qui ne grève le budget de l'Etat que d'une charge forfaitaire, de 9 millions. La ligne la Joux-Vallorbe représente au contraire une dépense totale de 38 millions, dont 34 millions pour la partie française."
1909-12-07,non identifié,"La compagnie Paris-Lyon-Méditerranée, d'autre part, n'accepterait la concession de cette ligne que dans les conditions des cenventions de 1883, ne donnant par suite qu'une subvention de 750,000 fr., <J.tandis que la part de l'Etat s'élèverait à plus1de 33 millions, sans compter les aléas de l'entreprise."
1909-12-07,non identifié,"Par conséquent il est, dis-je, impossible, non seulement au point de vue de la convention elle-même qu'il nous faudrait remettre en question, mais au point de vue financier, au point de vue du coût du raccourci à établir, il nous est impossible — et je le regrette infiniment — de réaliser, sur ce point, les vœux de M. Charles Dumont."
1909-12-07,Girod,"Je trouve alors devant moi, en ce qui touche ces lignes, l'honorable M. Girod, qui parle au nom de Pontarlier avec une sincérité et une éloquence qui nous ont profondement touchés."
1909-12-07,non identifié,"Je relève, dans la note que la commission a jointe en annexe à son rapport, l'énumé- , ration de ce que demande la ville de Pon- * tarlier qui, avec ce bon sens franc-comtoisi'qui caractérise ses habitants, ne s'est jamais fait d'illusion et n'a jamais gardé le moindre doute sur la revendication principale qu'elle formulait."
1909-12-07,non identifié,"Aussi, en même temps qu'elle demandait, j sans espoir d'y réussir, qu'on écartât le Frasne-Vallorbe pour garder le PontarlierVallorbe, a-t-elle eu soin, immédiatement > et de la manière la plus judicieuse, de formuler un subsidiaire. En quoi cou- * siste-t-il ?I1° Elle demande le maintien des trains express Paris-Berne et Berne-Paris, avec obligation, pour eux, d'utiliser la ligne Neuchâtel-Berne."
1909-12-07,non identifié,"Eh bien! je ne puis parler ici qu'au nom du Gouvernement français, et je n'ai pas. besoin de dire qu'à ce titre nous sommesldécidés à faire tout ce qui dépendra de nous pour donner satisfaction à l'honorablekM. Girod."
1909-12-07,non identifié,"Mais il se trouve que, par une heureuse fortune', en même temps que l'opinion | du Gouvernement français, je puis lui ap-fporter l'opinion du gouvernement suisse, « qui, dans le message fédéral dans lequel il | propose à l'assemblée fédérale la ratification 1 de la convention franco-suisse, s'exprimeFainsi — car la Suisse a aussi son Pontarlier (On rit) qui est gêné dans ses intérêts pari t"
1909-12-07,non identifié,"I1° Il s'appelle Neuchâtel : « Un canton ... » — dit le message fédéral — « ... celui de Neuchâtel, s'est cru menacé dans ses intérêts par la nouvelle entente franco-suisse."
1909-12-07,Pontarlier,"... sa part de trafic international, viâ Pontarlier, Neuchâtel, Berne, ne reste stationnaire ou même ne recule."
1909-12-07,Girod,"Nous estimons que cette crainte n'est pas fondée. Par la force même des choses, l'ouverture du Lœtschberg amènera une recrudescence du trafic et du nombre des trains sur la ligne Paris-Neuchâtel-Berne."
1909-12-07,Pontarlier,"Sur ce premier point, M. Girod peut donc être rassuré. Il ne peut pas être quèstion, au contraire, de diminuer le nombre des trains sur la ligne Pontarlier-Berne."
1909-12-07,Girod,La ville de Pontarlier réclame le transfert chez elle du service de la douane suisse installée aux Verrières
1909-12-07,Girod,"il a demandé pourquoi, alors qu'on donne une gare internationale à la Suisse, à Vallorbe, on ne donnerait pas une gare internationale à la France, à Pontarlier."
1909-12-07,Girod,"Il a fait à nos diplomates un reproche qui n'est pas mérité, en leur faisant grief de n'avoir pas traité et résolu la question."
1909-12-07,Pontarlier,"Il suffit de parcourir les procès-verbaux de la conférence de Berne pour voir que la question n'a pas été omise. Dans mon récent voyage à Berne, j'ai eu l'occasion d'en causer avec les membres du conseil fédéral et d'avoir la confirmation des accords verbaux qui avaient été passés et qui se résument en ceci : que la question des gares internationales à Verrières et à Pontarlier est absolument réservée, et quelle sera réglée à l'issue de la conférence internationale sur les gares internationales dont la réunion a été précisément décidée à Berne. Par conséquent la revendication de Pontarlier à cet égard demeure tout entière, eUedi'est nullement menacée, elle se présente avec les plus grandes chances de succès, et je n'ai pas besoin d'affirmer à M. Girod que le Gouvernement français défendra, comme il le'doit, les intérêts de la ville qu'il représente."
1909-12-07,Girod,"Je n'ai sur ce point qu'un mot à dire à M. Girod : c'est que, comme il le sait, le ministère des travaux publics étudie, en ce moment même, un certain nombre de tracés qui ont précisément pour but de répondre à ce desideratum,"
1909-12-07,Girod,"je suis certain que lorsqu'il aura à prendre une décision, il ne les oubliera pas plus qu'il n'oubliera les sacrifices qu'a invoqués le député de Pontarlier."
1909-12-07,Moutiers-Granges,"J'arrive au Moutiers-Granges, dont je n'ai après les discours que vous avez entendus, à souligner l'importance."
1909-12-07,Plichon,"a apporté a cette tribune une série de chiffres qui établissent avec la clarté de l'évidence que ce pelit raccourci Moutiers-Granges a pour résultat de capter ou plutôt de rendre à nos lignes françaises et au Simplon le trafic de Londres, de Bruxelles, d'Anvers, même de Rotterdam, que nous avions laissé échapper précisément parce que nous ne nous étions pas occupés, avec un soin assez vif et assez continu, de nos voies d'accès au Simplon."
1909-12-07,Moutiers-Granges,"Le Moutiers Granges corrige fort heureusement, à ce point de vue, une lacune extrêmement regrettable,"
1909-12-07,Fernand David,"Assurer la réalisation sur le territoire de la confédération. »
Qu'est-ce que cela veut dire? Cela veut dire que la France reste absolument maîtresse de faire, à soit heure, quand elle le voudra, la percée de la Faucille.
Elle en est seule maîtresse — et c'est là l'intérêt capital — à ce point de vue, de la convention; le jour ou, dans notre souveraineté et dans notre liberté, nous aurons pris la décision de faire la Faucille, la Suisse sera liée par notre décision."
1909-12-07,Fernand David,"Il y a des au-delà de la France, que le texte ne prévoit pas, mais que certains commentaires ont voulu prévoir."
1909-12-07,le ministre des travaux publics,0 n'f a pas de commentaires qui puissent pré valoir contre le texte formel des conventions.
1909-12-07,Fernand David,Je vous remercie.
1909-12-07,le ministre des travaux publics,"La Suisse a décidé de laisser transiter le territoire de Genève, dans des conditions formelles précisées par la convention, tous les trains qui, venant de France rentrent en France de l'autre côté, où qu'ils aillent d'ailleurs."
1909-12-07,Chambon,Il y a un second projet qui ne s'arrête pas à Genève et qui reste sur territoire français.
1909-12-07,le ministre des travaux publics,C'est entendu.
1909-12-07,Fernand David,Jamais la confédération n'a pensé au passage en Italie.
1909-12-07,le ministre des travaux publics,"Ja répète que vous aurez toute liberté de votre choix. Il s'agit d'une percée à laquelle beaucoup de membres du Parlement attachent une importance que, quant à moi, je comprends fort bien, sans engager d'ailleurs eJl rien le Gouvernement sur cette question."
1909-12-07,Fernand David,"Laissez-moi aller jusqu'au bout ... c'est aux partisans de la Faucille, c'est à la campagne passionnée et ardente qu'ils ont menée autour de cette question, qu'il faut d'abord en être reconnaissant."
1909-12-07,Fernand David,"Il y a 'ongtemps que l'attitude que j'ai prise, avec mes collègues de la Haute-Savoie, pour défendre l'intérèt français contre tous les empiétements et - même contre certaines ignorances de certains Français, il y a longtemps, dis-je, que cette attitude m'a valu les outrages d'une partie de la presse suisse."
1909-12-07,le ministre des travaux publics,"Je suis enchanté, mon cher collègue, d'accueillir votre rectification ; et puisque vous dites que je me suis trompé, je le reconnais avec une grande satisfaction."
1909-12-07,REIGNIER,"Je vous demande, monsieur le ministre, de ne pas prêter involontairement votre concourss à cette campagne et de vouloir bien encore une fois préciser en quoi j'ai pu être désobligeant vis-à-vis de la ville de Genève. [Applaudissements sur divers bancs.)"
1909-12-07,MINISTRE DES TRAVAUX PUBLICS,"Je suis enchanté, mon cher collègue, d'accueillir votre rectification ; et puisque vous dites que je me suis trompé, je le reconnais avec une grande satisfaction."
1909-12-07,REIGNIER,"Il est donc entendu, ce qui allait de soi, que la France saura imiter, en s'inspirant seulement de ses intérêts, la politique que vous aviez raison de recommander à notre attention, politique que suit l'Allemagne auprès de notre voisine et amie, la Suisse."
1909-12-07,FERNAND DAVID,"Demandez à l'Allemagne comment elle se conduit dans ses relations avec la Suisse, avec des grandes villes comme Bâle (Très bien! très bien !)"
1909-12-07,MINISTRE DES TRAVAUX PUBLICS,Elle y conserve sa gare.
1909-12-07,FERNAND DAVID,M. le ministre des travaux publics.
1909-12-07,MINISTRE DES TRAVAUX PUBLICS,"Quant à moi, dans l'intérêt de mon pays, le seul qui nous anime tous ici, j'entends conserver et fortifier encore les relations d'amitié qui nous unissent avec la Suisse, et, plus particulièrement, avec la Suisse de langue française. (Applaudissempnts.)"
1909-12-07,REIGNIER,"Messieurs, l'honorable M. Fernand David a manifesté quelques inquiétudes au sujet de l'article 4 de la convention qui est ainsi conçu :"
1909-12-07,FERNAND DAVID,"M. Fernand David craint que, par cet article, on ne menace, en facilitant la circulation Paris-Genève via Lausanne, la circulation Paris-Genève par une autre direction."
1909-12-07,MINISTRE DES TRAVAUX PUBLICS,"Il n'en est rien, et je lui donne l'assurance que si l'on crée par ailleurs des facilités désirables, ce n'est pas, tout au contraire, pour diminuer les facilités qui, du côté de la Savoie, existent actuellement."
1909-12-07,REIGNIER,"En ce qui touche l'article 9, M. Fernand David a encore posé une question à laquelle je m'empresse de répondre. L'article 9 est ainsi conçu :"
1909-12-07,FERNAND DAVID,Et M. Fernand David de nous dire : Comment ! vous abandonnez une gare qui appartient au Paris-Lyon-Méditerranée ! Vous abandonnez des intérêts français !
1909-12-07,REIGNIER,"M. Régnier a par avance répondu à cet injuste reproche. Non seulement nous n'abandonnons rien du tout, attendu que Genève ne fait qu'user du droit de rachat inscrit dans des conventions qui datent de longues années, mais encore nos négociateurs ont profité de ce fait que la Suisse, ou, plus exactement, que Genève usait de son droit de rachat, pour stipuler dans les articles 10 et 11 des conditions tout en faveur de la France. Voici, en effet, ce que j'y lis :"
1909-12-07,REIGNIER,"« Art. 10. — ... Les chemins defer fédéraux s'entendront avec la compagme Paris-Lyon-Méditerranée au sujet des conditions techniques et financières relatives à la circulation des trains dans la section rachetée, ainsi qu'à leur admission dans la gare de Genève-Cornavin."""
1909-12-07,REIGNIER,« Art. H. — ... Les tarifs du réseau Paris-Lyon-Méditerranée (intérieurs et communs) seront applicables sur cette ligne au trafic international (voyageurs et marchandises) en provenance et à destination de la France et des au-delà... »
1909-12-07,REIGNIER,"Par conséquent, non seulement nous n'avons rien abandonné de nos droits, non seulement nous n'avons rien cédé à la Suisse qu'elle n'eût déjà à ce point de vue, mais encore nous avons profité des négociations engagées pour nous faire assurer des facilités qui étaient, je le reconnais, indispensables et notamment pour faire stipuler que les trains qui passeraient sur le territoire de Genève y circuleraient dans des conditions déterminées, comme c'est l'usage, d'un commun accord entre les compagnies de chemins de fer intéressées, de telle sorte que, notamment au point de vue qui a préoccupé un certain nombre de nos collègues, soit du changement de personnel, soit du changement de machines, les trains passeront directement sans changer ou en changeant de machine et de personnel selon que les nécessités du trafic l'exigeront, mais en se plaçant à ce seul point de vue."
1909-12-07,CECCALDI,J'ai reçu de M. Ceccaldi une demande d'interpellation sur les mesures que M. le ministre des travaux publics compte prendre pour garantir les intérêts des contribuables de l'Aisne qui sont lésés par les concessionnaires des chemins de fer départementaux.
1909-12-07,MILLERAND,Le Gouvernement demande l'inscription à la suite des interpellations.
1909-12-07,CECCALDI,Je demande la parole.
1909-12-07,LE PRESIDENT,La parole est à M. Ceccaldi sur la date.
1909-12-07,CECCALDI,"Messieurs, je crois qu'il me sera très facile de m'entendre avec l'honorable ministre des travaux publics. J'ai des explications très brèves à présenter..."
1909-12-07,LE PRESIDENT,"Vous avez la parole sur la date, monsieur Ceccaldi."
1909-12-07,CECCALDI,"Oui, monsieur le président, à l'appui de la date seulement."
1909-12-07,CECCALDI,"Ces explications, je suis convaincu que la Chambre me permettra de les lui présenter, car la question que je désire lui soumettre, lorsque l'interpellation sera discutée, intéresse au même titre tous nos collègues."
1909-12-07,CECCALDI,"L'an dernier, le conseil général de l'Aisne décidait, sur la demande qui lui était présentée par une compagnie concessionnaire de lignes de chemin de fer de réduire la participation de cette société de 3 millions à 1 million. Une opposition très vive avait été faite au sein du conseil général à cette demande."
1909-12-07,CECCALDI,"Au lendemain du vote émis par le conseil général, d'accord avec mes collègues républicains de l'Aisne, j'ai déposé une demande d'interpellation; je désirais savoir du Gouvernement quelles mesures il comptait prendre pour garantir lestintérêts des contribuables."
1909-12-07,MILLERAND,Le Gouvernement demande l'inscription à la suite des interpellations.
1909-12-07,CECCALDI,"J'ai déposé une nouvelle proposition de loi sur l'incompatibilité entre le mandat de conseiller général et le titre d'administrateur d'une société faisant appel au crédit du département. La question étant ainsi posée, je fus appelé devant la commission des travaux publics pour exposer les raisons qui nous avons amenés, au sein du conseil général, à combattre la demande des concessionnaires."
1909-12-07,CECCALDI,"J'ai eu la bonne fortune d'obtenir de cette commission une décision conforme à la thèse que je défendais. La commission, en effet, confia à notre honorable et sympathique collègue, M. Péchadre, le rapport, avec mission de conclure en faveur de l'exécution des conventions telles qu'elles étaient intervenues avant le commencement des travaux."
1909-12-07,CECCALDI,"Cela provoqua une certaine émotion. De ce jour, dans les couloirs, nous vîmes apparaître des hommes que nous voyons quelquefois rôder autour de notre salle des délibérations."
1909-12-07,CECCALDI,"Un soir, à sept heures, devant la commission des travaux publics, notre honorable collègue, M. Péchadre, lut son rapport qui était conforme à la décision déjà prise."
1909-12-07,CECCALDI,Ce rapport fut rejeté par six voix contre trois.
1909-12-07,CECCALDI,"Désormais, la Chambre seule avait le droit d'appréciation. Et nous, nous nous préparions, les uns et les autres, à discuter ces nouvelles conclusions."
1909-12-07,CECCALDI,"Vendredi dernier, rencontrant M. Leboucq dans nos couloirs, j e lui ai posé cette question : A quelle date entendez-vous faire discuter ce rapport? Il me répondit : Il sera discuté vers la fin de l'année."
1909-12-07,CECCALDI,"Il apparaissait en effet à tout le monde qu'un projet semblable qui mettait en jeu des intérêts aussi considérables comporterait une discussion approfondie. Or, hier, à six heures, M. Leboucq alla trouver le président de la commission, l'honorable M. Rabier et lui demanda de faire inscrire à l'ordre du jour la discussion de ce projet de loi."
1909-12-07,CECCALDI,"M. Rabier demanda — je ne crois pas qu'il me démentira sur ce point, — s'il y avait des orateurs inscrits pour la discussion."
1909-12-07,CECCALDI,M. Leboucq répondit : Nous sommes tous d'accord.
1909-12-07,CECCALDI,Ce matin je suis venu à la séance à neuf heures; j'y étais des premiers. Tous nos collègues qui étaient là ont pu me voir.
1909-12-07,CECCALDI,"Je suis parti à midi, sans avoir encore vu le Journal officiel. J'avais bien lu les journaux du matin, mais ,1e projet en question n'avait sans doute pas paru assez intéressant pour être mentionné."
1909-12-07,CECCALDI,"Cette après-midi, je suis arrivé à deux heures, avant l'ouverture de la séance. Je me trouvais dans les couloirs discutant sur les tarifs douaniers, qui intéressent ma circonscription, avec M. le directeur général des douanes, lorsque notre honorable collègue M. Péchadre est venu me dire : On discute le projet de loi sur les chemins de fer de l'Aisne."
1909-12-07,CECCALDI,Je suis entré en séance et vous connaissez l'incident qui s'est produit à ce moment.
1909-12-07,LE PRESIDENT,Parce qu'une autre discussion était déjà engagée.
1909-12-07,Ceccaldi,"Il est inadmissible que l'on puisse enlever — je ne veux pas employer d'autre mot — un projet dans les conditions où a été enlevé celui qui m'occupe, et c'est pour cela qu'ayant demandé la parole à M. le président, elle m'a été refusée..."
1909-12-07,le president,Parce qu'une autre discussion était déjà engagée.
1909-12-07,Ceccaldi,"Je sais que le président accueille toujours avec la plus grande bienveillance les demandes présentées par ses collègues ; mais, en l'espèce, il ne pouvait pas me donner satisfaction."
1909-12-07,Ceccaldi,"Je sais bien aussi que mon intervention de ce soir ne peut pas être d'une grande utilité ; nous nous trouvons, en effet, en présence d'un fait accompli ; il était cependant nécessaire pour moi de prendre la parole et de faire connaître dans quelles conditions M. Leboucq avait enlevé ce projet."
1909-12-07,le president,Vous n'avez pas le droit de prendre ainsi à partie un de vos collègues.
1909-12-07,Ceccaldi,"Je crois que l'explication que j'apporte est suffisante; le Sénat aura à se prononcer, et s'il considère, comme je le pense, qu'une discussion qui avait été annoncée, qui devait avoir lieu dans cette enceinte, doit s'y produire, il nous renverra ce projet ; sinon je dégage ma responsabilité personnelle et je laisse à celui qui a fait voter le projet de loi toutes celles qu'il a prises."
1909-12-07,le president,La parole est à M. le président de la commission des travaux pu- blics.
1909-12-07,"Fernand Rabier, président de la com- mission des travaux publics",Je veux faire une rectification sur un point spécial.
1909-12-07,Ceccaldi,Je demande la parole.
1909-12-07,le president de la 0' mission,"C'est le 19 mai 1909 que M. Péchadre, après l'audition de M. Ceccaldi, a été nommé rapporteur provisoire, &'est-à-dire qu'il a été chargé de faire une .étude préalable."
1909-12-07,Ceccaldi,"Le rapporteur a procédé comme on procède ordinairement. Vers six heures, en effet, il m'a demandé si je voyais un inconvénient à ce que le projet en question soit inscrit à l ordre du jour de la séance d'aujourd'hui, sous réserve qu'il n'y aurait pas débat."
1909-12-07,Jaurès,Le projet était-il inscrit au Journal officiel?
1909-12-07,le president,"Mais oui! le projet était inscrit au compte rendu analytique qui paraît bien avant le Journal officiel, et au Journal officiel et au feuilleton."
1909-12-07,Ceccaldi,Le Journal officiel ne me parvient pas avant neuf heures du matin.
1909-12-07,Jaurès,Il faudrait un plus long intervalle entre l'inscription au Journal officiel et le débat.
1909-12-07,le president,La parole est à M. Leboucq.
1909-12-07,Charles Leboucq,"Messieurs, je ne suis ni le président de la commission, ni le ministre des travaux publics; aussi ne m'attendais-je pas à être interpellé sur les conditions dans lesquelles, d'une façon extrêmement normale, la Chambre a, tout à l'heure, voté un projet de loi."
1909-12-07,Charles Leboucq,"Je n'étais pas encore à ce moment-là membre de la commission des travaux publics. A gauche. C'est très exact. M. Charles Leboucq. Vous voyez que je n'ai pas de chance (Riies) : la première fois que je suis venu à la commission, c'était pour assister à la lecture du rapport de M. Pechadre. La commission ne l'a pas approuvé. M. Doumer avait été entendu et après les explications de M. Doumer, qui avaient paru convaincre la commission, après examen de tous les avis favorables donnés, après cette considération qu'après tout la commission des travaux publics n'avait guère le droit d'être plus conseiller général que le conseil général lui-même; après le dépouillement de toute une procédure d'où il ressortait que tout s'était passé de la façon la plus régulière et la plus normale. La commission a estimé qu'elle pouvait approuver la convention qui lui était apporter par le Gouvernement, et—j e vous le disais, voilà où commence ma malchance — j'ai été désigné comme rapporteur, avec un mandat bien précis de la commission, le mandat de conclure dans le sens où elle avait voté, comme c'est l'usage dans toutes les commissions. J'ai déposé mon rapport au mois de juillet ; il a été distribué le mois dernier ; tout le monde a eu le temps de le lire, l'honorable M. Ceccaldi comme tout le monde. H me plaît de reconnaître que, dans une conversation que j'ai eue avec notre collègue, je lui ai dit, comme je le pensais, que l'affaire ne viendrait pas avant quelque temps devant la Chambre. Mais hier, à six heures et demie, on m'a fait savoir qu'on avait demandé la mise à l'ordre du jour. Voix diverses à l'extrême gauche. Qui? M. Charles Leboucq. J'ai été prévenu...' Sur les mêmes bancs. Par qui? M. Charles Leboucq. J'ai été prévena par M. Doumer, qui est l'un des intéressé» et rien me semble plus normal que l'honorable M. Doumer se soit soucié d'une affaire qui concerne son département et qui touche ses électeurs. J'ai immédiatement considéré qu'il était nécessaire d'avertir le président de la commission des travaux publics et moi-même, je suis allé le prévenir."
1909-12-07,Charles Leboucq,"M. le président de la commission d'Travaux publics. Parfaitement. M. Charles Leboucq. La mise à Tordra du jour a été mentionnée, au Compte rendu analytique officiel d'hier soir et au Journal officiel de ce matin."
1909-12-07,Charles Leboucq,"Moi-même, pour m'assurer que l'honorable M. Ceccaldi était prévenu de cette mise à l'ordre du jour, j'ai pris soin de té*léphoner ce matin à son domicile, pour lui faire savoir que l'affaire viendrait au début de la séance."
1909-12-07,Charles Leboucq,"Comme il vous le dit, l'honorable président de la commission a également téléphoné chez M. Ceccaldi. Il nous a été répondu que M. Ceccaldi était absent, et nous avons alors prié son domestique de l'avertir d'urgence là où il savait .devoir le trouver."
1909-12-07,Jaurès,"Ce n'est plus par le Journal Dfficiel que les députés sont prévenus, c'est par le téléphone et par des domestiques !"
1909-12-07,Charles Leboucq,"Monsieur Jaurès, la mise à l'ordre du jour figurait au Journal officiel."
1909-12-07,Jaurès,Au Journal officiel de demain !
1909-12-07,Charles Leboucq,"Mais non, de ce matin."
1909-12-07,Jaurès,"Avec le régime des deux séances, quand nous sommes exacts et tonsciencieux, nous quittons notre domicile avant que le Journal officiel ait pu nous parvenir. 11 serait prudent de laisser au moins quarante-huit heures entre l'inscription à l'ordre du jour et le débat. J'affirme que beaucoup de nos collègues n'auront pu lire le Journal officiel de ce matin que pour la séance de cet après-midi."
1909-12-07,Charles Leboucq,"Vous entendez, monsieur Jaurès..."
1909-12-07,Jaurès,"Ce n'est pas à vous que je cherche querelle, non plus qu'à personne, d'ailleurs. Je fais une remarque d'ordre tout à fait général -"
1909-12-07,Charles Leboucq,"J'entends bien. Je ne vois, pour ma part, aucun inconvénient à ce que les inscriptions à l'ordre du jour soient publiées au Journal officiel quarantehuit heures avant le débat. Mais ce n'est moi qui ai fait le règlement. D'autre part, M. Ceccaldi, qui est venu à la séance de ce matin, a eu le feuilleton entre les mains."
1909-12-07,Charles Leboucq,"Encore une fois, la question n'est pas de mon ressort et si une observation doit être adressée, c'est au bureau qu'elle doit l'être, non au rapporteur de la commission."
1909-12-07,Charles Leboucq,"En ce qui me concerne, je n'entends pas me considérer comme responsable d'autre chose que de ce qui regarde la commission. Or, le rapporteur a fait son devoir. Je suis persuadé que tous mes collègues de la commission, d'accord avec moi, estimeront que je ne pouvais agir autrement,"
1909-12-07,Lebrun,Très bien !
1909-12-07,Charles Leboucq,"M. Ceccaldi, par un effet du hasard que je déplore avec lui, n'a pu être présent lors de la discussion de ce - projet qui l'intéressait; il lui est loisible de reprendre cette affaire, sous la forme qui pourra lui convenir ; mais, encore une fois, nous ne pouvons prendre la responsabilité de son absence momentanée. Nous sommes les premiers à regretter qu'il ne se soit pas trouvé ici lorsque la question a été appelée et surtout qu'il ait eu l'imprudence de ne pas se faire inscrire."
1909-12-07,Paul Doumer,Je regrette d'avoir à retenir un instant l'attention de la Chambre pour cette très petite affaire.
1909-12-07,remiers,je regrette qu'il ne se soit pas trouvé ici lorsque la question a été appelée et surtout qu'il ait eu l'imprudence de ne pas se faire inscrire.
1909-12-07,president,la parole est à m. doumer.
1909-12-07,doumer,"je regrette d'avoir à retenir un instant l'attention de la chambre pour cette très petite affaire.
Je ne veux pas entrer, pas plus que u. ceccaldi, dans la- discussion du fond
même de la question. J'indique seulement qu'il s'agit d'un de ces projets d'intérêt local que notre formalisme administratif, peut-être excessif, prescrit de soumettre aux chambres elles-mêmes, alors qu'en raison de leur caractère local et limité, ils devraient être résolus par les assemblées locales. En tout cas, ces projets suivent une filière bien déterminimée, et qui varie d'ailleurs suivant la qualification de leur objet; s'ils concernent des lignes appelées chemins de fer, ils viennent jusqu'à nous; s'il s'agit de tramways, la solution est du ressort du ministère des travaux publics.
C'est en vertu de ces règles que le projet dont il s'agit, a été examiné par la commission des travaux publics qui a bien voulu m'entendre, ainsi que m. ceccaldi. Un rapport a été déposé et distribué il y a un mois.
J'espérais bieji, messieurs, ne pas avoir à intervenir dans cette affaire d'intérêt local, qui relève particulièrement du gouvernement, puisque c'est lui qui dépose le projet revêtu de son approbation, après avis du conseil d'Etat. Mais j'ai le malheur, comme m. ceccaldi, de faire partie du conseil général de l'Aisne; à ce titre, j'ai reçu des lettres où on me demandait pourquoi le projet n'aboutissait pas. J'ai, tout naturellement, demandé à m. le ministre des travaux publics s'il consentirait à la mise à l'ordre du jour de ce projet à l'une des séances auxquelles il assiste en ce moment pour la discussion de questions qui l'intéressent directement.
L'honorable m. millerand m'a répondu :
« ces séances vont être très occupées; j'accepte néanmoins cette inscription, mais sous réserve qu'il n'y aura pas débat ». J'ai alors simplement demandé au bureau de la chambre s'il y avait des inscriptions sur le projet, et comme il m'a été répondu que personne n'était inscrit, je me suis retourné vers le rapporteur et je lui ai dit : « Il n'y a, paraît-il, personne d'inscrit; m. le ministre des travaux publics consent à la mise à l'ordre du jour du projet; ne pensez-vous pas, dans ces conditions, qu'il y ait lieu de la demander? »
Puis, je ne me suis plus occupé de la question; ce matin, je ne savais même pas si le projet avait été réellement mis à l'ordre du jour de notre séance de ce-soir; j'ai été renseigné en consultant, comme tout le monde pouvait le faire, le petit feuilleton qui nous est distribué avant la séance..( Très bien! très bien!) J'ajoute que, si j'avais pu prévoir une discussion sur le projet, cette mise à l'ordre du jour de ce soir aurait pu me causer quelque inquiétude, car la commission du budget se réunissait àdeux heures. J'ai demandé alors de nouveau s'il y avait des inscriptions; on m'a répondu que non et j'ai continué à participer aux délibérations de la commission du budget et à travailler à la rédaction de mon rapport sur les crédits supplémentaires. (Très bien! très bien!) La procédure suivie me paraît donc des plus normales; le projet a été mis à l'ordre du jour dans les mêmes conditions que tous les projets d'intérêt local; tout s'est passé de la manière la plus régulière et la plus claire, puisque l'inscription du projet avait reçu 1 approbation de la commission des travaux publics et du gouvernement."
1909-12-07,president,la parole est à m. ceccaldi.
1909-12-07,ceccaldi,"messieurs, je ne veux pas à cette heure, vous le pensez bien, abuser de vos instants ; mais je voudrais souligner
une déclaration qui a été faite par m. le rapporteur d'abord et, ensuite, par l'honorable m. doumer.
M. le rapporteur vous a dit qu'effectivement, vendredi, je lui avais fait part de mon désir formel d'intervenir et l'honorable m. doumer ne me démentira pas si j'affirme devant la chambre qu'en des circonstances diverses, alors que nous avons été appelés, l'un et l'autre, à nous expliquer sur cette question, je me suis montré irréductible et j'ai dit : Il faut que la chambre se prononce nettement sur cette façon de procéder ; il faut qu'elle fasse connaître au pays si 'elle veut consentir à ce qu'à l'avenir des modifications soit apportées à un contrat après l'exécution des travaux; car, ne l'oubliez pas, les travaux étaient commencés. Il y avait dans le conseil d'administration de la société concessionnaire des conseillers généraux, et il s'agissait de la minime somme de 2 millions.
Je ne veux pas aborder le fond, mais je tiens à dire à m. le rapporteur que ce n'est pas avec les concierges ou les domestiques qu'on peut trancher une telle question."
1909-12-07,Régnier,travaux publics; M. Régnier ne savait pas que cette inscription avait été faite à l'ordre du jour.
1909-12-07,Leboucq,"Quant à lVi. Leboucq, il aurait dû me prévenir personnellement, puisque j'étais présent à la séance ainsi que lui."
1909-12-07,président,"En tout cas, je fais la Chambre juge du procédé. Il me suffira de l'avoir souligné pour obtenir qu'à l'avenir, sans qu'il soit nécessaire de modifier le règlement, aucun projet ne soit mis en discussion avant que les intéressés aient été avisés de son inscription à l'ordre du jour."
1909-12-07,président,M. le. président. La présidence prévient toujours les membres qui se font* inscrire au bureau. Or le rapport a été distribué le 22 novembre et ce matin encore il n'y avait pas d'inscription.
1909-12-07,Ceccaldi,"On s'inscrit lorsque le projet est mis à l'ordre du jour, mais pas avant."
1909-12-07,président,M. le président. Le Gouvernement a demandé l'inscription de l'interpellation de M. Ceccaldi à la suite des autres.
1909-12-07,président,Il n'y a pas d'opposition?...
1909-12-07,président,Il en est ainsi ordonné.
1909-12-07,Betoulle,"la proposition de loi de M. Betoulle tendant à accorder un congé spécial de deux mois, avec traitement entier, aux institutrices en-couches (sous réserve qu'il n'y ait pas débat)"
1909-12-07,président,"J'ai reçu de M. le ministre des colonies un projet de loi autorisant le gouvernement général de l'Afrique occidentale française, à contracter un emprunt de 14 millions de francs pour la continuation des travaux de construction du chemin de fer de Thiès à Kayes."
1909-12-07,Paul Doumer,J'ai reçu de M. Paul Doumer un rapport fait au nom de la commission du budget sur : 1° Le projet de loi concernant : 10 la régularisation de décrets au titre du budget de l'exercice 1909; 2°4'ouverture et l'annulation de crédits sur l'exercice 1909 au titre du budget général ; 3° l'ouverture de crédits au titre du compte spécial créé par la loi du 17 février 1898;
1909-12-07,Pourteyron,J'ai reçu de MM. Pourteyron et Lachaud une proposition de loi ayant pour but de créer une crèche militaire pour les enfants dont les pères sont sous les drapeaux.
1909-12-07,Georges Erry,J'ai reçu de M. Georges 43erry une proposition de loi tendant a la répression de l'exploitation de l'enfance.
1909-12-07,Raiberti,J'ai reçu de M. Raiberti une proposition de loi sur les primes à l'oléiculture.
1909-12-07,Authier,"demandant à M. le ministre de la guerre pourquoi les sousofficiers du 7e corps se sont vu interdire le droit de faire partie de la société de secours mutuels la Solidarité militaire, alors que cette autorisation est au contraire accordée dans d'autres corps d'armée."
1909-12-07,Jean Grillon,"demandant à M. le président du conseil, ministre de l'intérieur, si, dans l'état actuel de la législation, les affiches des candidats abstentionnistes qui profitent de l'exemption prévue par l'article 2 de la loi du 11 mai 1868 pour inviter les électeurs à ne pas remplir leurs devoirs de citoyens, ne pourraient pas être lacérées et faire l'objet de contraventions pour défaut de timbre."
1909-12-07,Roblin,"signale à M. le ministre de l'intérieur le préjudice causé aux petites communes rurales, qui ont un maigre budget et de lourdes charges, par le retard apporté en 19U8 au payement de la subvention directe et complémentaire de l'Etat prévue à l'article 27 de la loi du 14 juillet 1905 sur l'assistance obligatoire aux vieillards, aux infirmes et aux incurables privés de ressources."
1909-12-07,d'Elissagaray,"demande à M. le président du conseil, ministre de l'intérieur, si un maire a le droit d'obliger un vieillard assisté à faire ses achats chez tel ou tel fournisseur pour les solder ensuite directement avec l'argent de l'assisté, alors que ce dernier exprime le désir formel de toucher personnellement la somme allouée et de l'employer à son gré."
1909-12-07,Roblin,"M. Roblin, député de la Nièvre, a déposé sur le bureau de la Chambre des pétitions signées de deux huissiers de l'arrondissement de Nevers."
1909-12-07,du Halgouet,"M. le lieutenant-colonel 'du Halgouet, député d'Ille-et-Vilaine, a déposé des pétitions signées de six huissiers de l'arrondissement de Redon."
1909-12-07,Rabier,"M. Fernand Rabier, député du Loiret, a déposé des pétitions signées de dix huissiers de l'arrondissement d'Orléans."
1909-12-07,Bussat,"M. Bussat, député de la Seine, a déposé une pétition de M. Antoine Roussière, domicilié 15, rue Doudeauville, à Paris."
1909-12-07,Lauraine,"M. Lauraine, député de la Charente-Inférieure, a déposé vingt-deux pétitions revêtues d'un grand nombre de signatures de viticulteurs charentais."
1909-12-07,Emile-Favre,"M. Emile-Favre, député de la Haute-Savoie, a déposé des pétitions signées par trois huissiers de l'arrondissement de Bonneville."
1909-12-07,Raoul Méquillet,"M. Raoul Méquillet, député de Meurthe-etMoselle, a déposé des pétitions signées par huit huissiers de l'arrondissement de Lunéville."
1909-12-07,Rudelle,"M. Rudelle, député de Seine-et-Oise, a déposé des pétitions signées par trois huissiers de l'arrondissement de Versailles."
1909-12-07,Vallée,"M. Vallée, député du Pas-de-Calais, a déposé des pétitions signées par quatrs huissiers de l'arrondissement de Saint-Pol."
1909-12-07,Guilloteaux,"M. Guilloteaux, député du Morbihan, a déposé des pétitions signées par quatre huissiers de l'arrondissement de Lorient."
1909-12-07,Sibille,"M. Maurice Sibille, député de la LoireInférieure, a déposé des pétitions signées par six huissiers de l'arrondissement de Nantes."
1909-12-07,Pasqual,"M. Pasqual, député du Nord, a déposé des pétitions signées par neuf huissiers de l'arrondissement d'Avesnes."
1909-12-07,Bonnevay,"M. Bonnevay, député du _Rhône, a déposé des pétitions signées par'six huissiers de l'arrondissement de Villefranche."
1909-12-07,le baron de Boissieu,"M. le baron de Boissieu, député du Morbihan, a déposé des pétitions signées par deux huissiers de l'arrondissement de Pontivy."
1909-12-07,de Gailhard-Bancel,"M. de Gailhard-Bancel, député de l'Ardèche, a déposé des pétitions signées de quatre huissiers de l'arrondissement de Tournon."
1909-12-07,Paul Lebaudy,"M. Paul Lebaudy,député de Seine-et-Oise, a déposé des pétitions signées de cinq huissiers de l'arrondissement de Mantes."
1909-12-07,Armez,"M. Armez, député des Côtes-du-Nord, a déposé des pétitions signées de cinq huissiers de l'arrondissement de Saint-Brieuc."
1909-12-07,Bouffandeau,"M. Bouffandeau, député de l'Oise, a déposé , des pétitions signées de huit huissiers de l'arrondissement de Beauvais."
